Title,Type1,Volum,Location,Date_mfg,NameHost,Track,When,Who,Mail,Status,DetailStatus,Note,Modified,Modified By
40G11FEX6201,BF2000,15 ปอนด์,ป้อมรักษาการณ์ประตู ต.1,1/1/2017,สภต.,TRUE,8/23/2024 11:35 AM,วิสายัญ จันทร์คง,WisayanC@bot.or.th,ปกติ,,,8/6/2026 7:46,Amnuay Tongmit (อำนวย ต้องมิตร)
40G11FEX6902,Dry che,15 ปอนด์,ป้อมรักษาการณ์ประตู ต.1,1/1/2026,สภต.,TRUE,8/23/2024 11:37 AM,วิสายัญ จันทร์คง,WisayanC@bot.or.th,ปกติ,,,8/6/2026 7:48,Amnuay Tongmit (อำนวย ต้องมิตร)
40G21FEX6201,Dry che,15 ปอนด์,โป้อมรักษาการณ์ประตู ต.2,1/1/2022,สภต.,TRUE,8/23/2024 11:36 AM,วิสายัญ จันทร์คง,WisayanC@bot.or.th,ปกติ,,,8/6/2026 7:51,Amnuay Tongmit (อำนวย ต้องมิตร)
40G21FEX6202,BF2000,10 ปอนด์,ป้อมรักษาการณ์ประตู ต.2,1/1/2022,สภต.,TRUE,8/25/2024 5:57 AM,วิสายัญ จันทร์คง,WisayanC@bot.or.th,ปกติ,,,8/6/2026 7:52,Amnuay Tongmit (อำนวย ต้องมิตร)
40AA1FEX6201,Dry che,15 ปอนด์,หน้าห้องเก็บวัสดุ (ห้อง Generator เก่า),1/1/2017,สภต.,TRUE,8/25/2024 5:56 AM,วิสายัญ จันทร์คง,WisayanC@bot.or.th,ปกติ,,,8/6/2026 7:54,Amnuay Tongmit (อำนวย ต้องมิตร)
40AA1FEX6902,BF2000,15 ปอนด์,หน้าห้องเก็บวัสดุ (ห้อง Generator เก่า),1/1/2026,สภต.,TRUE,8/23/2024 11:22 AM,วิสายัญ จันทร์คง,WisayanC@bot.or.th,ปกติ,,,8/6/2026 7:55,Amnuay Tongmit (อำนวย ต้องมิตร)
40AA1FEX6903,Dry che,15 ปอนด์,หน้าห้องเก็บวัสดุ (ห้อง Generator เก่า),1/1/2026,สภต.,TRUE,8/23/2024 11:41 AM,วิสายัญ จันทร์คง,WisayanC@bot.or.th,ปกติ,,,8/6/2026 7:56,Amnuay Tongmit (อำนวย ต้องมิตร)
40AA1FEX6204,Dry che,15 ปอนด์,หลังห้องเก็บวัสดุ ข้างเครื่องปั๊มน้ำ สภต.,1/1/2025,สภต.,TRUE,8/25/2024 6:02 AM,วิสายัญ จันทร์คง,WisayanC@bot.or.th,ปกติ,,,8/6/2026 7:58,Amnuay Tongmit (อำนวย ต้องมิตร)
40AA1FEX6205,Dry che,15 ปอนด์,บ้านพักเรือนแถว ที่พักคนสวน,1/1/2017,สภต.,TRUE,8/23/2024 11:40 AM,วิสายัญ จันทร์คง,WisayanC@bot.or.th,ปกติ,,,8/6/2026 7:59,Amnuay Tongmit (อำนวย ต้องมิตร)
40AA1FEX6806,Dry che,15 ปอนด์,บ้านพักเรือนแถว หน้าห้องเก็บพัสดุ,1/1/2025,สภต.,TRUE,8/23/2024 11:39 AM,วิสายัญ จันทร์คง,WisayanC@bot.or.th,ปกติ,,,8/6/2026 8:01,Amnuay Tongmit (อำนวย ต้องมิตร)
40HF1FEX6001,BF2000,10 ปอนด์,บ้านพักรับรอง สภต. 1,1/1/2017,สภต.,TRUE,8/23/2024 11:39 AM,วิสายัญ จันทร์คง,WisayanC@bot.or.th,ปกติ,,,8/6/2026 8:01,Amnuay Tongmit (อำนวย ต้องมิตร)
40HF1FEX6902,Dry che,15 ปอนด์,บ้านพักรับรอง สภต. 1,1/1/2026,สภต.,TRUE,8/23/2024 11:33 AM,วิสายัญ จันทร์คง,WisayanC@bot.or.th,ปกติ,,,8/6/2026 8:03,Amnuay Tongmit (อำนวย ต้องมิตร)
40HF2FEX6003,BF2000,10 ปอนด์,บ้านพักรับรอง สภต. 2,4/7/2017,สภต.,TRUE,8/23/2024 11:51 AM,วิสายัญ จันทร์คง,WisayanC@bot.or.th,ปกติ,,,8/6/2026 8:04,Amnuay Tongmit (อำนวย ต้องมิตร)
40HF2FEX6904,Dry che,15 ปอนด์,บ้านพักรับรอง สภต. 2,9/1/2026,สภต.,TRUE,8/22/2024 2:04 PM,วิสายัญ จันทร์คง,WisayanC@bot.or.th,ปกติ,,,8/6/2026 8:05,Amnuay Tongmit (อำนวย ต้องมิตร)
40SE1FEX6501,CO2,10 ปอนด์,ห้องควบคุมงาน รปภ. สภต.,4/1/2022,สภต.,TRUE,8/23/2024 11:32 AM,วิสายัญ จันทร์คง,WisayanC@bot.or.th,ปกติ,,,8/6/2026 8:07,Amnuay Tongmit (อำนวย ต้องมิตร)
40SE1FEX6202,BF2000,15 ปอนด์,ห้องควบคุมงาน รปภ. สภต. ,1/1/2019,สภต.,TRUE,8/25/2024 6:12 AM,วิสายัญ จันทร์คง,WisayanC@bot.or.th,ปกติ,,,8/6/2026 8:08,Amnuay Tongmit (อำนวย ต้องมิตร)
40SE1FEX6203,BF2000,15 ปอนด์,ห้องควบคุมงาน รปภ. สภต. ,1/1/2019,สภต.,TRUE,8/23/2024 11:19 AM,วิสายัญ จันทร์คง,WisayanC@bot.or.th,ปกติ,,,8/6/2026 8:09,Amnuay Tongmit (อำนวย ต้องมิตร)
40SE1FEX6204,BF2000,15 ปอนด์,ห้องควบคุมงาน รปภ. สภต. ,1/1/2019,สภต.,TRUE,8/23/2024 11:53 AM,วิสายัญ จันทร์คง,WisayanC@bot.or.th,ปกติ,,,8/6/2026 8:11,Amnuay Tongmit (อำนวย ต้องมิตร)
40SE1FEX6805,Dry che,15 ปอนด์,ห้องควบคุมงาน รปภ. สภต.,1/1/2025,สภต.,TRUE,8/23/2024 11:29 AM,วิสายัญ จันทร์คง,WisayanC@bot.or.th,ปกติ,,,8/6/2026 8:13,Amnuay Tongmit (อำนวย ต้องมิตร)
40SE1FEX6806,Dry che,15 ปอนด์,ห้องควบคุมงาน รปภ. สภต. ,1/1/2025,สภต.,TRUE,8/22/2024 2:04 PM,วิสายัญ จันทร์คง,WisayanC@bot.or.th,ปกติ,,,8/6/2026 8:15,Amnuay Tongmit (อำนวย ต้องมิตร)
40SE1FEX6007,Dry che,15 ปอนด์,ห้องควบคุมงาน รปภ. สภต. ,1/1/2017,สภต.,TRUE,8/22/2024 8:58 PM,วิสายัญ จันทร์คง,WisayanC@bot.or.th,ปกติ,,,8/6/2026 8:16,Amnuay Tongmit (อำนวย ต้องมิตร)
40SE1FEX6008,Dry che,15 ปอนด์,ห้องควบคุมงาน รปภ. สภต. ,1/1/2017,สภต.,TRUE,8/23/2024 11:51 AM,วิสายัญ จันทร์คง,WisayanC@bot.or.th,ปกติ,,,8/6/2026 8:17,Amnuay Tongmit (อำนวย ต้องมิตร)
40B11FEX6801,BF2000,15 ปอนด์,ทางขึ้นบันได หน้าห้องประชุมศรีปักษ์ใต้ ,1/1/2025,สภต.,TRUE,8/25/2024 6:31 AM,วิสายัญ จันทร์คง,WisayanC@bot.or.th,ปกติ,,,8/6/2026 8:19,Amnuay Tongmit (อำนวย ต้องมิตร)
40B11FEX6802,BF2000,15 ปอนด์,ทางขึ้นบันได หน้าห้องประชุมศรีปักษ์ใต้ ,1/1/2025,สภต.,TRUE,8/23/2024 11:45 AM,วิสายัญ จันทร์คง,WisayanC@bot.or.th,ปกติ,,,8/6/2026 8:20,Amnuay Tongmit (อำนวย ต้องมิตร)
40B11FEX6803,BF2000,15 ปอนด์,ข้างบันไดทาง หน้าลิฟต์,1/1/2025,สภต.,TRUE,8/22/2024 8:58 PM,วิสายัญ จันทร์คง,WisayanC@bot.or.th,ปกติ,,,8/6/2026 8:21,Amnuay Tongmit (อำนวย ต้องมิตร)
40B11FEX6804,BF2000,15 ปอนด์,ข้างบันไดทาง หน้าลิฟต์,1/1/2025,สภต.,TRUE,8/22/2024 9:08 PM,วิสายัญ จันทร์คง,WisayanC@bot.or.th,ปกติ,,,8/6/2026 8:22,Amnuay Tongmit (อำนวย ต้องมิตร)
40B11FEX6405,Dry che,10 ปอนด์,ในตู้ Fire Hose หน้าห้อง ฝรภ.,1/1/2022,สภต.,TRUE,8/28/2024 12:58 PM,วิสายัญ จันทร์คง,WisayanC@bot.or.th,ปกติ,,,8/6/2026 8:23,Amnuay Tongmit (อำนวย ต้องมิตร)
40B11FEX6406,Dry che,10 ปอนด์,ในตู้ Fire Hose หน้าห้องอาหาร,1/1/2022,สภต.,TRUE,8/28/2024 1:02 PM,วิสายัญ จันทร์คง,WisayanC@bot.or.th,ปกติ,,,8/6/2026 8:24,Amnuay Tongmit (อำนวย ต้องมิตร)
40B11FEX6207,Softex,10 ปอนด์,ในห้องอาหาร,1/1/2019,สภต.,TRUE,8/22/2024 3:34 PM,วิสายัญ จันทร์คง,WisayanC@bot.or.th,ปกติ,,ชนิดน้ำ 6 ลิตร,8/6/2026 8:26,Amnuay Tongmit (อำนวย ต้องมิตร)
40B12FEX6801,BF2000,15 ปอนด์,ในตู้ Fire Hose หน้าห้อง วศง.,1/1/2025,สภต.,TRUE,8/22/2024 3:39 PM,วิสายัญ จันทร์คง,WisayanC@bot.or.th,ปกติ,,,8/7/2026 13:25,Amnuay Tongmit (อำนวย ต้องมิตร)
40B12FEX6402,Dry che,10 ปอนด์,ในตู้ Fire Hose หน้าห้อง วศง.,1/1/2022,สภต.,TRUE,8/22/2024 3:36 PM,วิสายัญ จันทร์คง,WisayanC@bot.or.th,ปกติ,,,8/7/2026 13:26,Amnuay Tongmit (อำนวย ต้องมิตร)
40B12FEX6803,BF2000,15 ปอนด์,ในตู้ Fire Hose หน้าห้อง 1213,1/1/2025,สภต.,TRUE,8/22/2024 3:34 PM,วิสายัญ จันทร์คง,WisayanC@bot.or.th,ปกติ,,,8/7/2026 13:27,Amnuay Tongmit (อำนวย ต้องมิตร)
40B12FEX6404,Dry che,10 ปอนด์,ในตู้ Fire Hose หน้าห้อง 1213,1/1/2022,สภต.,TRUE,8/22/2024 3:38 PM,วิสายัญ จันทร์คง,WisayanC@bot.or.th,ปกติ,,,8/7/2026 13:28,Amnuay Tongmit (อำนวย ต้องมิตร)
40B12FEX6805,BF2000,15 ปอนด์,หน้าห้อง Pantry วศง. ทิศใต้,1/1/2025,สภต.,TRUE,8/22/2024 3:32 PM,วิสายัญ จันทร์คง,WisayanC@bot.or.th,ปกติ,,,8/7/2026 13:29,Amnuay Tongmit (อำนวย ต้องมิตร)
40B12FEX6806,BF2000,15 ปอนด์,หน้าห้อง Pantry วศง. ทิศเหนือ,1/1/2025,สภต.,TRUE,8/23/2024 11:55 AM,วิสายัญ จันทร์คง,WisayanC@bot.or.th,ปกติ,,,8/7/2026 13:30,Amnuay Tongmit (อำนวย ต้องมิตร)
41B01FEX1007,BF2000,15 ปอนด์,ห้องนับคัด,1/1/2019,ศหญ.,TRUE,5/21/2024 8:31 AM,เลิศพงษ์ วงษ์บุตรดี,LeartphW@bot.or.th,ปกติ,,,12/19/2025 3:52 PM,Rohman Hanirae (เร๊าะมัน หะนิแร)
41B01FEX1010,BF2000,15 ปอนด์,ห้องนับคัด,1/1/2019,ศหญ.,TRUE,5/21/2024 8:31 AM,เลิศพงษ์ วงษ์บุตรดี,LeartphW@bot.or.th,ปกติ,,,12/19/2025 3:52 PM,Rohman Hanirae (เร๊าะมัน หะนิแร)
41B01FEX1012,Softex,10 ปอนด์,ทางเดินหน้าห้องทำลาย,1/1/2004,ศหญ.,TRUE,5/21/2024 8:32 AM,เลิศพงษ์ วงษ์บุตรดี,LeartphW@bot.or.th,ปกติ,,,12/19/2025 3:53 PM,Rohman Hanirae (เร๊าะมัน หะนิแร)
41B01FEX1014,BF2000,15 ปอนด์,ภายในห้องทำลาย,1/1/2020,ศหญ.,TRUE,5/21/2024 8:32 AM,เลิศพงษ์ วงษ์บุตรดี,LeartphW@bot.or.th,ปกติ,,,12/19/2025 3:53 PM,Rohman Hanirae (เร๊าะมัน หะนิแร)
41B01FEX1019,BF2000,15 ปอนด์,ภายในห้องช่าง,1/1/2019,ศหญ.,TRUE,5/21/2024 8:33 AM,เลิศพงษ์ วงษ์บุตรดี,LeartphW@bot.or.th,ปกติ,,,12/19/2025 3:53 PM,Rohman Hanirae (เร๊าะมัน หะนิแร)
41B01FEX1020,BF2000,15 ปอนด์,โถงหน้าห้องมั่นคง,1/1/2019,ศหญ.,TRUE,5/21/2024 8:33 AM,เลิศพงษ์ วงษ์บุตรดี,LeartphW@bot.or.th,ปกติ,,,12/19/2025 3:53 PM,Rohman Hanirae (เร๊าะมัน หะนิแร)
41B01FEX1022,BF2000,10 ปอนด์,ประตูเหล็กโถงหน้าห้องรับจ่าย,1/1/2011,ศหญ.,TRUE,5/21/2024 8:33 AM,เลิศพงษ์ วงษ์บุตรดี,LeartphW@bot.or.th,ปกติ,,,12/19/2025 3:53 PM,Rohman Hanirae (เร๊าะมัน หะนิแร)
41B01FEX1024,Softex,10 ปอนด์,โถงหน้าห้องรับจ่าย,1/1/2004,ศหญ.,TRUE,5/21/2024 8:43 AM,เลิศพงษ์ วงษ์บุตรดี,LeartphW@bot.or.th,ปกติ,,,12/19/2025 3:53 PM,Rohman Hanirae (เร๊าะมัน หะนิแร)
41B01FEX1031,Softex,10 ปอนด์,ทางขึ้นห้องเครื่อง,1/1/2006,ศหญ.,TRUE,5/21/2024 8:43 AM,เลิศพงษ์ วงษ์บุตรดี,LeartphW@bot.or.th,ปกติ,,,12/19/2025 3:53 PM,Rohman Hanirae (เร๊าะมัน หะนิแร)
41B01FEX2002,Softex,10 ปอนด์,ห้องควบคุมงานรักษาความปลอดภัย ศหญ.,1/1/2006,ศหญ.,TRUE,5/21/2024 8:45 AM,เลิศพงษ์ วงษ์บุตรดี,LeartphW@bot.or.th,ปกติ,,,12/19/2025 3:53 PM,Rohman Hanirae (เร๊าะมัน หะนิแร)
41B01FEX2007,Softex,10 ปอนด์,ทางเดินหน้าห้องธุรการ,1/1/2006,ศหญ.,TRUE,5/21/2024 8:47 AM,เลิศพงษ์ วงษ์บุตรดี,LeartphW@bot.or.th,ปกติ,,,12/19/2025 3:53 PM,Rohman Hanirae (เร๊าะมัน หะนิแร)
41B01FEX2009,Softex,10 ปอนด์,ภายในห้องธุรการ,1/1/2006,ศหญ.,TRUE,5/21/2024 8:48 AM,เลิศพงษ์ วงษ์บุตรดี,LeartphW@bot.or.th,ปกติ,,,12/19/2025 3:53 PM,Rohman Hanirae (เร๊าะมัน หะนิแร)
41B01FEX2011,Softex,10 ปอนด์,ห้องเก็บเอกสาร,1/1/2006,ศหญ.,TRUE,5/21/2024 8:48 AM,เลิศพงษ์ วงษ์บุตรดี,LeartphW@bot.or.th,ปกติ,,,12/19/2025 3:53 PM,Rohman Hanirae (เร๊าะมัน หะนิแร)
41B02FEX1002,BF2000,15 ปอนด์,ภายในป้อมรักษาการณ์ รปภ. G1,1/1/2019,ศหญ.,TRUE,5/21/2024 8:49 AM,เลิศพงษ์ วงษ์บุตรดี,LeartphW@bot.or.th,ปกติ,,,12/19/2025 3:53 PM,Rohman Hanirae (เร๊าะมัน หะนิแร)
40B12FEX6807,BF2000,15 ปอนด์,หน้าห้อง Studio หน้าห้องละหมาด,1/1/2025,สภต.,TRUE,8/25/2024 6:04 AM,วิสายัญ จันทร์คง,WisayanC@bot.or.th,ปกติ,,,8/7/2026 13:31,Amnuay Tongmit (อำนวย ต้องมิตร)
40B20FEX6801,BF2000,15 ปอนด์,ห้องเครื่องปั๊มน้ำชั้นใต้ดิน อาคาร B2 ,1/1/2025,สภต.,TRUE,8/23/2024 11:56 AM,วิสายัญ จันทร์คง,WisayanC@bot.or.th,ปกติ,,,8/7/2026 13:32,Amnuay Tongmit (อำนวย ต้องมิตร)
40B20FEX6902,Dry che,15 ปอนด์,ห้องเครื่องปั๊มน้ำชั้นใต้ดิน อาคาร B2 ,1/1/2026,สภต.,TRUE,8/23/2024 11:50 AM,วิสายัญ จันทร์คง,WisayanC@bot.or.th,ปกติ,,,8/7/2026 13:32,Amnuay Tongmit (อำนวย ต้องมิตร)
40B21FEX6501,CO2,10 ปอนด์,ในห้องปั้มน้ำ อาคาร B2 ,1/1/2022,สภต.,TRUE,8/23/2024 11:49 AM,วิสายัญ จันทร์คง,WisayanC@bot.or.th,ปกติ,,,8/7/2026 13:34,Amnuay Tongmit (อำนวย ต้องมิตร)
40B21FEX6902,Dry che,15 ปอนด์,หน้าห้องปั้มน้ำ อาคาร B2 ,1/1/2026,สภต.,TRUE,8/23/2024 11:48 AM,วิสายัญ จันทร์คง,WisayanC@bot.or.th,ปกติ,,,8/7/2026 13:35,Amnuay Tongmit (อำนวย ต้องมิตร)
40B21FEX6502,CO2,10 ปอนด์,ในห้องสื่อสาร อาคาร B2 ,1/1/2022,สภต.,TRUE,8/23/2024 11:48 AM,วิสายัญ จันทร์คง,WisayanC@bot.or.th,ปกติ,,,8/7/2026 13:36,Amnuay Tongmit (อำนวย ต้องมิตร)
40B21FEX6503,CO2,10 ปอนด์,ในห้องควบคุมระบบวิศวกรรม อาคาร B2 ,1/1/2022,สภต.,TRUE,8/23/2024 11:24 AM,วิสายัญ จันทร์คง,WisayanC@bot.or.th,ไม่ปกติ,สารเคมีจับตัวแข็ง,,8/7/2026 13:36,Amnuay Tongmit (อำนวย ต้องมิตร)
40B22FEX6501,CO2,10 ปอนด์,ห้องเครื่องกำเนิดไฟฟ้า อาคาร B2 ,1/1/2022,สภต.,TRUE,8/23/2024 11:43 AM,วิสายัญ จันทร์คง,WisayanC@bot.or.th,ปกติ,,,8/7/2026 13:37,Amnuay Tongmit (อำนวย ต้องมิตร)
40B22FEX6502,CO2,10 ปอนด์,ห้องระบบไฟฟ้าสำรอง (UPS) อาคาร B2 ,1/1/2022,สภต.,TRUE,8/23/2024 11:22 AM,วิสายัญ จันทร์คง,WisayanC@bot.or.th,ปกติ,,,8/7/2026 13:38,Amnuay Tongmit (อำนวย ต้องมิตร)
40B22FEX6903,BF2000,15 ปอนด์,ห้องระบบไฟฟ้าสำรอง (UPS) อาคาร B2 ,4/1/2026,สภต.,TRUE,8/23/2024 11:39 AM,วิสายัญ จันทร์คง,WisayanC@bot.or.th,ปกติ,,,8/7/2026 13:39,Amnuay Tongmit (อำนวย ต้องมิตร)
40B22FEX6504,CO2,10 ปอนด์,ห้องควบคุมระบบไฟฟ้า (Transformer) อาคาร B2 ,1/1/2022,สภต.,TRUE,8/23/2024 11:46 AM,วิสายัญ จันทร์คง,WisayanC@bot.or.th,ปกติ,,,8/7/2026 13:40,Amnuay Tongmit (อำนวย ต้องมิตร)
40B22FEX6805,Dry che,50 ปอนด์,หน้าห้องเครื่องกำเนิดไฟฟ้า อาคาร B2 ,1/1/2025,สภต.,TRUE,8/23/2024 11:31 AM,วิสายัญ จันทร์คง,WisayanC@bot.or.th,ปกติ,,,8/7/2026 13:41,Amnuay Tongmit (อำนวย ต้องมิตร)
40B13FEX6501,Dry che,10 ปอนด์,ในตู้ Fire Hose ข้างประตูทางออกดาดฟ้า อาคาร B1,1/1/2022,สภต.,TRUE,8/25/2024 6:19 AM,วิสายัญ จันทร์คง,WisayanC@bot.or.th,ปกติ,,,8/7/2026 13:42,Amnuay Tongmit (อำนวย ต้องมิตร)
40B13FEX6502,Dry che,10 ปอนด์,ในตู้ Fire Hose ระบบปรับอากาศดาดฟ้า อาคาร B1,1/1/2022,สภต.,TRUE,8/25/2024 6:13 AM,วิสายัญ จันทร์คง,WisayanC@bot.or.th,ปกติ,,,8/7/2026 13:43,Amnuay Tongmit (อำนวย ต้องมิตร)
40G31FEX6801,Dry che,15 ปอนด์,ป้อมรักษาการณ์ประตู ต.3,1/1/2025,สภต.,TRUE,8/25/2024 6:22 AM,วิสายัญ จันทร์คง,WisayanC@bot.or.th,ปกติ,,,8/7/2026 13:45,Amnuay Tongmit (อำนวย ต้องมิตร)
40G31FEX6902,Dry che,15 ปอนด์,ป้อมรักษาการณ์ประตู ต.3,1/1/2026,สภต.,TRUE,8/25/2024 6:28 AM,วิสายัญ จันทร์คง,WisayanC@bot.or.th,ปกติ,,,8/7/2026 13:46,Amnuay Tongmit (อำนวย ต้องมิตร)
40G41FEX6001,Dry che,15 ปอนด์,ป้อมรักษาการณ์ประตู ต.4,1/1/2017,สภต.,TRUE,8/25/2024 6:08 AM,วิสายัญ จันทร์คง,WisayanC@bot.or.th,ปกติ,,,8/7/2026 13:47,Amnuay Tongmit (อำนวย ต้องมิตร)
40CC1FEX6901,Dry che,15 ปอนด์,ภายในโถงสโมสร ชั้น 1,1/1/2026,สภต.,TRUE,8/25/2024 6:25 AM,วิสายัญ จันทร์คง,WisayanC@bot.or.th,ปกติ,,,8/7/2026 13:48,Amnuay Tongmit (อำนวย ต้องมิตร)
40CC1FEX6902,Dry che,15 ปอนด์,ภายนอกโถงสโมสร ชั้น 1,1/1/2026,สภต.,TRUE,8/22/2024 2:01 PM,วิสายัญ จันทร์คง,WisayanC@bot.or.th,ปกติ,,,8/7/2026 13:49,Amnuay Tongmit (อำนวย ต้องมิตร)
40CC1FEX6003,BF2000,10 ปอนด์,ห้อง Sever สโมสร ชั้น 1 (ห้องควบคุม งาน รปภ. สภต. เดิม),1/1/2017,สภต.,TRUE,8/23/2024 11:30 AM,วิสายัญ จันทร์คง,WisayanC@bot.or.th,ปกติ,,,8/7/2026 13:50,Amnuay Tongmit (อำนวย ต้องมิตร)
40CC1FEX6004,BF2000,10 ปอนด์,ห้อง Sever สโมสร ชั้น 1 (ห้องควบคุม งาน รปภ. สภต. เดิม),1/1/2017,สภต.,TRUE,8/22/2024 2:07 PM,วิสายัญ จันทร์คง,WisayanC@bot.or.th,ปกติ,,,8/7/2026 13:51,Amnuay Tongmit (อำนวย ต้องมิตร)
40CC2FEX6001,BF2000,10 ปอนด์,ห้อง Sever สโมสร ชั้น 2,1/1/2017,สภต.,TRUE,8/22/2024 2:07 PM,วิสายัญ จันทร์คง,WisayanC@bot.or.th,ปกติ,,,8/7/2026 13:52,Amnuay Tongmit (อำนวย ต้องมิตร)
40CC2FEX6002,BF2000,10 ปอนด์,ห้อง Sever สโมสร ชั้น 2,1/1/2017,สภต.,TRUE,8/22/2024 9:11 PM,วิสายัญ จันทร์คง,WisayanC@bot.or.th,ปกติ,,,8/7/2026 13:53,Amnuay Tongmit (อำนวย ต้องมิตร)
40EE1FEX6001,Dry che,15 ปอนด์,ข้างบันไดทางขึ้น อาคารการกำลัง,10/1/2017,สภต.,TRUE,8/25/2024 6:32 AM,วิสายัญ จันทร์คง,WisayanC@bot.or.th,ปกติ,,,8/7/2026 13:54,Amnuay Tongmit (อำนวย ต้องมิตร)
31B11FEX6801,CO2,10 ปอนด์,ห้องทำลาย  เก็บเศษ,1/1/2025,ศขก.,TRUE,1/27/2023 4:36 PM,นิพนธ์ อนุประเสริฐ,NiponA@bot.or.th,ปกติ,,,10/21/2025 11:19 PM,Athibordee Hongchumpae (อธิบดี หงษ์ชุมแพ)
32B11FEX6801,CO2,10 ปอนด์,หน้าห้องควบคุมงานรปภ.CCC.NR,1/1/2025,ศนร.,TRUE,8/29/2022 1:36 PM,เอกลักษณ์ จันทะวงษ์,EKKALAKJ@bot.or.th,ปกติ,,,12/19/2025 3:54 PM,Rohman Hanirae (เร๊าะมัน หะนิแร)
32B11FEX6802,CO2,10 ปอนด์,ห้องควบคุมงานรปภ.CCC.NR,1/1/2025,ศนร.,TRUE,8/29/2022 1:35 PM,เอกลักษณ์ จันทะวงษ์,EKKALAKJ@bot.or.th,ปกติ,,,12/19/2025 3:54 PM,Rohman Hanirae (เร๊าะมัน หะนิแร)
32B11FEX6803,CO2,10 ปอนด์,ห้องธุรการ ธปท.,1/1/2025,ศนร.,TRUE,8/29/2022 1:34 PM,เอกลักษณ์ จันทะวงษ์,EKKALAKJ@bot.or.th,ปกติ,,,12/19/2025 3:54 PM,Rohman Hanirae (เร๊าะมัน หะนิแร)
32B11FEX6804,CO2,10 ปอนด์,หน้าห้องนับคัดธนบัตร,1/1/2025,ศนร.,TRUE,8/29/2022 1:34 PM,เอกลักษณ์ จันทะวงษ์,EKKALAKJ@bot.or.th,ปกติ,,,12/19/2025 3:54 PM,Rohman Hanirae (เร๊าะมัน หะนิแร)
32B11FEX6805,CO2,10 ปอนด์,ภายในห้องนับคัดธนบัตร,1/1/2025,ศนร.,TRUE,8/29/2022 1:34 PM,เอกลักษณ์ จันทะวงษ์,EKKALAKJ@bot.or.th,ปกติ,,,12/19/2025 3:54 PM,Rohman Hanirae (เร๊าะมัน หะนิแร)
32B11FEX6806,CO2,10 ปอนด์,หน้าห้องเครื่องทำลายธนบัตร,1/1/2025,ศนร.,TRUE,8/29/2022 1:34 PM,เอกลักษณ์ จันทะวงษ์,EKKALAKJ@bot.or.th,ปกติ,,,12/19/2025 3:54 PM,Rohman Hanirae (เร๊าะมัน หะนิแร)
32B01FEX1007,CO2,10 ปอนด์,หน้าห้องรับ-จ่าย1,1/1/2025,ศนร.,TRUE,8/29/2022 1:31 PM,เอกลักษณ์ จันทะวงษ์,EKKALAKJ@bot.or.th,ปกติ,,,12/19/2025 3:54 PM,Rohman Hanirae (เร๊าะมัน หะนิแร)
32B04FEX1008,CO2,10 ปอนด์,หน้าห้องรับ-จ่าย2,1/1/2025,ศนร.,TRUE,8/29/2022 1:32 PM,เอกลักษณ์ จันทะวงษ์,EKKALAKJ@bot.or.th,ปกติ,,,12/19/2025 3:54 PM,Rohman Hanirae (เร๊าะมัน หะนิแร)
42B02FEX1001,CO2,10 ปอนด์,ในตู้หน้าห้องน้ำ อาคาร B2,11/15/2004,ศสร.,TRUE,5/28/2024 3:57 PM,พงษ์ชัย ถิรเบญญานุกุล,PongchaT@bot.or.th,จำหน่าย,,,10/24/2025 11:28 AM,Natthaphon Piyarajasakul (ณัฏฐพล ปิยะราษฏร์สกุล)
32B11FEX6809,ABFFC,10 ปอนด์,โถงหน้าห้องมั่นคง 1 ธปท.,1/1/2025,ศนร.,TRUE,8/29/2022 1:30 PM,เอกลักษณ์ จันทะวงษ์,EKKALAKJ@bot.or.th,ปกติ,,,12/19/2025 3:54 PM,Rohman Hanirae (เร๊าะมัน หะนิแร)
32B01FEX1010,ABFFC,10 ปอนด์,โถงห้องมั่นคง 2 CCC.,1/1/2025,ศนร.,TRUE,8/29/2022 1:29 PM,เอกลักษณ์ จันทะวงษ์,EKKALAKJ@bot.or.th,ปกติ,,,12/19/2025 3:54 PM,Rohman Hanirae (เร๊าะมัน หะนิแร)
32B01FEX1011,CO2,10 ปอนด์,หน้าห้องน้ำทางเดินห้องสันทนาการ ธปท.,1/1/2025,ศนร.,TRUE,8/29/2022 1:29 PM,เอกลักษณ์ จันทะวงษ์,EKKALAKJ@bot.or.th,ปกติ,,,12/19/2025 3:55 PM,Rohman Hanirae (เร๊าะมัน หะนิแร)
32B11FEX6812,ABFFC,10 ปอนด์,ผนังชานขนถ่ายธนบัตร1,1/1/2025,ศนร.,TRUE,8/29/2022 1:28 PM,เอกลักษณ์ จันทะวงษ์,EKKALAKJ@bot.or.th,ปกติ,,,12/19/2025 3:55 PM,Rohman Hanirae (เร๊าะมัน หะนิแร)
32B01FEX1013,ABFFC,10 ปอนด์,ผนังชานขนถ่ายธนบัตร 2,1/1/2025,ศนร.,TRUE,8/29/2022 1:28 PM,เอกลักษณ์ จันทะวงษ์,EKKALAKJ@bot.or.th,ปกติ,,,12/19/2025 3:55 PM,Rohman Hanirae (เร๊าะมัน หะนิแร)
32B11FEX6814,CO2,10 ปอนด์,หน้าห้องน้ำทางเดินห้องสันทนาการ ธปท.,1/1/2025,ศนร.,TRUE,8/29/2022 1:28 PM,เอกลักษณ์ จันทะวงษ์,EKKALAKJ@bot.or.th,ปกติ,,,12/19/2025 3:55 PM,Rohman Hanirae (เร๊าะมัน หะนิแร)
32B11FEX6815,CO2,10 ปอนด์,ข้างผนังทางเดินห้องสันทนาการ ธปท.,1/1/2025,ศนร.,TRUE,8/29/2022 1:27 PM,เอกลักษณ์ จันทะวงษ์,EKKALAKJ@bot.or.th,ปกติ,,,12/19/2025 3:55 PM,Rohman Hanirae (เร๊าะมัน หะนิแร)
32B11FEX6816,CO2,10 ปอนด์,ภายในห้องปั้มน้ำ ด้านประตู G6,1/1/2025,ศนร.,TRUE,8/29/2022 1:27 PM,เอกลักษณ์ จันทะวงษ์,EKKALAKJ@bot.or.th,ปกติ,,,12/19/2025 3:55 PM,Rohman Hanirae (เร๊าะมัน หะนิแร)
32B11FEX6817,CO2,10 ปอนด์,ภายในห้องปั้มน้ำด้านประตู G6,1/1/2025,ศนร.,TRUE,8/29/2022 1:27 PM,เอกลักษณ์ จันทะวงษ์,EKKALAKJ@bot.or.th,ปกติ,,,12/19/2025 3:55 PM,Rohman Hanirae (เร๊าะมัน หะนิแร)
32B01FEX1018,Dry che,10 ปอนด์,ภายในห้องเครื่องกำเนิดไฟฟ้าสำรองด้านประตู G6,1/1/2025,ศนร.,TRUE,8/29/2022 1:26 PM,เอกลักษณ์ จันทะวงษ์,EKKALAKJ@bot.or.th,ปกติ,,,12/19/2025 3:55 PM,Rohman Hanirae (เร๊าะมัน หะนิแร)
32B11FEX6819,Dry che,10 ปอนด์,ภายในห้องเครื่องกำเนิดไฟฟ้าสำรองด้านประตู G6,1/1/2025,ศนร.,TRUE,8/29/2022 1:26 PM,เอกลักษณ์ จันทะวงษ์,EKKALAKJ@bot.or.th,ปกติ,,,12/19/2025 3:55 PM,Rohman Hanirae (เร๊าะมัน หะนิแร)
32B11FEX6820,CO2,10 ปอนด์,ห้องสำนักงาน ธปท.1 ( MCR.),1/1/2025,ศนร.,TRUE,8/29/2022 1:26 PM,เอกลักษณ์ จันทะวงษ์,EKKALAKJ@bot.or.th,ปกติ,,,12/19/2025 3:55 PM,Rohman Hanirae (เร๊าะมัน หะนิแร)
32B11FEX6821,CO2,10 ปอนด์,ห้องสำนักงาน ธปท.1 ( MCR.),1/1/2025,ศนร.,TRUE,8/29/2022 1:25 PM,เอกลักษณ์ จันทะวงษ์,EKKALAKJ@bot.or.th,ปกติ,,,12/19/2025 3:55 PM,Rohman Hanirae (เร๊าะมัน หะนิแร)
32B11FEX6822,CO2,10 ปอนด์,ห้องสำนักงาน ธปท.1 ( MCR.),1/1/2025,ศนร.,TRUE,8/29/2022 1:25 PM,เอกลักษณ์ จันทะวงษ์,EKKALAKJ@bot.or.th,ปกติ,,,12/19/2025 3:55 PM,Rohman Hanirae (เร๊าะมัน หะนิแร)
32B41FEX6823,CO2,10 ปอนด์,อาคาร B4 ห้องอัดเศษธนบัตร,1/1/2025,ศนร.,TRUE,8/29/2022 1:25 PM,เอกลักษณ์ จันทะวงษ์,EKKALAKJ@bot.or.th,ปกติ,,,12/19/2025 3:55 PM,Rohman Hanirae (เร๊าะมัน หะนิแร)
32B4FEX6824,CO2,10 ปอนด์,อาคาร B4 ห้องอัดเศษธนบัตร,1/1/2025,ศนร.,TRUE,8/29/2022 1:24 PM,เอกลักษณ์ จันทะวงษ์,EKKALAKJ@bot.or.th,ปกติ,,,12/19/2025 3:55 PM,Rohman Hanirae (เร๊าะมัน หะนิแร)
32B21FEX6825,CO2,10 ปอนด์,อาคาร B2 ภายในห้องรับรอง,1/1/2025,ศนร.,TRUE,8/29/2022 1:24 PM,เอกลักษณ์ จันทะวงษ์,EKKALAKJ@bot.or.th,ปกติ,,,12/19/2025 3:55 PM,Rohman Hanirae (เร๊าะมัน หะนิแร)
32B21FEX6826,Dry che,10 ปอนด์,อาคาร B2 ภายในห้องรับรอง,1/1/2025,ศนร.,TRUE,8/29/2022 1:24 PM,เอกลักษณ์ จันทะวงษ์,EKKALAKJ@bot.or.th,ปกติ,,,12/19/2025 3:55 PM,Rohman Hanirae (เร๊าะมัน หะนิแร)
32B21FEX6827,Dry che,10 ปอนด์,อาคาร B2 ข้างผนังหน้าห้องรับรอง,1/1/2025,ศนร.,TRUE,8/29/2022 1:23 PM,เอกลักษณ์ จันทะวงษ์,EKKALAKJ@bot.or.th,ปกติ,,,12/19/2025 3:55 PM,Rohman Hanirae (เร๊าะมัน หะนิแร)
22B01FEX1002,BF2000,15 ปอนด์,ห้องควบคุมงานรักษาความปลอดภัย,2/1/2015,ศพล.,TRUE,2/2/2022 14:13,คมสัน ภัทรวิภาวัลย์,KHOMSANP@bot.or.th,ปกติ,,,12/19/2025 3:55 PM,Rohman Hanirae (เร๊าะมัน หะนิแร)
22B01FEX1003,BF2000,10 ปอนด์,ห้องควบคุมงานรักษาความปลอดภัย,10/19/2012,ศพล.,TRUE,2/2/2022 14:14,คมสัน ภัทรวิภาวัลย์,KHOMSANP@bot.or.th,ปกติ,,,12/19/2025 3:55 PM,Rohman Hanirae (เร๊าะมัน หะนิแร)
22B01FEX1004,BF2000,10 ปอนด์,ห้องควบคุมงานรักษาความปลอดภัย,11/28/2014,ศพล.,TRUE,2/2/2022 14:14,คมสัน ภัทรวิภาวัลย์,KHOMSANP@bot.or.th,ปกติ,,,12/19/2025 3:55 PM,Rohman Hanirae (เร๊าะมัน หะนิแร)
22B01FEX1005,BF2000,15 ปอนด์,ห้องธุรการ,8/24/2015,ศพล.,TRUE,2/2/2022 14:14,คมสัน ภัทรวิภาวัลย์,KHOMSANP@bot.or.th,ปกติ,,,12/19/2025 3:55 PM,Rohman Hanirae (เร๊าะมัน หะนิแร)
22B01FEX1006,CO2,10 ปอนด์,ห้องธุรการ,3/30/2006,ศพล.,TRUE,2/2/2022 14:14,คมสัน ภัทรวิภาวัลย์,KHOMSANP@bot.or.th,ปกติ,,,12/19/2025 3:55 PM,Rohman Hanirae (เร๊าะมัน หะนิแร)
22B01FEX1007,CO2,10 ปอนด์,หน้าห้องพยาบาล,3/30/2006,ศพล.,TRUE,2/2/2022 14:14,คมสัน ภัทรวิภาวัลย์,KHOMSANP@bot.or.th,ปกติ,,,12/19/2025 3:55 PM,Rohman Hanirae (เร๊าะมัน หะนิแร)
22B01FEX1008,BF2000,15 ปอนด์,หน้าห้องทำลายธนบัตร,3/30/2006,ศพล.,TRUE,2/2/2022 14:14,คมสัน ภัทรวิภาวัลย์,KHOMSANP@bot.or.th,ปกติ,,,12/19/2025 3:55 PM,Rohman Hanirae (เร๊าะมัน หะนิแร)
22B01FEX1009,CO2,10 ปอนด์,หน้าห้องทำลายธนบัตร,3/30/2006,ศพล.,TRUE,2/2/2022 14:15,คมสัน ภัทรวิภาวัลย์,KHOMSANP@bot.or.th,ปกติ,,,12/19/2025 3:55 PM,Rohman Hanirae (เร๊าะมัน หะนิแร)
22B01FEX1010,CO2,10 ปอนด์,โถงห้องมั่นคง,3/30/2006,ศพล.,TRUE,2/2/2022 14:15,คมสัน ภัทรวิภาวัลย์,KHOMSANP@bot.or.th,ปกติ,,,12/19/2025 3:55 PM,Rohman Hanirae (เร๊าะมัน หะนิแร)
22B01FEX1011,BF2000,15 ปอนด์,โถงห้องมั่นคง,12/1/2014,ศพล.,TRUE,2/2/2022 14:15,คมสัน ภัทรวิภาวัลย์,KHOMSANP@bot.or.th,ปกติ,,,12/19/2025 3:55 PM,Rohman Hanirae (เร๊าะมัน หะนิแร)
22B01FEX1012,CO2,10 ปอนด์,ทางเดินห้องรับ-จ่ายเงิน,3/30/2006,ศพล.,TRUE,2/2/2022 14:15,คมสัน ภัทรวิภาวัลย์,KHOMSANP@bot.or.th,ปกติ,,,12/19/2025 3:55 PM,Rohman Hanirae (เร๊าะมัน หะนิแร)
22B01FEX1013,CO2,10 ปอนด์,ทางเดินห้องรับ-จ่ายเงิน,3/30/2006,ศพล.,TRUE,2/2/2022 14:15,คมสัน ภัทรวิภาวัลย์,KHOMSANP@bot.or.th,ปกติ,,,12/19/2025 3:55 PM,Rohman Hanirae (เร๊าะมัน หะนิแร)
22B01FEX1014,CO2,10 ปอนด์,ชานขนถ่าย,3/30/2006,ศพล.,TRUE,2/2/2022 14:16,คมสัน ภัทรวิภาวัลย์,KHOMSANP@bot.or.th,ปกติ,,,12/19/2025 3:55 PM,Rohman Hanirae (เร๊าะมัน หะนิแร)
22B01FEX1015,Dry che,10 ปอนด์,ชานขนถ่าย,3/30/2006,ศพล.,TRUE,2/2/2022 14:16,คมสัน ภัทรวิภาวัลย์,KHOMSANP@bot.or.th,ปกติ,,,12/19/2025 3:55 PM,Rohman Hanirae (เร๊าะมัน หะนิแร)
22B01FEX1016,CO2,10 ปอนด์,ข้างห้องสันทนาการ,11/28/2014,ศพล.,TRUE,2/2/2022 14:16,คมสัน ภัทรวิภาวัลย์,KHOMSANP@bot.or.th,ปกติ,,,12/19/2025 3:55 PM,Rohman Hanirae (เร๊าะมัน หะนิแร)
22B01FEX1017,CO2,10 ปอนด์,ข้างห้องสันทนาการ,11/28/2014,ศพล.,TRUE,2/2/2022 14:16,คมสัน ภัทรวิภาวัลย์,KHOMSANP@bot.or.th,ปกติ,,,12/19/2025 3:55 PM,Rohman Hanirae (เร๊าะมัน หะนิแร)
22B01FEX1018,BF2000,15 ปอนด์,หน้าห้องสื่อสาร,11/28/2014,ศพล.,TRUE,2/2/2022 14:16,คมสัน ภัทรวิภาวัลย์,KHOMSANP@bot.or.th,ปกติ,,,12/19/2025 3:55 PM,Rohman Hanirae (เร๊าะมัน หะนิแร)
22B01FEX1019,CO2,10 ปอนด์,หน้าห้องสื่อสาร,11/28/2014,ศพล.,TRUE,2/2/2022 14:16,คมสัน ภัทรวิภาวัลย์,KHOMSANP@bot.or.th,ปกติ,,,12/19/2025 3:55 PM,Rohman Hanirae (เร๊าะมัน หะนิแร)
22B01FEX1020,BF2000,15 ปอนด์,ห้องเครื่องกำเนิดไฟฟ้าสำรอง,8/24/2015,ศพล.,TRUE,2/2/2022 14:17,คมสัน ภัทรวิภาวัลย์,KHOMSANP@bot.or.th,ปกติ,,,12/19/2025 3:55 PM,Rohman Hanirae (เร๊าะมัน หะนิแร)
22B01FEX1021,BF2000,15 ปอนด์,ห้องเครื่องกำเนิดไฟฟ้าสำรอง,8/24/2015,ศพล.,TRUE,2/2/2022 14:17,คมสัน ภัทรวิภาวัลย์,KHOMSANP@bot.or.th,ปกติ,,,12/19/2025 3:56 PM,Rohman Hanirae (เร๊าะมัน หะนิแร)
22B01FEX1022,CO2,10 ปอนด์,ทางขึ้น-ลงห้องเครื่องฯ ข้างอาคาร B1,3/30/2006,ศพล.,TRUE,2/2/2022 14:17,คมสัน ภัทรวิภาวัลย์,KHOMSANP@bot.or.th,ปกติ,,,12/19/2025 3:56 PM,Rohman Hanirae (เร๊าะมัน หะนิแร)
22B01FEX1023,CO2,10 ปอนด์,ทางขึ้น-ลงห้องเครื่องฯ ข้างอาคาร B1,3/30/2006,ศพล.,TRUE,2/2/2022 14:17,คมสัน ภัทรวิภาวัลย์,KHOMSANP@bot.or.th,ปกติ,,,12/19/2025 3:56 PM,Rohman Hanirae (เร๊าะมัน หะนิแร)
22B01FEX1024,CO2,10 ปอนด์,ห้องไฟฟ้าต้นกำลัง,3/30/2006,ศพล.,TRUE,2/2/2022 14:17,คมสัน ภัทรวิภาวัลย์,KHOMSANP@bot.or.th,ปกติ,,,12/19/2025 3:56 PM,Rohman Hanirae (เร๊าะมัน หะนิแร)
22B01FEX1025,CO2,10 ปอนด์,ห้องไฟฟ้าต้นกำลัง,3/30/2006,ศพล.,TRUE,2/2/2022 14:18,คมสัน ภัทรวิภาวัลย์,KHOMSANP@bot.or.th,ปกติ,,,12/19/2025 3:56 PM,Rohman Hanirae (เร๊าะมัน หะนิแร)
22B01FEX1026,CO2,10 ปอนด์,ห้องไฟฟ้าต้นกำลัง,3/30/2006,ศพล.,TRUE,2/2/2022 14:18,คมสัน ภัทรวิภาวัลย์,KHOMSANP@bot.or.th,ปกติ,,,12/19/2025 3:56 PM,Rohman Hanirae (เร๊าะมัน หะนิแร)
22B01FEX1027,CO2,10 ปอนด์,ห้องไฟฟ้าต้นกำลัง,3/30/2006,ศพล.,TRUE,2/2/2022 14:18,คมสัน ภัทรวิภาวัลย์,KHOMSANP@bot.or.th,ปกติ,,,12/19/2025 3:56 PM,Rohman Hanirae (เร๊าะมัน หะนิแร)
22B04FEX1028,CO2,10 ปอนด์,ห้องบีบอัดอาคาร B4,3/31/2006,ศพล.,TRUE,2/2/2022 14:18,คมสัน ภัทรวิภาวัลย์,KHOMSANP@bot.or.th,ปกติ,,,12/19/2025 3:56 PM,Rohman Hanirae (เร๊าะมัน หะนิแร)
22B02FEX1029,CO2,10 ปอนด์,ห้องประชุมอาคาร B2,3/30/2006,ศพล.,TRUE,2/2/2022 14:19,คมสัน ภัทรวิภาวัลย์,KHOMSANP@bot.or.th,ปกติ,,,12/19/2025 3:56 PM,Rohman Hanirae (เร๊าะมัน หะนิแร)
22B03FEX1030,CO2,10 ปอนด์,ป้อมรักษาการณ์อาคาร B3 (รปภ.จ้าง),8/17/2016,ศพล.,TRUE,2/2/2022 14:19,คมสัน ภัทรวิภาวัลย์,KHOMSANP@bot.or.th,ปกติ,,,12/19/2025 3:56 PM,Rohman Hanirae (เร๊าะมัน หะนิแร)
22B03FEX1031,BF2000,15 ปอนด์,ป้อมรักษาการณ์อาคาร B3 (รปภ.จ้าง),3/14/2018,ศพล.,TRUE,2/2/2022 14:19,คมสัน ภัทรวิภาวัลย์,KHOMSANP@bot.or.th,ปกติ,,,12/19/2025 3:56 PM,Rohman Hanirae (เร๊าะมัน หะนิแร)
22B03FEX1032,CO2,10 ปอนด์,ป้อมรักษาการณ์อาคาร B3 (ตำรวจ),8/17/2016,ศพล.,TRUE,2/2/2022 14:20,คมสัน ภัทรวิภาวัลย์,KHOMSANP@bot.or.th,ปกติ,,,12/19/2025 3:56 PM,Rohman Hanirae (เร๊าะมัน หะนิแร)
22P01FEX1033,CO2,10 ปอนด์,ที่จอดรถพนักงาน,3/2/2006,ศพล.,TRUE,2/2/2022 14:21,คมสัน ภัทรวิภาวัลย์,KHOMSANP@bot.or.th,ปกติ,,,12/19/2025 3:56 PM,Rohman Hanirae (เร๊าะมัน หะนิแร)
32B21FEX6828,Dry che,10 ปอนด์,หน้าห้องพักพนักงาน  อาคาร B2,1/1/2025,ศนร.,TRUE,8/29/2022 1:29 PM,เอกลักษณ์ จันทะวงษ์,EKKALAKJ@bot.or.th,ปกติ,,,12/19/2025 3:56 PM,Rohman Hanirae (เร๊าะมัน หะนิแร)
32B21FEX6829,Dry che,10 ปอนด์,หน้าห้องพักพนักงาน  อาคาร B2,1/1/2025,ศนร.,TRUE,8/29/2022 1:33 PM,เอกลักษณ์ จันทะวงษ์,EKKALAKJ@bot.or.th,ปกติ,,,12/19/2025 3:56 PM,Rohman Hanirae (เร๊าะมัน หะนิแร)
31B11FEX6802,CO2,10 ปอนด์,ห้องทำลาย  บดหยาบ,1/1/2025,ศขก.,TRUE,1/27/2023 4:39 PM,นิพนธ์ อนุประเสริฐ,NiponA@bot.or.th,ปกติ,,,10/21/2025 11:19 PM,Athibordee Hongchumpae (อธิบดี หงษ์ชุมแพ)
31B11FEX6803,ABFFC,10 ปอนด์,ทางเดินรอบห้องมั่นคง มุมด้านหลัง,6/28/2025,ศขก.,TRUE,1/27/2023 4:42 PM,นิพนธ์ อนุประเสริฐ,NiponA@bot.or.th,ปกติ,,ถังดับเพลิงสูตรน้ำ(Low Pressure Water Mist  ABFFC),10/25/2025 6:22 AM,Athibordee Hongchumpae (อธิบดี หงษ์ชุมแพ)
31B11FEX6804,ABFFC,10 ปอนด์,หน้าห้องมั่นคง (หลัก),6/28/2025,ศขก.,TRUE,1/27/2023 4:44 PM,นิพนธ์ อนุประเสริฐ,NiponA@bot.or.th,ปกติ,,ถังดับเพลิงสูตรน้ำ(Low Pressure Water Mist  ABFFC),10/25/2025 6:23 AM,Athibordee Hongchumpae (อธิบดี หงษ์ชุมแพ)
31B11FEX6805,ABFFC,10 ปอนด์,หน้าห้องมั่นคง (รอง),6/28/2025,ศขก.,TRUE,1/27/2023 4:44 PM,นิพนธ์ อนุประเสริฐ,NiponA@bot.or.th,ปกติ,,ถังดับเพลิงสูตรน้ำ(Low Pressure Water Mist  ABFFC),10/25/2025 6:23 AM,Athibordee Hongchumpae (อธิบดี หงษ์ชุมแพ)
31B11FEX6806,CO2,10 ปอนด์,ในห้องช่าง ,1/1/2025,ศขก.,TRUE,1/27/2023 4:45 PM,นิพนธ์ อนุประเสริฐ,NiponA@bot.or.th,ปกติ,,,10/21/2025 11:24 PM,Athibordee Hongchumpae (อธิบดี หงษ์ชุมแพ)
31B11FEX6807,CO2,10 ปอนด์,ในห้องพยาบาล,1/1/2025,ศขก.,TRUE,1/27/2023 4:45 PM,นิพนธ์ อนุประเสริฐ,NiponA@bot.or.th,ปกติ,,,10/22/2025 12:13 AM,Athibordee Hongchumpae (อธิบดี หงษ์ชุมแพ)
31B11FEX6808,CO2,10 ปอนด์,หน้าห้องน้ำอาคาร B 2,1/1/2025,ศขก.,TRUE,12/31/2021 8:36 PM,สุรชัย เจริญราษฎร์,SuracCha@bot.or.th,ปกติ,,,12/19/2025 3:56 PM,Rohman Hanirae (เร๊าะมัน หะนิแร)
31B11FEX6809,CO2,10 ปอนด์,ในห้องเครื่องปั้มน้ำดับเพลิง ,1/1/2025,ศขก.,TRUE,1/27/2023 4:46 PM,นิพนธ์ อนุประเสริฐ,NiponA@bot.or.th,ปกติ,,,10/21/2025 11:58 PM,Athibordee Hongchumpae (อธิบดี หงษ์ชุมแพ)
31B11FEX6810,ABFFC,10 ปอนด์,หน้าประตูท้างเข้า Doc 3 (ชานขนถ่าย ภารกิจ),6/28/2025,ศขก.,TRUE,1/27/2023 4:46 PM,นิพนธ์ อนุประเสริฐ,NiponA@bot.or.th,ปกติ,,ถังดับเพลิงสูตรน้ำ(Low Pressure Water Mist  ABFFC),10/25/2025 6:23 AM,Athibordee Hongchumpae (อธิบดี หงษ์ชุมแพ)
31B11FEX6811,ABFFC,10 ปอนด์,หน้าห้องมั่นคง (หลัก),6/28/2025,ศขก.,TRUE,1/27/2023 4:47 PM,นิพนธ์ อนุประเสริฐ,NiponA@bot.or.th,ปกติ,,ถังดับเพลิงสูตรน้ำ(Low Pressure Water Mist  ABFFC),10/25/2025 6:23 AM,Athibordee Hongchumpae (อธิบดี หงษ์ชุมแพ)
31B11FEX6812,CO2,10 ปอนด์,หน้าห้องประชุม,1/1/2025,ศขก.,TRUE,1/27/2023 4:47 PM,นิพนธ์ อนุประเสริฐ,NiponA@bot.or.th,ปกติ,,,10/22/2025 12:02 AM,Athibordee Hongchumpae (อธิบดี หงษ์ชุมแพ)
31B11FEX6813,CO2,10 ปอนด์,หน้าประตูทางเข้าห้องอาหาร(DS 102),1/1/2025,ศขก.,TRUE,1/27/2023 4:48 PM,นิพนธ์ อนุประเสริฐ,NiponA@bot.or.th,ปกติ,,,10/22/2025 12:04 AM,Athibordee Hongchumpae (อธิบดี หงษ์ชุมแพ)
31B11FEX6814,CO2,10 ปอนด์,ทางเดินหน้าห้องนับคัด 1,1/1/2025,ศขก.,TRUE,1/27/2023 4:48 PM,นิพนธ์ อนุประเสริฐ,NiponA@bot.or.th,ปกติ,,,10/22/2025 12:04 AM,Athibordee Hongchumpae (อธิบดี หงษ์ชุมแพ)
31B11FEX6815,CO2,10 ปอนด์,ภายในห้องนับคัด1 ,1/1/2025,ศขก.,TRUE,1/27/2023 4:48 PM,นิพนธ์ อนุประเสริฐ,NiponA@bot.or.th,ปกติ,,,10/22/2025 12:05 AM,Athibordee Hongchumpae (อธิบดี หงษ์ชุมแพ)
31B11FEX6816,CO2,10 ปอนด์,ภายในห้องนับคัด2,1/1/2025,ศขก.,TRUE,1/27/2023 4:49 PM,นิพนธ์ อนุประเสริฐ,NiponA@bot.or.th,ปกติ,,,10/22/2025 12:06 AM,Athibordee Hongchumpae (อธิบดี หงษ์ชุมแพ)
31B11FEX6817,CO2,10 ปอนด์,ทางเดินหน้าประตูหนีไฟ ข้างห้องทำลาย (AD_140),1/1/2025,ศขก.,TRUE,1/27/2023 4:49 PM,นิพนธ์ อนุประเสริฐ,NiponA@bot.or.th,ปกติ,,,10/22/2025 12:07 AM,Athibordee Hongchumpae (อธิบดี หงษ์ชุมแพ)
31B11FEX6818,CO2,10 ปอนด์,ในห้องควบคุม งาน รปภ.GF. ,1/1/2025,ศขก.,TRUE,1/27/2023 4:49 PM,นิพนธ์ อนุประเสริฐ,NiponA@bot.or.th,ปกติ,,,10/22/2025 12:07 AM,Athibordee Hongchumpae (อธิบดี หงษ์ชุมแพ)
31B11FEX6819,CO2,10 ปอนด์,ในห้องธุรการ ศขก.,1/1/2025,ศขก.,TRUE,1/27/2023 4:50 PM,นิพนธ์ อนุประเสริฐ,NiponA@bot.or.th,ปกติ,,,10/22/2025 12:08 AM,Athibordee Hongchumpae (อธิบดี หงษ์ชุมแพ)
31B11FEX6820,CO2,10 ปอนด์,ห้อง ATM,1/1/2025,ศขก.,TRUE,1/27/2023 4:50 PM,นิพนธ์ อนุประเสริฐ,NiponA@bot.or.th,ปกติ,,,10/22/2025 12:15 AM,Athibordee Hongchumpae (อธิบดี หงษ์ชุมแพ)
31B11FEX6821,ABFFC,10 ปอนด์,ห้องรับจ่ายธนาคารพานิชย์,6/28/2025,ศขก.,TRUE,1/27/2023 4:51 PM,นิพนธ์ อนุประเสริฐ,NiponA@bot.or.th,ปกติ,,ถังดับเพลิงสูตรน้ำ(Low Pressure Water Mist  ABFFC),10/25/2025 6:23 AM,Athibordee Hongchumpae (อธิบดี หงษ์ชุมแพ)
31B11FEX6822,CO2,10 ปอนด์,ห้องธุรการ GF,1/1/2025,ศขก.,TRUE,1/27/2023 4:51 PM,นิพนธ์ อนุประเสริฐ,NiponA@bot.or.th,ปกติ,,,10/22/2025 12:16 AM,Athibordee Hongchumpae (อธิบดี หงษ์ชุมแพ)
31B11FEX6823,CO2,10 ปอนด์,หน้าทางหนีไฟชั้น 2 (หน้าห้อง Valve),1/1/2025,ศขก.,TRUE,12/31/2021 12:25 PM,วานิช คำกระจาย,WanichK@bot.or.th,ปกติ,,,10/22/2025 12:17 AM,Athibordee Hongchumpae (อธิบดี หงษ์ชุมแพ)
31B11FEX6824,CO2,10 ปอนด์,ภายในDock,1/1/2025,ศขก.,TRUE,12/31/2021 12:25 PM,วานิช คำกระจาย,WanichK@bot.or.th,ปกติ,,,10/22/2025 12:11 AM,Athibordee Hongchumpae (อธิบดี หงษ์ชุมแพ)
31B12FEX6825,Dry che,10 ปอนด์,หน้าห้อง Gennerrater,8/1/2025,ศขก.,TRUE,12/31/2021 12:26 PM,วานิช คำกระจาย,WanichK@bot.or.th,ปกติ,,,10/22/2025 12:18 AM,Athibordee Hongchumpae (อธิบดี หงษ์ชุมแพ)
31B12FEX6826,CO2,10 ปอนด์,ทางเดินชั้น 2 (ทิศเหนือ),1/1/2025,ศขก.,TRUE,12/31/2021 12:26 PM,วานิช คำกระจาย,WanichK@bot.or.th,ปกติ,,,10/22/2025 12:19 AM,Athibordee Hongchumpae (อธิบดี หงษ์ชุมแพ)
31B12FEX6827,CO2,10 ปอนด์,ทางเดินชั้น 2 (ทิศเหนือ),1/1/2025,ศขก.,TRUE,12/31/2021 12:27 PM,วานิช คำกระจาย,WanichK@bot.or.th,ปกติ,,,10/22/2025 12:20 AM,Athibordee Hongchumpae (อธิบดี หงษ์ชุมแพ)
31B12FEX6828,CO2,10 ปอนด์,ทางเดินชั้น 2 (ทิศเหนือหน้าห้องไฟฟ้า),1/1/2025,ศขก.,TRUE,12/31/2021 12:27 PM,วานิช คำกระจาย,WanichK@bot.or.th,ปกติ,,,10/22/2025 12:21 AM,Athibordee Hongchumpae (อธิบดี หงษ์ชุมแพ)
31B12FEX6829,CO2,10 ปอนด์,ภายในห้องไฟฟ้า (ห้อง215),1/1/2025,ศขก.,TRUE,12/31/2021 12:27 PM,วานิช คำกระจาย,WanichK@bot.or.th,ปกติ,,,10/22/2025 12:21 AM,Athibordee Hongchumpae (อธิบดี หงษ์ชุมแพ)
31B12FEX6830,CO2,10 ปอนด์,ภายในห้องสำนักงานชั้น 2 (ห้อง ผจศ.),1/1/2025,ศขก.,TRUE,12/31/2021 12:29 PM,วานิช คำกระจาย,WanichK@bot.or.th,ปกติ,,,10/22/2025 12:22 AM,Athibordee Hongchumpae (อธิบดี หงษ์ชุมแพ)
31B12FEX6831,CO2,10 ปอนด์,ช่องทางเดินชั้น 2 ด้านทิศตะวันออก,1/1/2025,ศขก.,TRUE,12/31/2021 12:29 PM,วานิช คำกระจาย,WanichK@bot.or.th,ปกติ,,,10/22/2025 12:23 AM,Athibordee Hongchumpae (อธิบดี หงษ์ชุมแพ)
31B12FEX6832,CO2,10 ปอนด์,ภายในห้องสำนักงานชั้น 2 (ห้อง ผจศ.),1/1/2025,ศขก.,TRUE,12/31/2021 12:15 PM,วานิช คำกระจาย,WanichK@bot.or.th,ปกติ,,,10/22/2025 12:24 AM,Athibordee Hongchumpae (อธิบดี หงษ์ชุมแพ)
31B12FEX6833,CO2,10 ปอนด์,ภายในห้อง AHU (ห้อง202),1/1/2025,ศขก.,TRUE,12/31/2021 12:14 PM,วานิช คำกระจาย,WanichK@bot.or.th,ปกติ,,,10/22/2025 12:24 AM,Athibordee Hongchumpae (อธิบดี หงษ์ชุมแพ)
31B12FEX6834,CO2,10 ปอนด์,ในห้อง Condensing ,1/1/2025,ศขก.,TRUE,12/31/2021 12:14 PM,วานิช คำกระจาย,WanichK@bot.or.th,ปกติ,,,10/22/2025 12:25 AM,Athibordee Hongchumpae (อธิบดี หงษ์ชุมแพ)
31B12FEX6835,CO2,10 ปอนด์,ในห้อง Condensing ,1/1/2025,ศขก.,TRUE,12/31/2021 12:12 PM,วานิช คำกระจาย,WanichK@bot.or.th,ปกติ,,,10/22/2025 12:26 AM,Athibordee Hongchumpae (อธิบดี หงษ์ชุมแพ)
31B12FEX6836,CO2,10 ปอนด์,ในห้อง Chiller Pump,1/1/2025,ศขก.,TRUE,7/13/2021 11:15 AM,สุรสิทธิ์ ปิ่นนาค,SurasiPi@bot.or.th,ปกติ,,,10/22/2025 12:26 AM,Athibordee Hongchumpae (อธิบดี หงษ์ชุมแพ)
31B12FEX6837,CO2,10 ปอนด์,ภายในห้องปั้มลม,1/1/2025,ศขก.,TRUE,12/31/2021 12:11 PM,วานิช คำกระจาย,WanichK@bot.or.th,ปกติ,,,10/22/2025 12:27 AM,Athibordee Hongchumpae (อธิบดี หงษ์ชุมแพ)
31B1GFEX6838,CO2,10 ปอนด์,บันไดหนีไฟ ZONE 4 (หน้าประตูทางลงชั้นใต้ดิน),1/1/2025,ศขก.,TRUE,12/31/2021 12:10 PM,วานิช คำกระจาย,WanichK@bot.or.th,ปกติ,,,10/22/2025 12:27 AM,Athibordee Hongchumpae (อธิบดี หงษ์ชุมแพ)
31B1GFEX6839,CO2,10 ปอนด์,ภายในชั้นใต้ดิน(ผนังชั้นใต้ดินฝั่งประตูG6),1/1/2025,ศขก.,TRUE,12/31/2021 12:10 PM,วานิช คำกระจาย,WanichK@bot.or.th,ปกติ,,,10/22/2025 12:28 AM,Athibordee Hongchumpae (อธิบดี หงษ์ชุมแพ)
31B31FEX6840,CO2,10 ปอนด์,ป้อมรักษาการณ์ อาคาร B3 ,1/1/2025,ศขก.,TRUE,12/31/2021 8:06 PM,สุรชัย เจริญราษฎร์,SuracCha@bot.or.th,ปกติ,,,10/22/2025 12:29 AM,Athibordee Hongchumpae (อธิบดี หงษ์ชุมแพ)
31B31FEX6841,CO2,10 ปอนด์,ห้องพักคอย อาคาร B3,1/1/2025,ศขก.,TRUE,12/31/2021 8:37 PM,สุรชัย เจริญราษฎร์,SuracCha@bot.or.th,ปกติ,,,10/22/2025 12:29 AM,Athibordee Hongchumpae (อธิบดี หงษ์ชุมแพ)
30B01FEX1001,BF2000,10 ปอนด์,ห้องควบคุมรักษาความปลอดภัย MCR,6/19/2021,สภอ.,FALSE,7/15/2021 10:12 AM,เร๊าะมัน หะนิแร,RohmanH@bot.or.th,ปกติ,,,7/6/2026 16:28,Payup Charoenkham (พายัพ เจริญขำ)
22B01FEX1001,BF2000,15 ปอนด์,ห้องควบคุมงานรักษาความปลอดภัย,2/1/2015,ศพล.,TRUE,2/2/2022 14:13,คมสัน ภัทรวิภาวัลย์,KHOMSANP@bot.or.th,ปกติ,,,12/19/2025 3:56 PM,Rohman Hanirae (เร๊าะมัน หะนิแร)
30B01FEX1002,BF2000,15 ปอนด์,ห้องควบคุมรักษาความปลอดภัย,4/8/2026,สภอ.,FALSE,7/13/2021 11:10 AM,สุชิน ตรีสุวรรณ,SuchinT@bot.or.th,ปกติ,,,7/6/2026 16:28,Payup Charoenkham (พายัพ เจริญขำ)
30B01FEX1003,Dry che,10 ปอนด์,หน้าห้องควบคุมงาน รปภ. ,6/28/2021,สภอ.,FALSE,12/31/2021 7:41 PM,สุรชัย เจริญราษฎร์,SuracCha@bot.or.th,ปกติ,,,7/6/2026 16:28,Payup Charoenkham (พายัพ เจริญขำ)
30B01FEX1004,Dry che,10 ปอนด์,ลานจอดรถหน้าบันไดทางเข้าโถงลิฟต์,6/28/2016,สภอ.,FALSE,12/31/2021 7:41 PM,สุรชัย เจริญราษฎร์,SuracCha@bot.or.th,ปกติ,,,7/6/2026 16:28,Payup Charoenkham (พายัพ เจริญขำ)
30B01FEX1005,BF2000,10 ปอนด์,ลานจอดรถใกล้ถังแก๊สฯ,6/19/2021,สภอ.,FALSE,12/31/2021 8:22 PM,สุรชัย เจริญราษฎร์,SuracCha@bot.or.th,ปกติ,,,7/6/2026 16:28,Payup Charoenkham (พายัพ เจริญขำ)
30B01FEX1006,BF2000,10 ปอนด์,ลานจอดรถใกล้ถังแก๊สฯ,6/19/2021,สภอ.,FALSE,12/31/2021 7:42 PM,สุรชัย เจริญราษฎร์,SuracCha@bot.or.th,ปกติ,,,7/6/2026 16:28,Payup Charoenkham (พายัพ เจริญขำ)
30B01FEX1007,Dry che,10 ปอนด์,ลานจอดรถหน้าห้องเก็บครุภัณฑ์,6/28/2016,สภอ.,FALSE,12/31/2021 8:22 PM,สุรชัย เจริญราษฎร์,SuracCha@bot.or.th,ปกติ,,,7/6/2026 16:28,Payup Charoenkham (พายัพ เจริญขำ)
30B01FEX1008,Dry che,10 ปอนด์,ลานจอดรถหน้าประตูทางเข้าห้องสมุด,6/28/2016,สภอ.,FALSE,12/31/2021 8:22 PM,สุรชัย เจริญราษฎร์,SuracCha@bot.or.th,ปกติ,,,7/6/2026 16:28,Payup Charoenkham (พายัพ เจริญขำ)
30B01FEX1009,BF2000,10 ปอนด์,ห้องวิศวกรรม (ห้องช่าง),2/14/2022,สภอ.,TRUE,12/31/2021 7:43 PM,สุรชัย เจริญราษฎร์,SuracCha@bot.or.th,ปกติ,,,12/19/2025 3:56 PM,Rohman Hanirae (เร๊าะมัน หะนิแร)
30B01FEX1010,BF2000,10 ปอนด์,ห้องควบคุมรักษาความปลอดภัย ,6/19/2021,สภอ.,TRUE,12/31/2021 8:23 PM,สุรชัย เจริญราษฎร์,SuracCha@bot.or.th,ปกติ,,,12/19/2025 3:56 PM,Rohman Hanirae (เร๊าะมัน หะนิแร)
30B01FEX1011,BF2000,10 ปอนด์,ห้องควบคุมรักษาความปลอดภัย ,6/19/2021,สภอ.,TRUE,12/31/2021 8:29 PM,สุรชัย เจริญราษฎร์,SuracCha@bot.or.th,ปกติ,,,12/19/2025 3:56 PM,Rohman Hanirae (เร๊าะมัน หะนิแร)
30B01FEX2001,Dry che,10 ปอนด์,หน้าประตูทางออกโถงลิฟต์,6/10/2016,สภอ.,TRUE,12/31/2021 8:18 PM,สุรชัย เจริญราษฎร์,SuracCha@bot.or.th,ปกติ,,,12/19/2025 3:56 PM,Rohman Hanirae (เร๊าะมัน หะนิแร)
30B01FEX2002,Dry che,10 ปอนด์,ทางเดินข้างห้องถ่ายเอกสาร,6/28/2016,สภอ.,TRUE,12/31/2021 7:57 PM,สุรชัย เจริญราษฎร์,SuracCha@bot.or.th,ปกติ,,,12/19/2025 3:56 PM,Rohman Hanirae (เร๊าะมัน หะนิแร)
30B01FEX2003,Dry che,10 ปอนด์,ทางเดินด้านข้างห้องประชุมจินตปัญญา,6/28/2016,สภอ.,TRUE,12/31/2021 7:57 PM,สุรชัย เจริญราษฎร์,SuracCha@bot.or.th,ปกติ,,,12/19/2025 3:56 PM,Rohman Hanirae (เร๊าะมัน หะนิแร)
30B01FEX2004,Dry che,10 ปอนด์,หน้าห้องเครื่อง MDB-B,6/28/2016,สภอ.,TRUE,12/31/2021 8:19 PM,สุรชัย เจริญราษฎร์,SuracCha@bot.or.th,ปกติ,,,12/19/2025 3:56 PM,Rohman Hanirae (เร๊าะมัน หะนิแร)
30B01FEX2005,Dry che,10 ปอนด์,หน้าห้องเครื่อง MDB,6/28/2016,สภอ.,TRUE,12/31/2021 8:19 PM,สุรชัย เจริญราษฎร์,SuracCha@bot.or.th,ปกติ,,,12/19/2025 3:56 PM,Rohman Hanirae (เร๊าะมัน หะนิแร)
30B01FEX3001,Dry che,10 ปอนด์,หน้าประตูทางออกโถงลิฟต์ ,7/14/2016,สภอ.,TRUE,12/31/2021 7:58 PM,สุรชัย เจริญราษฎร์,SuracCha@bot.or.th,ปกติ,,,12/19/2025 3:56 PM,Rohman Hanirae (เร๊าะมัน หะนิแร)
30B01FEX3002,Dry che,10 ปอนด์,ทางเดินข้างห้องถ่ายเอกสาร,6/10/2016,สภอ.,TRUE,12/31/2021 7:58 PM,สุรชัย เจริญราษฎร์,SuracCha@bot.or.th,ปกติ,,,12/19/2025 3:56 PM,Rohman Hanirae (เร๊าะมัน หะนิแร)
30B01FEX4001,Dry che,10 ปอนด์,หน้าประตูทางออกโถงลิฟต์ ,6/28/2016,สภอ.,TRUE,12/31/2021 8:20 PM,สุรชัย เจริญราษฎร์,SuracCha@bot.or.th,ปกติ,,,12/19/2025 3:56 PM,Rohman Hanirae (เร๊าะมัน หะนิแร)
30B01FEX4002,Dry che,10 ปอนด์,ทางเดินข้างห้องถ่ายเอกสาร,6/28/2016,สภอ.,TRUE,12/31/2021 7:59 PM,สุรชัย เจริญราษฎร์,SuracCha@bot.or.th,ปกติ,,,12/19/2025 3:56 PM,Rohman Hanirae (เร๊าะมัน หะนิแร)
30B02FEX1001,Dry che,10 ปอนด์,หน้าห้องครัว บ้านพักรับรอง,3/14/2022,สภอ.,TRUE,12/31/2021 8:28 PM,สุรชัย เจริญราษฎร์,SuracCha@bot.or.th,ปกติ,,,12/19/2025 3:56 PM,Rohman Hanirae (เร๊าะมัน หะนิแร)
30B02FEX1002,Dry che,15 ปอนด์,หน้าระเบียง บ้านพักรับรอง,7/15/2021,สภอ.,TRUE,12/31/2021 8:00 PM,สุรชัย เจริญราษฎร์,SuracCha@bot.or.th,ปกติ,,,12/19/2025 3:56 PM,Rohman Hanirae (เร๊าะมัน หะนิแร)
30B02FEX1003,Dry che,15 ปอนด์,เคาน์เตอร์กาแฟ บ้านพักรับรอง,11/8/2021,สภอ.,TRUE,12/31/2021 8:00 PM,สุรชัย เจริญราษฎร์,SuracCha@bot.or.th,ปกติ,,,12/19/2025 3:57 PM,Rohman Hanirae (เร๊าะมัน หะนิแร)
30B02FEX1004,BF2000,15 ปอนด์,หน้าห้องพักที่1 บ้านพักรับรอง,8/6/2021,สภอ.,TRUE,12/31/2021 8:20 PM,สุรชัย เจริญราษฎร์,SuracCha@bot.or.th,ปกติ,,,12/19/2025 3:57 PM,Rohman Hanirae (เร๊าะมัน หะนิแร)
30B03FEX1001,Dry che,15 ปอนด์,ห้องสนุ๊กเกอร์ อาคารสวัสดิสงเคราะห์,11/8/2021,สภอ.,TRUE,12/31/2021 8:01 PM,สุรชัย เจริญราษฎร์,SuracCha@bot.or.th,ปกติ,,,12/19/2025 3:57 PM,Rohman Hanirae (เร๊าะมัน หะนิแร)
30B03FEX1002,Dry che,15 ปอนด์,ห้องเอนกประสงค์ อาคารสวัสดิสงเคราะห์,6/14/2021,สภอ.,TRUE,12/31/2021 8:21 PM,สุรชัย เจริญราษฎร์,SuracCha@bot.or.th,ปกติ,,,12/19/2025 3:57 PM,Rohman Hanirae (เร๊าะมัน หะนิแร)
30B03FEX1003,Dry che,10 ปอนด์,ชั้นใต้ดิน(โต๊ะสนุ๊ก) อาคารสวัสดิสงเคราะห์,1/3/2022,สภอ.,TRUE,12/31/2021 8:02 PM,สุรชัย เจริญราษฎร์,SuracCha@bot.or.th,ปกติ,,,12/19/2025 3:57 PM,Rohman Hanirae (เร๊าะมัน หะนิแร)
30B03FEX1004,Dry che,10 ปอนด์,ทางขึ้นด้านข้าง ต.3 อาคารสวัสดิสงเคราะห์,1/3/2022,สภอ.,TRUE,12/31/2021 8:30 PM,สุรชัย เจริญราษฎร์,SuracCha@bot.or.th,ปกติ,,,12/19/2025 3:57 PM,Rohman Hanirae (เร๊าะมัน หะนิแร)
30B03FEX1005,BF2000,10 ปอนด์,ห้องควบคุมไฟฟ้า อาคารสวัสดิสงเคราะห์,3/26/2021,สภอ.,TRUE,12/31/2021 8:24 PM,สุรชัย เจริญราษฎร์,SuracCha@bot.or.th,ปกติ,,,12/19/2025 3:57 PM,Rohman Hanirae (เร๊าะมัน หะนิแร)
30B03FEX1006,Dry che,15 ปอนด์,ชั้นใต้ดินหลังอาคารอาคารสวัสดิสงเคราะห์,3/14/2022,สภอ.,TRUE,12/31/2021 8:02 PM,สุรชัย เจริญราษฎร์,SuracCha@bot.or.th,ปกติ,,,12/19/2025 3:57 PM,Rohman Hanirae (เร๊าะมัน หะนิแร)
30B03FEX1007,Dry che,15 ปอนด์,หน้าประตูห้องครัว อาคารสวัสดิสงเคราะห์,2/23/2022,สภอ.,TRUE,12/31/2021 8:02 PM,สุรชัย เจริญราษฎร์,SuracCha@bot.or.th,ปกติ,,,12/19/2025 3:57 PM,Rohman Hanirae (เร๊าะมัน หะนิแร)
30B04FEX1001,BF2000,10 ปอนด์,ป้อมรักษาการณ์ ต.1,6/19/2021,สภอ.,TRUE,12/31/2021 8:03 PM,สุรชัย เจริญราษฎร์,SuracCha@bot.or.th,ปกติ,,,12/19/2025 3:57 PM,Rohman Hanirae (เร๊าะมัน หะนิแร)
30B04FEX1002,Dry che,10 ปอนด์,ป้อมรักษาการณ์ ต.3,3/14/2022,สภอ.,TRUE,12/31/2021 8:26 PM,สุรชัย เจริญราษฎร์,SuracCha@bot.or.th,ปกติ,,,12/19/2025 3:57 PM,Rohman Hanirae (เร๊าะมัน หะนิแร)
30B05FEX1002,Dry che,15 ปอนด์,ทางเข้าลิฟท์ ด้านช้าย,6/14/2021,สภอ.,TRUE,12/31/2021 8:03 PM,สุรชัย เจริญราษฎร์,SuracCha@bot.or.th,ปกติ,,,12/19/2025 3:57 PM,Rohman Hanirae (เร๊าะมัน หะนิแร)
30B05FEX1003,Dry che,15 ปอนด์,ทางเข้าลิฟท์ ด้านขวา,6/14/2021,สภอ.,TRUE,12/31/2021 8:26 PM,สุรชัย เจริญราษฎร์,SuracCha@bot.or.th,ปกติ,,,12/19/2025 3:57 PM,Rohman Hanirae (เร๊าะมัน หะนิแร)
30B05FEX1004,BF2000,10 ปอนด์,ทางขึ้นห้องพัก 2,6/19/2021,สภอ.,TRUE,12/31/2021 8:04 PM,สุรชัย เจริญราษฎร์,SuracCha@bot.or.th,ปกติ,,,12/19/2025 3:57 PM,Rohman Hanirae (เร๊าะมัน หะนิแร)
30B05FEX1005,BF2000,10 ปอนด์,ทางขึ้นห้องพัก 3,8/6/2021,สภอ.,TRUE,12/31/2021 8:04 PM,สุรชัย เจริญราษฎร์,SuracCha@bot.or.th,ปกติ,,,12/19/2025 3:57 PM,Rohman Hanirae (เร๊าะมัน หะนิแร)
30B05FEX1006,BF2000,10 ปอนด์,ทางขึ้นห้องพัก 4,6/19/2021,สภอ.,TRUE,12/31/2021 8:04 PM,สุรชัย เจริญราษฎร์,SuracCha@bot.or.th,ปกติ,,,12/19/2025 3:57 PM,Rohman Hanirae (เร๊าะมัน หะนิแร)
42B02FEX1002,CO2,10 ปอนด์,ในตู้หน้าห้องน้ำ อาคาร B2,11/15/2004,ศสร.,TRUE,5/28/2024 3:57 PM,พงษ์ชัย ถิรเบญญานุกุล,PongchaT@bot.or.th,ปกติ,,,5/28/2024 3:57 PM,Pongchai Thirabenyanukul (พงษ์ชัย ถิรเบญญานุกุล)
42B03FEX1003,Halotron,10 ปอนด์,ภายในป้อม รปภ.จ้าง อาคาร B3,12/2/2022,ศสร.,TRUE,5/28/2024 3:58 PM,พงษ์ชัย ถิรเบญญานุกุล,PongchaT@bot.or.th,ปกติ,,,5/28/2024 3:58 PM,Pongchai Thirabenyanukul (พงษ์ชัย ถิรเบญญานุกุล)
42B03FEX1004,CO2,10 ปอนด์,ภายในป้อมตำรวจรักษาการณ์ อาคาร B3,11/15/2004,ศสร.,TRUE,5/28/2024 3:58 PM,พงษ์ชัย ถิรเบญญานุกุล,PongchaT@bot.or.th,ปกติ,,,5/28/2024 3:58 PM,Pongchai Thirabenyanukul (พงษ์ชัย ถิรเบญญานุกุล)
42B01FEX1005,CO2,10 ปอนด์,ห้องควบคุมงาน รปภ.ศสร.(ประจำห้อง NCC),11/15/2004,ศสร.,TRUE,5/28/2024 3:58 PM,พงษ์ชัย ถิรเบญญานุกุล,PongchaT@bot.or.th,ปกติ,,,5/28/2024 3:58 PM,Pongchai Thirabenyanukul (พงษ์ชัย ถิรเบญญานุกุล)
42B01FEX1006,CO2,10 ปอนด์,ห้องควบคุมงาน รปภ.ศสร.,11/15/2004,ศสร.,TRUE,5/28/2024 3:59 PM,พงษ์ชัย ถิรเบญญานุกุล,PongchaT@bot.or.th,ปกติ,,,5/28/2024 3:59 PM,Pongchai Thirabenyanukul (พงษ์ชัย ถิรเบญญานุกุล)
42B01FEX1007,CO2,10 ปอนด์,ห้องควบคุมงาน รปภ.ศสร.,11/15/2004,ศสร.,TRUE,5/28/2024 3:59 PM,พงษ์ชัย ถิรเบญญานุกุล,PongchaT@bot.or.th,ปกติ,,,5/28/2024 3:59 PM,Pongchai Thirabenyanukul (พงษ์ชัย ถิรเบญญานุกุล)
42B01FEX1008,CO2,10 ปอนด์,ห้องควบคุมงาน รปภ.ศสร.,11/15/2004,ศสร.,TRUE,5/28/2024 4:00 PM,พงษ์ชัย ถิรเบญญานุกุล,PongchaT@bot.or.th,ปกติ,,,5/28/2024 4:00 PM,Pongchai Thirabenyanukul (พงษ์ชัย ถิรเบญญานุกุล)
42B01FEX1009,BF2000,10 ปอนด์,ห้องควบคุมงาน รปภ.ศสร.(ประจำห้อง NCC),1/1/2014,ศสร.,TRUE,5/28/2024 4:00 PM,พงษ์ชัย ถิรเบญญานุกุล,PongchaT@bot.or.th,ปกติ,,,5/28/2024 4:00 PM,Pongchai Thirabenyanukul (พงษ์ชัย ถิรเบญญานุกุล)
42B01FEX1010,BF2000,10 ปอนด์,ห้องควบคุมงาน รปภ.ศสร.(ประจำห้อง NCC),8/24/2006,ศสร.,TRUE,5/28/2024 4:08 PM,พงษ์ชัย ถิรเบญญานุกุล,PongchaT@bot.or.th,ปกติ,,,5/28/2024 4:08 PM,Pongchai Thirabenyanukul (พงษ์ชัย ถิรเบญญานุกุล)
42B01FEX1011,BF2000,10 ปอนด์,หน้าห้องทำลายธนบัตร,1/1/2014,ศสร.,TRUE,5/28/2024 4:11 PM,พงษ์ชัย ถิรเบญญานุกุล,PongchaT@bot.or.th,ปกติ,,,5/28/2024 4:11 PM,Pongchai Thirabenyanukul (พงษ์ชัย ถิรเบญญานุกุล)
42B01FEX1012,CO2,10 ปอนด์,หน้าห้องน้ำ ด้านห้องสันทนาการ,11/15/2004,ศสร.,TRUE,5/28/2024 4:01 PM,พงษ์ชัย ถิรเบญญานุกุล,PongchaT@bot.or.th,ปกติ,,,5/28/2024 4:01 PM,Pongchai Thirabenyanukul (พงษ์ชัย ถิรเบญญานุกุล)
42B01FEX1013,CO2,10 ปอนด์,หน้าห้องน้ำ ด้านห้องสันทนาการ,11/15/2004,ศสร.,TRUE,5/28/2024 4:01 PM,พงษ์ชัย ถิรเบญญานุกุล,PongchaT@bot.or.th,ปกติ,,,5/28/2024 4:01 PM,Pongchai Thirabenyanukul (พงษ์ชัย ถิรเบญญานุกุล)
42B01FEX1014,Halotron,10 ปอนด์,ข้างห้องควบคุมระบบฯงานช่าง (NETWORK),12/2/2022,ศสร.,TRUE,5/28/2024 4:02 PM,พงษ์ชัย ถิรเบญญานุกุล,PongchaT@bot.or.th,ปกติ,,,5/28/2024 4:02 PM,Pongchai Thirabenyanukul (พงษ์ชัย ถิรเบญญานุกุล)
42B01FEX1015,BF2000,10 ปอนด์,ข้างห้องควบคุมระบบฯงานช่าง ในตู้ Fier Hose,8/24/2006,ศสร.,TRUE,5/28/2024 4:02 PM,พงษ์ชัย ถิรเบญญานุกุล,PongchaT@bot.or.th,ปกติ,,,5/28/2024 4:02 PM,Pongchai Thirabenyanukul (พงษ์ชัย ถิรเบญญานุกุล)
42B01FEX1016,Halotron,10 ปอนด์,ทางเดินหน้าห้อง NCC ในตู้ Fire Hose,12/2/2022,ศสร.,TRUE,5/28/2024 4:02 PM,พงษ์ชัย ถิรเบญญานุกุล,PongchaT@bot.or.th,ปกติ,,,5/28/2024 4:02 PM,Pongchai Thirabenyanukul (พงษ์ชัย ถิรเบญญานุกุล)
42B01FEX1017,Halotron,10 ปอนด์,หน้าห้องมั่นคงรอง,12/2/2022,ศสร.,TRUE,5/28/2024 4:02 PM,พงษ์ชัย ถิรเบญญานุกุล,PongchaT@bot.or.th,ปกติ,,,5/28/2024 4:02 PM,Pongchai Thirabenyanukul (พงษ์ชัย ถิรเบญญานุกุล)
42B01FEX1018,Halotron,10 ปอนด์,หน้าห้องมั่นคงรอง,12/2/2022,ศสร.,TRUE,5/28/2024 4:03 PM,พงษ์ชัย ถิรเบญญานุกุล,PongchaT@bot.or.th,ปกติ,,,5/28/2024 4:03 PM,Pongchai Thirabenyanukul (พงษ์ชัย ถิรเบญญานุกุล)
42B01FEX1019,Halotron,10 ปอนด์,ภายในห้องนับคัดธนบัตร ,12/2/2022,ศสร.,TRUE,5/28/2024 4:03 PM,พงษ์ชัย ถิรเบญญานุกุล,PongchaT@bot.or.th,ปกติ,,,5/28/2024 4:03 PM,Pongchai Thirabenyanukul (พงษ์ชัย ถิรเบญญานุกุล)
42B01FEX1021,Halotron,10 ปอนด์,หน้าห้องทำลายธนบัตร ในตู้ Fire Hose,12/2/2022,ศสร.,TRUE,5/28/2024 4:03 PM,พงษ์ชัย ถิรเบญญานุกุล,PongchaT@bot.or.th,ปกติ,,,5/28/2024 4:03 PM,Pongchai Thirabenyanukul (พงษ์ชัย ถิรเบญญานุกุล)
42B01FEX1022,Halotron,10 ปอนด์,หน้าห้อง รับ - จ่าย  ธพ.,12/2/2022,ศสร.,TRUE,5/28/2024 4:04 PM,พงษ์ชัย ถิรเบญญานุกุล,PongchaT@bot.or.th,ปกติ,,,5/28/2024 4:04 PM,Pongchai Thirabenyanukul (พงษ์ชัย ถิรเบญญานุกุล)
42B01FEX1023,Halotron,10 ปอนด์,หน้าห้อง รับ - จ่าย  ธพ.,12/2/2022,ศสร.,TRUE,5/28/2024 4:04 PM,พงษ์ชัย ถิรเบญญานุกุล,PongchaT@bot.or.th,ปกติ,,,5/28/2024 4:04 PM,Pongchai Thirabenyanukul (พงษ์ชัย ถิรเบญญานุกุล)
42B01FEX1024,Halotron,10 ปอนด์,ชานขนถ่าย ลานจอดรถ,12/2/2022,ศสร.,TRUE,5/28/2024 4:04 PM,พงษ์ชัย ถิรเบญญานุกุล,PongchaT@bot.or.th,ปกติ,,,5/28/2024 4:04 PM,Pongchai Thirabenyanukul (พงษ์ชัย ถิรเบญญานุกุล)
42B01FEX1025,BF2000,10 ปอนด์,ชานขนถ่าย ลานจอดรถ,11/15/2004,ศสร.,TRUE,5/28/2024 4:04 PM,พงษ์ชัย ถิรเบญญานุกุล,PongchaT@bot.or.th,ปกติ,,,5/28/2024 4:05 PM,Pongchai Thirabenyanukul (พงษ์ชัย ถิรเบญญานุกุล)
42B01FEX1026,Halotron,10 ปอนด์,หน้าห้องเครื่องปั๊มน้ำดับเพลิง,12/2/2022,ศสร.,TRUE,5/28/2024 4:05 PM,พงษ์ชัย ถิรเบญญานุกุล,PongchaT@bot.or.th,ปกติ,,,5/28/2024 4:05 PM,Pongchai Thirabenyanukul (พงษ์ชัย ถิรเบญญานุกุล)
42B01FEX1027,Halotron,10 ปอนด์,หน้าห้องเครื่องปั๊มน้ำดับเพลิง,12/2/2022,ศสร.,TRUE,5/28/2024 4:05 PM,พงษ์ชัย ถิรเบญญานุกุล,PongchaT@bot.or.th,ปกติ,,,5/28/2024 4:05 PM,Pongchai Thirabenyanukul (พงษ์ชัย ถิรเบญญานุกุล)
42B01FEX1028,Halotron,10 ปอนด์,ภายในห้องบีบอัด อาคาร B4,12/2/2022,ศสร.,TRUE,5/28/2024 4:05 PM,พงษ์ชัย ถิรเบญญานุกุล,PongchaT@bot.or.th,ปกติ,,,5/28/2024 4:05 PM,Pongchai Thirabenyanukul (พงษ์ชัย ถิรเบญญานุกุล)
42B01FEX1029,BF2000,10 ปอนด์,ทางเดินหน้าห้อง ATM,8/24/2006,ศสร.,TRUE,5/28/2024 4:06 PM,พงษ์ชัย ถิรเบญญานุกุล,PongchaT@bot.or.th,ปกติ,,,8/29/2024 11:33 PM,Pongchai Thirabenyanukul (พงษ์ชัย ถิรเบญญานุกุล)
42B01FEX1030,Dry che,15 ปอนด์,ภายในห้องเครื่องปั่นไฟฟ้าสำรอง,8/1/2020,ศสร.,TRUE,5/28/2024 4:06 PM,พงษ์ชัย ถิรเบญญานุกุล,PongchaT@bot.or.th,ปกติ,,,5/28/2024 4:06 PM,Pongchai Thirabenyanukul (พงษ์ชัย ถิรเบญญานุกุล)
20BNOFEX0201,Ade2000,10 ปอนด์,ข้างประตูหนีไฟ  อ.1/G หน้าลิฟท์คู่,8/11/2020,สภน.,TRUE,,,,ปกติ,,,12/19/2025 3:57 PM,Rohman Hanirae (เร๊าะมัน หะนิแร)
20BNOFEX0202,Ade2000,10 ปอนด์,ข้างประตูหนีไฟ  อ.1/G หน้าลิฟท์คู่,8/23/2021,สภน.,TRUE,,,,ปกติ,,,12/19/2025 3:57 PM,Rohman Hanirae (เร๊าะมัน หะนิแร)
20BNOFEX0203,Ade2000,10 ปอนด์,ข้างประตูหนีไฟ  อ.1/G หน้าลิฟท์ขนของ,8/23/2021,สภน.,TRUE,,,,ปกติ,,,12/19/2025 3:57 PM,Rohman Hanirae (เร๊าะมัน หะนิแร)
20BNOFEX1003,BF2000,15 ปอนด์,หน้าห้องน้ำ (หลังเคาน์เตอร์ 104) อ.1/1,8/3/2017,สภน.,TRUE,,,,,,,12/19/2025 3:57 PM,Rohman Hanirae (เร๊าะมัน หะนิแร)
20BNMFEX0101,Ade2000,10 ปอนด์,ข้างประตูห้องใต้ดิน อ.2/B ชั้นใต้ดินหน้าลิฟท์,8/23/2021,สภน.,TRUE,,,,ปกติ,,,12/19/2025 3:57 PM,Rohman Hanirae (เร๊าะมัน หะนิแร)
20BNMFEX0102,Ade2000,10 ปอนด์,ข้างประตูห้องใต้ดิน อ.2/B ชั้นใต้ดินหน้าลิฟท์,8/23/2021,สภน.,TRUE,,,,ปกติ,,,12/19/2025 3:57 PM,Rohman Hanirae (เร๊าะมัน หะนิแร)
20BNMFEX0103,Ade2000,10 ปอนด์,ห้องทำงานช่าง อ.2/B ชั้นใต้ดิน,8/23/2021,สภน.,TRUE,,,,ปกติ,,,12/19/2025 3:57 PM,Rohman Hanirae (เร๊าะมัน หะนิแร)
20BNOFEX3007,Ade2000,10 ปอนด์,ห้องสมุด (หลังเคาน์เตอร์) อ.1/3,8/23/2021,สภน.,TRUE,,,,ปกติ,,,12/19/2025 3:57 PM,Rohman Hanirae (เร๊าะมัน หะนิแร)
20BNMFEX0201,Ade2000,10 ปอนด์,ข้างประตูหลังเคาน์เตอร์ รปภ. อ.2/G,8/23/2021,สภน.,TRUE,,,,ปกติ,,,12/19/2025 3:57 PM,Rohman Hanirae (เร๊าะมัน หะนิแร)
20BNOFEX1004,BF2000,10 ปอนด์,จุดรับ-แลกเงิน (เก่า) อ.1/1 ด้านหน้า,9/9/2019,สภน.,TRUE,,,,,,,12/19/2025 3:57 PM,Rohman Hanirae (เร๊าะมัน หะนิแร)
20BNMFEX0202,Ade2000,10 ปอนด์,ข้างลิฟต์ อ.2/G ตรงที่บันทึกบัตร ลูกจ้าง,8/23/2021,สภน.,TRUE,,,,ปกติ,,,12/19/2025 3:57 PM,Rohman Hanirae (เร๊าะมัน หะนิแร)
20BNOFEX1005,Ade2000,10 ปอนด์,จุดรับ-แลกเงิน (เก่า) อ.1/1 ด้านหน้า,8/23/2021,สภน.,TRUE,,,,ปกติ,,,12/19/2025 3:57 PM,Rohman Hanirae (เร๊าะมัน หะนิแร)
20BNOFEX1006,BF2000,15 ปอนด์,ข้างประตูหนีไฟ อ.1/1 หน้าลิฟท์ขนของ,8/3/2017,สภน.,TRUE,,,,,,,12/19/2025 3:57 PM,Rohman Hanirae (เร๊าะมัน หะนิแร)
20BNMFEX0203,Ade2000,10 ปอนด์,ข้างลิฟต์ อ.2/G ตรงที่บันทึกบัตร ลูกจ้าง,8/23/2021,สภน.,TRUE,,,,ปกติ,,,12/19/2025 3:57 PM,Rohman Hanirae (เร๊าะมัน หะนิแร)
20BNOFEX1007,Ade2000,10 ปอนด์,ข้างประตูหนีไฟ อ.1/1 หน้าลิฟท์ขนของ,8/23/2021,สภน.,TRUE,,,,ปกติ,,,12/19/2025 3:57 PM,Rohman Hanirae (เร๊าะมัน หะนิแร)
20BNOFEX3008,BF2000,10 ปอนด์,ห้องสมุด  อ.1/3 ลิฟท์ขนของ,9/9/2019,สภน.,TRUE,,,,,,,12/19/2025 3:57 PM,Rohman Hanirae (เร๊าะมัน หะนิแร)
20BNOFEX2001,BF2000,15 ปอนด์,ข้างประตูหนีไฟ  อ.1/2 หน้าลิฟท์คู่,8/3/2017,สภน.,TRUE,,,,,,,12/19/2025 3:57 PM,Rohman Hanirae (เร๊าะมัน หะนิแร)
20BNMFEX1001,Ade2000,10 ปอนด์,ข้างลิฟท์ อ.2/1 หลังห้องประชุม,8/23/2021,สภน.,TRUE,,,,ปกติ,,,12/19/2025 3:57 PM,Rohman Hanirae (เร๊าะมัน หะนิแร)
20BNOFEX2002,Ade2000,10 ปอนด์,ข้างประตูหนีไฟ  อ.1/2 หน้าลิฟท์คู่,8/23/2021,สภน.,TRUE,,,,ปกติ,,,12/19/2025 3:57 PM,Rohman Hanirae (เร๊าะมัน หะนิแร)
20BNOFEX3009,BF2000,15 ปอนด์,ข้างประตูหนีไฟ  อ.1/3 ลิฟท์ขนของ,9/9/2019,สภน.,TRUE,,,,,,,12/19/2025 3:57 PM,Rohman Hanirae (เร๊าะมัน หะนิแร)
20BNMFEX1002,Ade2000,10 ปอนด์,ข้างลิฟท์ อ.2/1 หลังห้องประชุม,8/23/2021,สภน.,TRUE,,,,ปกติ,,,12/19/2025 3:57 PM,Rohman Hanirae (เร๊าะมัน หะนิแร)
20BNOFEX2003,BF2000,15 ปอนด์,ข้างห้อง 218 อ.1/2,8/3/2017,สภน.,TRUE,,,,,,,12/19/2025 3:57 PM,Rohman Hanirae (เร๊าะมัน หะนิแร)
20BNOFEX2004,Ade2000,10 ปอนด์,ข้างห้อง 218 อ.1/2,8/23/2021,สภน.,TRUE,,,,ปกติ,,,12/19/2025 3:57 PM,Rohman Hanirae (เร๊าะมัน หะนิแร)
20BNMFEX1003,Ade2000,10 ปอนด์,หน้าห้องน้ำ อ.2/1 ด้านหน้าห้องประชุม,8/23/2021,สภน.,TRUE,,,,ปกติ,,,12/19/2025 3:57 PM,Rohman Hanirae (เร๊าะมัน หะนิแร)
20BNOFEX2005,BF2000,15 ปอนด์,ทางเข้าห้องพระ อ.1/2,8/3/2017,สภน.,TRUE,,,,,,,12/19/2025 3:57 PM,Rohman Hanirae (เร๊าะมัน หะนิแร)
20BNMFEX1004,Ade2000,10 ปอนด์,หน้าห้องน้ำ อ.2/1 ด้านหน้าห้องประชุม,8/23/2021,สภน.,TRUE,,,,ปกติ,,,12/19/2025 3:57 PM,Rohman Hanirae (เร๊าะมัน หะนิแร)
20BNOFEX2006,Ade2000,10 ปอนด์,ทางเข้าห้องพระ อ.1/2,8/23/2021,สภน.,TRUE,,,,ปกติ,,,12/19/2025 3:57 PM,Rohman Hanirae (เร๊าะมัน หะนิแร)
20BNOFEX3010,Ade2000,10 ปอนด์,ข้างประตูหนีไฟ  อ.1/3 ลิฟท์ขนของ,8/23/2021,สภน.,TRUE,,,,ปกติ,,,12/19/2025 3:57 PM,Rohman Hanirae (เร๊าะมัน หะนิแร)
20BNMFEX6001,Ade2000,10 ปอนด์,ประตูขึ้นชั้นดาดฟ้า อ.2/2,8/23/2021,สภน.,TRUE,,,,ปกติ,,,12/19/2025 3:58 PM,Rohman Hanirae (เร๊าะมัน หะนิแร)
20BNOFEX2007,BF2000,15 ปอนด์,ข้างประตูหนีไฟ อ.1/2 ข้างลิฟท์ขนของ,8/3/2017,สภน.,TRUE,,,,,,,12/19/2025 3:58 PM,Rohman Hanirae (เร๊าะมัน หะนิแร)
20BNOFEX3011,BF2000,10 ปอนด์,หน้าลิฟท์ขนของ อ.1/3 ,9/9/2019,สภน.,TRUE,,,,,,,12/19/2025 3:58 PM,Rohman Hanirae (เร๊าะมัน หะนิแร)
20BNOFEX2008,BF2000,10 ปอนด์,หน้าลิฟท์ขนของ อ.1/2,9/9/2016,สภน.,TRUE,,,,,,,12/19/2025 3:58 PM,Rohman Hanirae (เร๊าะมัน หะนิแร)
20BNMFEX6002,Ade2000,10 ปอนด์,ห้อง AHU ชั้นดาดฟ้าอาคาร 2,8/23/2021,สภน.,TRUE,,,,ปกติ,,,12/19/2025 3:58 PM,Rohman Hanirae (เร๊าะมัน หะนิแร)
20BNOFEX3001,Ade2000,10 ปอนด์,ข้างประตูหนีไฟ  อ.1/3 หน้าลิฟท์คู่,8/23/2021,สภน.,TRUE,,,,ปกติ,,,12/19/2025 3:58 PM,Rohman Hanirae (เร๊าะมัน หะนิแร)
20BNMFEX6003,Ade2000,10 ปอนด์,ห้อง AHU ชั้นดาดฟ้าอาคาร 2,8/23/2021,สภน.,TRUE,,,,ปกติ,,,12/19/2025 3:58 PM,Rohman Hanirae (เร๊าะมัน หะนิแร)
20BNOFEX3002,Ade2000,10 ปอนด์,ข้างประตูหนีไฟ  อ.1/3 หน้าลิฟท์คู่,8/23/2021,สภน.,TRUE,,,,ปกติ,,,12/19/2025 3:58 PM,Rohman Hanirae (เร๊าะมัน หะนิแร)
20BNMFEX6004,Ade2000,10 ปอนด์,ห้องพัดลมเครื่องปรับอากาศชั้นดาดฟ้า,8/23/2021,สภน.,TRUE,,,,ปกติ,,,12/19/2025 3:58 PM,Rohman Hanirae (เร๊าะมัน หะนิแร)
20BNOFEX3003,BF2000,15 ปอนด์,ข้างประตูส่วนเศรษฐกิจภาค อ.1/3 (ก๊อกน้ำ),9/9/2016,สภน.,TRUE,,,,,,,12/19/2025 3:58 PM,Rohman Hanirae (เร๊าะมัน หะนิแร)
20BNOFEX3012,Ade2000,10 ปอนด์,ห้องเก็บของ ส่วนคุ้มครองฯ อ.1/3 ,8/23/2021,สภน.,TRUE,,,,ปกติ,,,12/19/2025 3:58 PM,Rohman Hanirae (เร๊าะมัน หะนิแร)
20BNOFEX3004,Ade2000,10 ปอนด์,ข้างประตูส่วนเศรษฐกิจภาค อ.1/3 (ก๊อกน้ำ),8/23/2021,สภน.,TRUE,,,,ปกติ,,,12/19/2025 3:58 PM,Rohman Hanirae (เร๊าะมัน หะนิแร)
20BNOFEX3005,Ade2000,10 ปอนด์,ห้องถ่ายเอกสารส่วนเศรษฐกิจภาค อ.1/3,8/23/2021,สภน.,TRUE,,,,ปกติ,,,12/19/2025 3:58 PM,Rohman Hanirae (เร๊าะมัน หะนิแร)
20BNOFEX3006,BF2000,10 ปอนด์,ห้องสมุด (หลังเคาน์เตอร์) อ.1/3,9/9/2019,สภน.,TRUE,,,,,,,12/19/2025 3:58 PM,Rohman Hanirae (เร๊าะมัน หะนิแร)
20BC1FEX0201,Ade2000,10 ปอนด์,ข้างลิฟต์ อ.4/1 ชั้น G,7/19/2022,สภน.,TRUE,,,,ปกติ,,,12/19/2025 3:58 PM,Rohman Hanirae (เร๊าะมัน หะนิแร)
20BC3FEX4002,Ade2000,10 ปอนด์,หลังลิฟต์ อ.5/1 ชั้น 4,4/29/2024,สภน.,TRUE,,,,ปกติ,,,12/19/2025 3:58 PM,Rohman Hanirae (เร๊าะมัน หะนิแร)
20BC1FEX0202,BF2000,10 ปอนด์,ข้างลิฟต์ อ.4/1 ชั้น G,7/19/2022,สภน.,TRUE,,,,,,,12/19/2025 3:58 PM,Rohman Hanirae (เร๊าะมัน หะนิแร)
20BNOFEX4001,BF2000,10 ปอนด์,ข้างประตูหนีไฟ ชั้น 4 หน้าลิฟท์คู่,11/2/2013,สภน.,TRUE,,,,,,,12/19/2025 3:58 PM,Rohman Hanirae (เร๊าะมัน หะนิแร)
20BC4FEX0202,BF2000,10 ปอนด์,หลังลิฟต์ อ.5/2 ชั้น G,7/19/2022,สภน.,TRUE,,,,,,,12/19/2025 3:58 PM,Rohman Hanirae (เร๊าะมัน หะนิแร)
20BC4FEX0203,BF2000,10 ปอนด์,หลังลิฟต์ อ.5/2 ชั้น G,7/19/2022,สภน.,TRUE,,,,,,,12/19/2025 3:58 PM,Rohman Hanirae (เร๊าะมัน หะนิแร)
20BC1FEX1001,BF2000,10 ปอนด์,หลังลิฟต์ อ.4/1 ชั้น 1,7/19/2022,สภน.,TRUE,,,,,,,12/19/2025 3:58 PM,Rohman Hanirae (เร๊าะมัน หะนิแร)
20BC4FEX1001,BF2000,10 ปอนด์,หลังลิฟต์ อ.5/2 ชั้น 1,7/19/2022,สภน.,TRUE,,,,,,,12/19/2025 3:58 PM,Rohman Hanirae (เร๊าะมัน หะนิแร)
20BC1FEX1002,BF2000,10 ปอนด์,หลังลิฟต์ อ.4/1 ชั้น 1,7/19/2022,สภน.,TRUE,,,,,,,12/19/2025 3:58 PM,Rohman Hanirae (เร๊าะมัน หะนิแร)
20BNOFEX4002,Ade2000,10 ปอนด์,ข้างประตูหนีไฟ  ชั้น 4 หน้าลิฟท์คู่,8/23/2021,สภน.,TRUE,,,,ปกติ,,,12/19/2025 3:58 PM,Rohman Hanirae (เร๊าะมัน หะนิแร)
20BC4FEX1002,BF2000,10 ปอนด์,หลังลิฟต์ อ.5/2 ชั้น 1,7/19/2022,สภน.,TRUE,,,,,,,12/19/2025 3:58 PM,Rohman Hanirae (เร๊าะมัน หะนิแร)
20BC1FEX2001,BF2000,10 ปอนด์,หลังลิฟต์ อ.4/1 ชั้น 2,7/19/2022,สภน.,TRUE,,,,,,,12/19/2025 3:58 PM,Rohman Hanirae (เร๊าะมัน หะนิแร)
20BC4FEX2001,BF2000,10 ปอนด์,หลังลิฟต์ อ.5/2 ชั้น 2,7/19/2022,สภน.,TRUE,,,,,,,12/19/2025 3:58 PM,Rohman Hanirae (เร๊าะมัน หะนิแร)
20BNOFEX4003,BF2000,10 ปอนด์,ข้างก๊อกน้ำ ชั้น 4 ฝั่งถนนกำจาย,9/9/2019,สภน.,TRUE,,,,,,,12/19/2025 3:58 PM,Rohman Hanirae (เร๊าะมัน หะนิแร)
20BC1FEX2002,BF2000,10 ปอนด์,หลังลิฟต์ อ.4/1 ชั้น 2,7/19/2022,สภน.,TRUE,,,,,,,12/19/2025 3:58 PM,Rohman Hanirae (เร๊าะมัน หะนิแร)
20BC4FEX2002,BF2000,10 ปอนด์,หลังลิฟต์ อ.5/2 ชั้น 2,7/19/2022,สภน.,TRUE,,,,,,,12/19/2025 3:58 PM,Rohman Hanirae (เร๊าะมัน หะนิแร)
20BC4FEX3001,BF2000,10 ปอนด์,หลังลิฟต์ อ.5/2 ชั้น 3,7/19/2022,สภน.,TRUE,,,,,,,12/19/2025 3:58 PM,Rohman Hanirae (เร๊าะมัน หะนิแร)
20BNOFEX4004,Ade2000,10 ปอนด์,ข้างก๊อกน้ำ  ชั้น 4 ฝั่งถนนกำจาย,8/23/2021,สภน.,TRUE,,,,ปกติ,,,12/19/2025 3:58 PM,Rohman Hanirae (เร๊าะมัน หะนิแร)
20BC4FEX3002,BF2000,10 ปอนด์,หลังลิฟต์ อ.5/2 ชั้น 3,7/19/2022,สภน.,TRUE,,,,,,,12/19/2025 3:58 PM,Rohman Hanirae (เร๊าะมัน หะนิแร)
20BC4FEX4001,BF2000,10 ปอนด์,หลังลิฟต์ อ.5/2 ชั้น 4,7/19/2022,สภน.,TRUE,,,,,,,12/19/2025 3:58 PM,Rohman Hanirae (เร๊าะมัน หะนิแร)
20BC4FEX4002,BF2000,10 ปอนด์,หลังลิฟต์ อ.5/2 ชั้น 4,7/19/2022,สภน.,TRUE,,,,,,,12/19/2025 3:58 PM,Rohman Hanirae (เร๊าะมัน หะนิแร)
20BNOFEX4005,BF2000,10 ปอนด์,พื้นที่สำรอง (ติดด้านในเสา) ชั้น 4,9/9/2019,สภน.,TRUE,,,,,,,12/19/2025 3:58 PM,Rohman Hanirae (เร๊าะมัน หะนิแร)
20BSCFEX1001,Dry che,10 ปอนด์,ข้างอาคาร อ.6 ด้านถนกำจาย (ทิศใต้),1/1/1996,สภน.,TRUE,,,,,,,12/19/2025 3:58 PM,Rohman Hanirae (เร๊าะมัน หะนิแร)
20BNOFEX4006,BF2000,10 ปอนด์,พื้นที่สำรอง (ติดด้านในเสา) ชั้น 4,9/9/2019,สภน.,TRUE,,,,,,,12/19/2025 3:58 PM,Rohman Hanirae (เร๊าะมัน หะนิแร)
20BSCFEX1002,Dry che,10 ปอนด์,ข้างอาคาร อ.6 ด้านถนกำจาย (ทิศใต้),1/1/1996,สภน.,TRUE,,,,,,,12/19/2025 3:58 PM,Rohman Hanirae (เร๊าะมัน หะนิแร)
20BSCFEX1003,Dry che,10 ปอนด์,ข้างอาคาร อ.6 ด้านถนกำจาย (ทิศใต้),1/1/1996,สภน.,TRUE,,,,,,,12/19/2025 3:58 PM,Rohman Hanirae (เร๊าะมัน หะนิแร)
20BNOFEX4007,BF2000,10 ปอนด์,ข้างก๊อกน้ำ+ข้างประตูหนีไฟ ชั้น 4 ลิฟท์ขนของ,9/9/2019,สภน.,TRUE,,,,,,,12/19/2025 3:58 PM,Rohman Hanirae (เร๊าะมัน หะนิแร)
20BSCFEX1004,Dry che,10 ปอนด์,หลังอาคาร อ.6,1/1/1996,สภน.,TRUE,,,,,,,12/19/2025 3:58 PM,Rohman Hanirae (เร๊าะมัน หะนิแร)
20BSCFEX1005,Dry che,10 ปอนด์,หลังอาคาร อ.6,1/1/1996,สภน.,TRUE,,,,,,,12/19/2025 3:58 PM,Rohman Hanirae (เร๊าะมัน หะนิแร)
20BSCFEX1006,Dry che,10 ปอนด์,หลังอาคาร อ.6,1/1/1996,สภน.,TRUE,,,,,,,12/19/2025 3:58 PM,Rohman Hanirae (เร๊าะมัน หะนิแร)
20BNOFEX4008,Ade2000,10 ปอนด์,ข้างก๊อกน้ำ+ข้างประตูหนีไฟ ชั้น 4 ลิฟท์ขนของ,8/23/2021,สภน.,TRUE,,,,ปกติ,,,12/19/2025 3:58 PM,Rohman Hanirae (เร๊าะมัน หะนิแร)
20BSCFEX1007,Dry che,10 ปอนด์,หน้าห้องไฟฟ้าสำรอง อ.6 ด้านหลัง,1/1/1996,สภน.,TRUE,,,,,,,12/19/2025 3:58 PM,Rohman Hanirae (เร๊าะมัน หะนิแร)
20BNOFEX4009,BF2000,10 ปอนด์,หน้าลิฟท์ขนของ อ.1/4 ,9/9/2019,สภน.,TRUE,,,,,,,12/19/2025 3:58 PM,Rohman Hanirae (เร๊าะมัน หะนิแร)
20BNOFEX4010,BF2000,10 ปอนด์,ห้องเก็บของ ชั้น 4 ฝั่งโชตนา,9/9/2019,สภน.,TRUE,,,,,,,12/19/2025 3:59 PM,Rohman Hanirae (เร๊าะมัน หะนิแร)
20BSCFEX1008,Dry che,10 ปอนด์,หน้าห้องไฟฟ้าสำรอง อ.6 ด้านหลัง,1/1/1996,สภน.,TRUE,,,,,,,12/19/2025 3:59 PM,Rohman Hanirae (เร๊าะมัน หะนิแร)
20BSCFEX1009,Dry che,10 ปอนด์,ในห้องไฟฟ้าสำรอง อ.6 ด้านหลัง,1/1/1996,สภน.,TRUE,,,,,,,12/19/2025 3:59 PM,Rohman Hanirae (เร๊าะมัน หะนิแร)
20BSCFEX1010,Dry che,10 ปอนด์,ในห้องไฟฟ้าสำรอง อ.6 ด้านหลัง,1/1/1996,สภน.,TRUE,,,,,,,12/19/2025 3:59 PM,Rohman Hanirae (เร๊าะมัน หะนิแร)
20BCLFEX1001,Dry che,10 ปอนด์,ด้านหลัง อ. 7 โรงยิม ,1/1/1996,สภน.,TRUE,,,,,,,12/19/2025 3:59 PM,Rohman Hanirae (เร๊าะมัน หะนิแร)
20BCLFEX1002,Dry che,10 ปอนด์,ด้านหลัง อ. 7 โรงยิม ,1/1/1996,สภน.,TRUE,,,,,,,12/19/2025 3:59 PM,Rohman Hanirae (เร๊าะมัน หะนิแร)
20BCLFEX1003,Dry che,10 ปอนด์,ด้านหลัง อ. 7 โรงยิม ,1/1/1996,สภน.,TRUE,,,,,,,12/19/2025 3:59 PM,Rohman Hanirae (เร๊าะมัน หะนิแร)
20BH1FEX1001,BF2000,10 ปอนด์,ข้างอาคาร 8 ด้านทิศเหนือ,8/23/2021,สภน.,TRUE,,,,,,,12/19/2025 3:59 PM,Rohman Hanirae (เร๊าะมัน หะนิแร)
20BHVFEX1001,BF2000,10 ปอนด์,ข้างเสาโรงรถ อ.9,9/19/2022,สภน.,TRUE,,,,,,,12/19/2025 3:59 PM,Rohman Hanirae (เร๊าะมัน หะนิแร)
20BC1FEX3001,BF2000,10 ปอนด์,ข้างลิฟต์ อ.4/1 ชั้น 3,7/19/2022,สภน.,TRUE,,,,,,,12/19/2025 3:59 PM,Rohman Hanirae (เร๊าะมัน หะนิแร)
20BH2FEX1001,BF2000,10 ปอนด์,ข้างเสาโรงรถ อ.10,9/19/2022,สภน.,TRUE,,,,,,,12/19/2025 3:59 PM,Rohman Hanirae (เร๊าะมัน หะนิแร)
20BH3FEX1001,BF2000,10 ปอนด์,ข้างเสาโรงรถ อ.11,7/19/2022,สภน.,TRUE,,,,,,,12/19/2025 3:59 PM,Rohman Hanirae (เร๊าะมัน หะนิแร)
20BC1FEX3002,BF2000,10 ปอนด์,ข้างลิฟต์ อ.4/1 ชั้น 3,7/19/2022,สภน.,TRUE,,,,,,,12/19/2025 3:59 PM,Rohman Hanirae (เร๊าะมัน หะนิแร)
20BH4FEX1001,BF2000,10 ปอนด์,ข้างเสาโรงรถ อ.12,7/19/2022,สภน.,TRUE,,,,,,,12/19/2025 3:59 PM,Rohman Hanirae (เร๊าะมัน หะนิแร)
20BMCFEX0201,Dry che,10 ปอนด์,ข้างบันได อ.13 ชั้น G ทิศตะวันตก,1/1/1996,สภน.,TRUE,,,,,,,12/19/2025 3:59 PM,Rohman Hanirae (เร๊าะมัน หะนิแร)
20BC1FEX4001,BF2000,10 ปอนด์,ข้างลิฟต์ อ.4/1 ชั้น 4,7/19/1996,สภน.,TRUE,,,,,,,12/19/2025 3:59 PM,Rohman Hanirae (เร๊าะมัน หะนิแร)
20BMCFEX0202,BF2000,10 ปอนด์,ข้างบันได อ.13 ชั้น G ทิศตะวันตก,7/19/2022,สภน.,TRUE,,,,,,,12/19/2025 3:59 PM,Rohman Hanirae (เร๊าะมัน หะนิแร)
20BC1FEX4002,BF2000,10 ปอนด์,ข้างลิฟต์ อ.4/1 ชั้น 4,7/19/2022,สภน.,TRUE,,,,,,,12/19/2025 3:59 PM,Rohman Hanirae (เร๊าะมัน หะนิแร)
20BMCFEX0203,Dry che,10 ปอนด์,ข้างบันได อ.13 ชั้น G ทิศตะวันออก,1/1/1996,สภน.,TRUE,,,,,,,12/19/2025 3:59 PM,Rohman Hanirae (เร๊าะมัน หะนิแร)
20BMCFEX0204,BF2000,10 ปอนด์,ข้างบันได อ.13 ชั้น G ทิศตะวันออก,7/19/2022,สภน.,TRUE,,,,,,,12/19/2025 3:59 PM,Rohman Hanirae (เร๊าะมัน หะนิแร)
20BC2FEX0201,CO2,10 ปอนด์,หน้าห้องหม้อแปลง อ.4/2 ชั้น G,1/1/1996,สภน.,TRUE,,,,,,,12/19/2025 3:59 PM,Rohman Hanirae (เร๊าะมัน หะนิแร)
20BMCFEX1001,Dry che,10 ปอนด์,ข้างบันได อ.13 ชั้น 1 ทิศตะวันตก,1/1/1996,สภน.,TRUE,,,,,,,12/19/2025 3:59 PM,Rohman Hanirae (เร๊าะมัน หะนิแร)
20BMCFEX1002,Dry che,10 ปอนด์,ข้างบันได อ.13 ชั้น 1 ทิศตะวันตก,1/1/1996,สภน.,TRUE,,,,,,,12/19/2025 3:59 PM,Rohman Hanirae (เร๊าะมัน หะนิแร)
20BC2FEX0202,BF2000,10 ปอนด์,ข้างลิฟต์ อ.4/2 ชั้น G,7/19/2022,สภน.,TRUE,,,,,,,12/19/2025 3:59 PM,Rohman Hanirae (เร๊าะมัน หะนิแร)
20BMCFEX1003,Dry che,10 ปอนด์,ข้างบันได อ.13 ชั้น 1 ทิศตะวันออก,1/1/1996,สภน.,TRUE,,,,,,,12/19/2025 3:59 PM,Rohman Hanirae (เร๊าะมัน หะนิแร)
20BC2FEX0203,BF2000,10 ปอนด์,ข้างลิฟต์ อ.4/2 ชั้น G,7/19/2022,สภน.,TRUE,,,,,,,12/19/2025 3:59 PM,Rohman Hanirae (เร๊าะมัน หะนิแร)
20BMCFEX1004,Dry che,10 ปอนด์,ข้างบันได อ.13 ชั้น 1 ทิศตะวันออก,1/1/1996,สภน.,TRUE,,,,,,,12/19/2025 3:59 PM,Rohman Hanirae (เร๊าะมัน หะนิแร)
20BC2FEX1001,BF2000,10 ปอนด์,หลังลิฟต์ อ.4/2 ชั้น 1,7/19/2022,สภน.,TRUE,,,,,,,12/19/2025 3:59 PM,Rohman Hanirae (เร๊าะมัน หะนิแร)
21BCMFEX0201,BF2000,10 ปอนด์,ข้างบันไดชั้นลอย ศชม. อ1/G,6/10/2017,ศชม.,TRUE,,,,,,,12/19/2025 3:59 PM,Rohman Hanirae (เร๊าะมัน หะนิแร)
20BC2FEX1002,BF2000,10 ปอนด์,หลังลิฟต์ อ.4/2 ชั้น 1,7/19/2022,สภน.,TRUE,,,,,,,12/19/2025 3:59 PM,Rohman Hanirae (เร๊าะมัน หะนิแร)
21BCMFEX0202,BF2000,10 ปอนด์,หน้าห้องสันทนาการ ศชม. อ1/G,6/10/2017,ศชม.,TRUE,,,,,,,12/19/2025 3:59 PM,Rohman Hanirae (เร๊าะมัน หะนิแร)
20BC2FEX2001,BF2000,10 ปอนด์,หลังลิฟต์ อ.4/2 ชั้น 2,7/19/2022,สภน.,TRUE,,,,,,,12/19/2025 3:59 PM,Rohman Hanirae (เร๊าะมัน หะนิแร)
21BCMFEX0203,BF2000,10 ปอนด์,หน้าห้องทำลายธนบัตร อ1/G,6/10/2017,ศชม.,TRUE,,,,,,,12/19/2025 3:59 PM,Rohman Hanirae (เร๊าะมัน หะนิแร)
20BC2FEX2002,BF2000,10 ปอนด์,หลังลิฟต์ อ.4/2 ชั้น 2,7/19/2022,สภน.,TRUE,,,,,,,12/19/2025 3:59 PM,Rohman Hanirae (เร๊าะมัน หะนิแร)
20BC2FEX3001,BF2000,10 ปอนด์,หลังลิฟต์ อ.4/2 ชั้น 3,7/19/2022,สภน.,TRUE,,,,,,,12/19/2025 3:59 PM,Rohman Hanirae (เร๊าะมัน หะนิแร)
21BCMFEX0204,BF2000,10 ปอนด์,ห้องทำลาย(ข้างเครื่องทำลาย) อ1/G,6/10/2017,ศชม.,TRUE,,,,,,,12/19/2025 3:59 PM,Rohman Hanirae (เร๊าะมัน หะนิแร)
21BCMFEX0205,BF2000,10 ปอนด์,ห้องนับคัด(ข้างโต๊ะมัดธนบัตร) อ1/G,6/10/2017,ศชม.,TRUE,,,,,,,12/19/2025 3:59 PM,Rohman Hanirae (เร๊าะมัน หะนิแร)
20BC2FEX3002,BF2000,10 ปอนด์,หลังลิฟต์ อ.4/2 ชั้น 3,7/19/2022,สภน.,TRUE,,,,,,,12/19/2025 3:59 PM,Rohman Hanirae (เร๊าะมัน หะนิแร)
21BCMFEX0206,BF2000,10 ปอนด์,ข้างประตูทางเชื่อม อ1/G,6/10/2017,ศชม.,TRUE,,,,,,,12/19/2025 3:59 PM,Rohman Hanirae (เร๊าะมัน หะนิแร)
21BCMFEX0207,BF2000,10 ปอนด์,หลังห้อง ผจก.ศชม. อ1/G,6/10/2017,ศชม.,TRUE,,,,,,,12/19/2025 3:59 PM,Rohman Hanirae (เร๊าะมัน หะนิแร)
20BC2FEX4001,BF2000,10 ปอนด์,หลังลิฟต์ อ.4/2 ชั้น 4,7/19/2022,สภน.,TRUE,,,,,,,12/19/2025 3:59 PM,Rohman Hanirae (เร๊าะมัน หะนิแร)
21BCMFEX0208,BF2000,10 ปอนด์,ข้างชานขนถ่าย อ1/G,6/10/2017,ศชม.,TRUE,,,,,,,12/19/2025 3:59 PM,Rohman Hanirae (เร๊าะมัน หะนิแร)
20BC2FEX4002,BF2000,10 ปอนด์,หลังลิฟต์ อ.4/2 ชั้น 4,7/19/2022,สภน.,TRUE,,,,,,,12/19/2025 3:59 PM,Rohman Hanirae (เร๊าะมัน หะนิแร)
21BCMFEX0209,BF2000,10 ปอนด์,หน้าห้องน้ำชานขนถ่าย อ1/G,6/10/2017,ศชม.,TRUE,,,,,,,12/19/2025 3:59 PM,Rohman Hanirae (เร๊าะมัน หะนิแร)
20BC3FEX0202,Dry che,10 ปอนด์,หลังลิฟต์ อ.5/1 ชั้น G,1/1/1996,สภน.,TRUE,,,,,,,12/19/2025 3:59 PM,Rohman Hanirae (เร๊าะมัน หะนิแร)
21BCMFEX0210,BF2000,10 ปอนด์,ห้องเก็บเศษธนบัตร อ1/G,6/10/2017,ศชม.,TRUE,,,,,,,12/19/2025 3:59 PM,Rohman Hanirae (เร๊าะมัน หะนิแร)
20BC3FEX1001,BF2000,10 ปอนด์,หลังลิฟต์ อ.5/1 ชั้น 1,7/19/2022,สภน.,TRUE,,,,,,,12/19/2025 4:00 PM,Rohman Hanirae (เร๊าะมัน หะนิแร)
20BC3FEX1002,BF2000,10 ปอนด์,หลังลิฟต์ อ.5/1 ชั้น 2,7/19/2022,สภน.,TRUE,,,,,,,12/19/2025 4:00 PM,Rohman Hanirae (เร๊าะมัน หะนิแร)
20CP1FEX1001,BF2000,10 ปอนด์,หน้าห้องพนักงานขับรถ P1,8/23/2021,สภน.,TRUE,,,,ปกติ,,,12/19/2025 4:00 PM,Rohman Hanirae (เร๊าะมัน หะนิแร)
20BC3FEX2001,BF2000,10 ปอนด์,หลังลิฟต์ อ.5/1 ชั้น 2,7/19/2022,สภน.,TRUE,,,,,,,12/19/2025 4:00 PM,Rohman Hanirae (เร๊าะมัน หะนิแร)
20CP1FEX1002,Ade2000,10 ปอนด์,หน้าห้องพนักงานขับรถ P1,8/23/2021,สภน.,TRUE,,,,ปกติ,,,12/19/2025 4:00 PM,Rohman Hanirae (เร๊าะมัน หะนิแร)
20BC3FEX2002,BF2000,10 ปอนด์,หลังลิฟต์ อ.5/1 ชั้น 2,7/19/2022,สภน.,TRUE,,,,,,,12/19/2025 4:00 PM,Rohman Hanirae (เร๊าะมัน หะนิแร)
20CP1FEX1003,Ade2000,10 ปอนด์,หน้าห้องพนักงานขับรถ P1,8/23/2021,สภน.,TRUE,,,,ปกติ,,,12/19/2025 4:00 PM,Rohman Hanirae (เร๊าะมัน หะนิแร)
20BC3FEX3001,Dry che,10 ปอนด์,หลังลิฟต์ อ.5/1 ชั้น 3,1/1/1996,สภน.,TRUE,,,,,,,12/19/2025 4:00 PM,Rohman Hanirae (เร๊าะมัน หะนิแร)
20CP1FEX1004,Ade2000,10 ปอนด์,ใต้บันไดวน P1,8/23/2021,สภน.,TRUE,,,,ปกติ,,,12/19/2025 4:00 PM,Rohman Hanirae (เร๊าะมัน หะนิแร)
20CP1FEX1005,Ade2000,10 ปอนด์,ใต้บันไดวน P1,8/23/2021,สภน.,TRUE,,,,ปกติ,,,12/19/2025 4:00 PM,Rohman Hanirae (เร๊าะมัน หะนิแร)
20BC3FEX3002,Dry che,10 ปอนด์,หลังลิฟต์ อ.5/1 ชั้น 3,1/1/1996,สภน.,TRUE,,,,,,,12/19/2025 4:00 PM,Rohman Hanirae (เร๊าะมัน หะนิแร)
20CP1FEX1006,Ade2000,10 ปอนด์,ใต้บันไดวน P1,8/23/2021,สภน.,TRUE,,,,ปกติ,,,12/19/2025 4:00 PM,Rohman Hanirae (เร๊าะมัน หะนิแร)
20BC3FEX4001,Dry che,10 ปอนด์,หลังลิฟต์ อ.5/1 ชั้น 4,1/1/1996,สภน.,TRUE,,,,,,,12/19/2025 4:00 PM,Rohman Hanirae (เร๊าะมัน หะนิแร)
20CP1FEX1007,Ade2000,10 ปอนด์,ลานจอดรถ P1,8/23/2021,สภน.,TRUE,,,,ปกติ,,,12/19/2025 4:00 PM,Rohman Hanirae (เร๊าะมัน หะนิแร)
20CP1FEX1008,Ade2000,10 ปอนด์,ลานจอดรถ P1,8/23/2021,สภน.,TRUE,,,,ปกติ,,,12/19/2025 4:00 PM,Rohman Hanirae (เร๊าะมัน หะนิแร)
20CP1FEX1009,Ade2000,10 ปอนด์,ลานจอดรถมุมด้านใน P1,8/23/2021,สภน.,TRUE,,,,ปกติ,,,12/19/2025 4:00 PM,Rohman Hanirae (เร๊าะมัน หะนิแร)
20CP1FEX1010,Ade2000,10 ปอนด์,ลานจอดรถมุมด้านใน P1,8/23/2021,สภน.,TRUE,,,,ปกติ,,,12/19/2025 4:00 PM,Rohman Hanirae (เร๊าะมัน หะนิแร)
20CP2FEX1001,Ade2000,10 ปอนด์,ลานจอดรถใต้บันได P2,8/23/2021,สภน.,TRUE,,,,ปกติ,,,12/19/2025 4:00 PM,Rohman Hanirae (เร๊าะมัน หะนิแร)
20CP2FEX1002,Ade2000,10 ปอนด์,ลานจอดรถใต้บันได P2,8/23/2021,สภน.,TRUE,,,,ปกติ,,,12/19/2025 4:00 PM,Rohman Hanirae (เร๊าะมัน หะนิแร)
20CP2FEX1003,Ade2000,10 ปอนด์,ลานจอดรถใต้บันได P2,8/23/2021,สภน.,TRUE,,,,ปกติ,,,12/19/2025 4:00 PM,Rohman Hanirae (เร๊าะมัน หะนิแร)
20CP2FEX1004,Ade2000,10 ปอนด์,เสาลานจอดรถ P2,8/23/2021,สภน.,TRUE,,,,ปกติ,,,12/19/2025 4:00 PM,Rohman Hanirae (เร๊าะมัน หะนิแร)
20CP2FEX1005,Ade2000,10 ปอนด์,เสาลานจอดรถ P2,8/23/2021,สภน.,TRUE,,,,ปกติ,,,12/19/2025 4:00 PM,Rohman Hanirae (เร๊าะมัน หะนิแร)
20CP2FEX1006,Ade2000,10 ปอนด์,เสากลางลานจอดรถ P2,8/23/2021,สภน.,TRUE,,,,ปกติ,,,12/19/2025 4:00 PM,Rohman Hanirae (เร๊าะมัน หะนิแร)
20CP2FEX1007,Ade2000,10 ปอนด์,เสากลางลานจอดรถ P2,8/23/2021,สภน.,TRUE,,,,ปกติ,,,12/19/2025 4:00 PM,Rohman Hanirae (เร๊าะมัน หะนิแร)
20CP2FEX1008,Ade2000,10 ปอนด์,มุมทางขึ้นลานจอดรถ P2,8/23/2021,สภน.,TRUE,,,,ปกติ,,,12/19/2025 4:00 PM,Rohman Hanirae (เร๊าะมัน หะนิแร)
20CP2FEX1009,Ade2000,10 ปอนด์,มุมทางขึ้นลานจอดรถ P2,8/23/2021,สภน.,TRUE,,,,ปกติ,,,12/19/2025 4:00 PM,Rohman Hanirae (เร๊าะมัน หะนิแร)
20CP2FEX1010,Ade2000,10 ปอนด์,มุมทางขึ้นลานจอดรถ P2,8/23/2021,สภน.,TRUE,,,,ปกติ,,,12/19/2025 4:00 PM,Rohman Hanirae (เร๊าะมัน หะนิแร)
20G01FEX0001,Dry che,10 ปอนด์,ป้อมรักษาการณ์ตำรวจธนาคาร  ต.1,1/1/1996,สภน.,TRUE,,,,,,,12/19/2025 4:00 PM,Rohman Hanirae (เร๊าะมัน หะนิแร)
20G01FEX0002,BF2000,10 ปอนด์,ป้อมรักษาการณ์ ต.1,7/19/2022,สภน.,TRUE,,,,,,,12/19/2025 4:00 PM,Rohman Hanirae (เร๊าะมัน หะนิแร)
20G01FEX0003,BF2000,10 ปอนด์,ป้อมรักษาการณ์ ต.1,7/19/2022,สภน.,TRUE,,,,,,,12/19/2025 4:00 PM,Rohman Hanirae (เร๊าะมัน หะนิแร)
20CR1FEX0201,BF2000,10 ปอนด์,ห้องควบคุม รปภ.สภน. อ.2/G,8/11/2020,สภน.,TRUE,,,,,,,12/19/2025 4:00 PM,Rohman Hanirae (เร๊าะมัน หะนิแร)
20G02FEX0001,BF2000,10 ปอนด์,ป้อมรักษาการณ์ ต.2,7/19/2022,สภน.,TRUE,,,,,,,12/19/2025 4:00 PM,Rohman Hanirae (เร๊าะมัน หะนิแร)
20G02FEX0002,BF2000,10 ปอนด์,ป้อมรักษาการณ์ ต.2,7/19/2022,สภน.,TRUE,,,,,,,12/19/2025 4:00 PM,Rohman Hanirae (เร๊าะมัน หะนิแร)
20CR1FEX0202,BF2000,10 ปอนด์,ห้องควบคุม รปภ.สภน. อ.2/G,8/11/2020,สภน.,TRUE,,,,,,,12/19/2025 4:00 PM,Rohman Hanirae (เร๊าะมัน หะนิแร)
20G03FEX0001,BF2000,10 ปอนด์,ป้อมรักษาการณ์ ต.3,7/19/2022,สภน.,TRUE,,,,,,,12/19/2025 4:00 PM,Rohman Hanirae (เร๊าะมัน หะนิแร)
20CR1FEX0203,BF2000,10 ปอนด์,ห้องควบคุม รปภ.สภน. อ.2/G,8/23/2001,สภน.,TRUE,,,,,,,12/19/2025 4:00 PM,Rohman Hanirae (เร๊าะมัน หะนิแร)
20G03FEX0002,BF2000,10 ปอนด์,ป้อมรักษาการณ์ ต.3,7/19/2022,สภน.,TRUE,,,,,,,12/19/2025 4:00 PM,Rohman Hanirae (เร๊าะมัน หะนิแร)
20G04FEX0001,BF2000,10 ปอนด์,ป้อมรักษาการณ์ ต.4,7/19/2022,สภน.,TRUE,,,,,,,12/19/2025 4:00 PM,Rohman Hanirae (เร๊าะมัน หะนิแร)
20CR1FEX0204,BF2000,10 ปอนด์,ห้องควบคุม รปภ.สภน. (ห้องพักเวร) อ.2/G,8/23/2021,สภน.,TRUE,,,,,,,12/19/2025 4:00 PM,Rohman Hanirae (เร๊าะมัน หะนิแร)
20G04FEX0002,BF2000,10 ปอนด์,ป้อมรักษาการณ์ ต.4,7/19/2022,สภน.,TRUE,,,,,,,12/19/2025 4:00 PM,Rohman Hanirae (เร๊าะมัน หะนิแร)
20CR1FEX0205,BF2000,10 ปอนด์,ป้อมรักษาการณ์ G1 อ.2/G,8/23/2021,สภน.,TRUE,,,,,,,12/19/2025 4:00 PM,Rohman Hanirae (เร๊าะมัน หะนิแร)
20G04FEX0003,Dry che,10 ปอนด์,หน้าประตูโรงเก็บขยะ,1/1/1996,สภน.,TRUE,,,,,,,12/19/2025 4:00 PM,Rohman Hanirae (เร๊าะมัน หะนิแร)
20CR1FEX0206,BF2000,10 ปอนด์,ป้อมรักษาการณ์ G1 อ.2/G,8/23/2021,สภน.,TRUE,,,,,,,12/19/2025 4:00 PM,Rohman Hanirae (เร๊าะมัน หะนิแร)
20G05FEX0001,BF2000,10 ปอนด์,ป้อมรักษาการณ์ ต.5,7/19/2022,สภน.,TRUE,,,,,,,12/19/2025 4:00 PM,Rohman Hanirae (เร๊าะมัน หะนิแร)
20G05FEX0002,BF2000,10 ปอนด์,ป้อมรักษาการณ์ ต.5,7/19/2022,สภน.,TRUE,,,,,,,12/19/2025 4:00 PM,Rohman Hanirae (เร๊าะมัน หะนิแร)
20CR1FEX0207,BF2000,10 ปอนด์,ห้อง Server อ.2/G,8/11/2020,สภน.,TRUE,,,,,,,12/19/2025 4:00 PM,Rohman Hanirae (เร๊าะมัน หะนิแร)
20BE1FEX0201,BF2000,10 ปอนด์,ห้องควบคุมระบบไฟฟ้า (ห้องช่าง) อ.2/G,8/11/2020,สภน.,TRUE,,,,,,,12/19/2025 4:00 PM,Rohman Hanirae (เร๊าะมัน หะนิแร)
20BE1FEX0202,BF2000,10 ปอนด์,หน้าห้องไฟฟ้าสำรอง อ.2/G ด้านหน้าห้องช่าง,8/23/2021,สภน.,TRUE,,,,,,,12/19/2025 4:00 PM,Rohman Hanirae (เร๊าะมัน หะนิแร)
20BE1FEX0203,BF2000,10 ปอนด์,หน้าห้องไฟฟ้าสำรอง อ.2/G หน้าห้องช่าง,8/23/2021,สภน.,TRUE,,,,,,,12/19/2025 4:00 PM,Rohman Hanirae (เร๊าะมัน หะนิแร)
20BE1FEX0204,BF2000,10 ปอนด์,หน้าห้องไฟฟ้าสำรอง อ.2/G หน้าห้องช่าง,8/23/2021,สภน.,TRUE,,,,,,,12/19/2025 4:00 PM,Rohman Hanirae (เร๊าะมัน หะนิแร)
20BE1FEX0205,BF2000,10 ปอนด์,หน้าห้องไฟฟ้าสำรอง อ.2/G หน้าห้องช่าง,8/23/2021,สภน.,TRUE,,,,,,,12/19/2025 4:00 PM,Rohman Hanirae (เร๊าะมัน หะนิแร)
20BNOFEX4011,BF2000,10 ปอนด์,ห้องเก็บของ  ชั้น 4 ฝั่งลีลาวดี,7/9/2019,สภน.,TRUE,,,,,,,12/19/2025 4:00 PM,Rohman Hanirae (เร๊าะมัน หะนิแร)
20BNOFEX5001,BF2000,10 ปอนด์,ภายในห้องจดหมายเหตุ ชั้น 5 ลิฟท์ขนของ,8/23/2021,สภน.,FALSE,,,,ปกติ,,,7/25/2023 1:45 PM,Suphap Wattanajarussang (สุภาพ วัฒนาจรัสแสง)
20BNOFEX5002,BF2000,10 ปอนด์,ภายในห้องจดหมายเหตุ ชั้น 5 หลังลิฟท์คู่,8/23/2021,สภน.,FALSE,,,,ปกติ,,,7/25/2023 1:46 PM,Suphap Wattanajarussang (สุภาพ วัฒนาจรัสแสง)
20BNOFEX5003,BF2000,10 ปอนด์,หน้าลิฟท์ขนของ อ.1/5,8/23/2021,สภน.,FALSE,,,,ปกติ,,,7/25/2023 1:47 PM,Suphap Wattanajarussang (สุภาพ วัฒนาจรัสแสง)
20BNOFEX5004,BF2000,10 ปอนด์,ข้างประตูหนีไฟ อ.1/5 ลิฟท์ขนของ,7/9/2019,สภน.,FALSE,,,,,,,7/25/2023 1:47 PM,Suphap Wattanajarussang (สุภาพ วัฒนาจรัสแสง)
20BNOFEX5005,BF2000,10 ปอนด์,ข้างประตูหนีไฟ อ.1/5 ลิฟท์ขนของ,7/9/2019,สภน.,FALSE,,,,,,,7/25/2023 1:47 PM,Suphap Wattanajarussang (สุภาพ วัฒนาจรัสแสง)
20BNOFEX5006,BF2000,10 ปอนด์,ข้างประตูหนีไฟ  หน้าลิฟท์คู่ อ.1/5,7/9/2019,สภน.,FALSE,,,,,,,7/25/2023 1:47 PM,Suphap Wattanajarussang (สุภาพ วัฒนาจรัสแสง)
20BNOFEX5007,BF2000,10 ปอนด์,ข้างลิฟท์คู่ อ.1/5,8/23/2021,สภน.,FALSE,,,,ปกติ,,,7/25/2023 1:48 PM,Suphap Wattanajarussang (สุภาพ วัฒนาจรัสแสง)
20BNOFEX5008,BF2000,10 ปอนด์,ข้างลิฟท์คู่ อ.1/5,7/9/2019,สภน.,FALSE,,,,,,,7/25/2023 1:48 PM,Suphap Wattanajarussang (สุภาพ วัฒนาจรัสแสง)
20BNOFEX5009,BF2000,10 ปอนด์,ห้องควบคุมระบบไฟฟ้า (รอบนอกทิศเหนือ) ชั้น 5,8/23/2021,สภน.,FALSE,,,,ปกติ,,,7/25/2023 1:48 PM,Suphap Wattanajarussang (สุภาพ วัฒนาจรัสแสง)
20BNOFEX5010,BF2000,10 ปอนด์,ห้องควบคุมระบบไฟฟ้า (รอบนอกทิศใต้) ชั้น 5,8/23/2021,สภน.,FALSE,,,,ปกติ,,,7/25/2023 1:48 PM,Suphap Wattanajarussang (สุภาพ วัฒนาจรัสแสง)
20BNOFEX5011,BF2000,10 ปอนด์,ทางเดินหน้าประตูห้องคลังพัสดุ อ.1/5,8/9/2019,สภน.,FALSE,,,,,,,7/25/2023 1:49 PM,Suphap Wattanajarussang (สุภาพ วัฒนาจรัสแสง)
20BNOFEX5012,BF2000,10 ปอนด์,ทางเดินชั้น อ.1/5 ตรงกลาง,8/23/2021,สภน.,FALSE,,,,ปกติ,,,7/25/2023 1:49 PM,Suphap Wattanajarussang (สุภาพ วัฒนาจรัสแสง)
20BNOFEX5013,BF2000,10 ปอนด์,มุมทางเดิน อ.1/5 ,8/9/2019,สภน.,FALSE,,,,,,,7/25/2023 1:49 PM,Suphap Wattanajarussang (สุภาพ วัฒนาจรัสแสง)
20BNOFEX6001,BF2000,10 ปอนด์,ดาดฟ้าอาคาร 1 ห้องผลิตไฟฟ้า,8/23/2021,สภน.,FALSE,,,,ปกติ,,,7/25/2023 1:50 PM,Suphap Wattanajarussang (สุภาพ วัฒนาจรัสแสง)
20BNOFEX6002,BF2000,10 ปอนด์,ดาดฟ้าอาคาร 1 ห้องผลิตไฟฟ้า,8/9/2019,สภน.,FALSE,,,,,,,7/20/2023 4:05 PM,เริงศักดิ์ บวบมี
42B01FEX1031,Dry che,15 ปอนด์,ภายในห้องเครื่องปั่นไฟฟ้าสำรอง,8/1/2020,ศสร.,TRUE,5/28/2024 4:07 PM,พงษ์ชัย ถิรเบญญานุกุล,PongchaT@bot.or.th,จำหน่าย,,,10/24/2025 11:20 AM,Natthaphon Piyarajasakul (ณัฏฐพล ปิยะราษฏร์สกุล)
33B11FEX6801,CO2,10 ปอนด์,อาคาร B1 ห้อง ผจศ.,1/1/2025,ศอบ.,FALSE,,,,ปกติ,,,10/30/2025 7:12 AM,Sakchai Weruwanarak (ศักดิ์ชัย เวฬุวนารักษ์)
33B11FEX6802,CO2,10 ปอนด์,อาคาร B1 ทางเดินหน้าห้อง NCC,1/1/2025,ศอบ.,FALSE,,,,ปกติ,,,10/30/2025 7:15 AM,Sakchai Weruwanarak (ศักดิ์ชัย เวฬุวนารักษ์)
33B11FEX6803,CO2,10 ปอนด์,อาคาร B1 ทางเดินหน้าห้อง NCC,1/1/2025,ศอบ.,FALSE,,,,ปกติ,,,10/30/2025 7:17 AM,Sakchai Weruwanarak (ศักดิ์ชัย เวฬุวนารักษ์)
33B11FEX6804,CO2,10 ปอนด์,อาคาร B1 ทางเดินหน้าห้อง ผจศ. CCC,1/1/2025,ศอบ.,FALSE,,,,ปกติ,,,10/30/2025 7:18 AM,Sakchai Weruwanarak (ศักดิ์ชัย เวฬุวนารักษ์)
33B11FEX6805,CO2,10 ปอนด์,อาคาร B1 ห้องนับคัด M 7.,1/1/2025,ศอบ.,FALSE,,,,ปกติ,,,10/30/2025 7:19 AM,Sakchai Weruwanarak (ศักดิ์ชัย เวฬุวนารักษ์)
33B11FEX6806,CO2,10 ปอนด์,อาคาร B1 หน้าห้องเครื่องทำลายฯ,1/1/2025,ศอบ.,FALSE,,,,ปกติ,,,10/30/2025 7:21 AM,Sakchai Weruwanarak (ศักดิ์ชัย เวฬุวนารักษ์)
33B11FEX6807,CO2,10 ปอนด์,อาคาร B1 โถงหน้าห้องรับ-จ่าย,1/1/2025,ศอบ.,FALSE,,,,ปกติ,,,10/30/2025 7:22 AM,Sakchai Weruwanarak (ศักดิ์ชัย เวฬุวนารักษ์)
33B11FEX6808,CO2,10 ปอนด์,อาคาร B1 โถงหน้าห้องรับ-จ่าย,1/1/2025,ศอบ.,FALSE,,,,ปกติ,,,10/30/2025 7:23 AM,Sakchai Weruwanarak (ศักดิ์ชัย เวฬุวนารักษ์)
33B11FEX6809,CO2,10 ปอนด์,อาคาร B1 ทางเดินหน้าห้องสันทนาการ ,1/1/2025,ศอบ.,FALSE,,,,ปกติ,,,10/30/2025 8:04 AM,Sakchai Weruwanarak (ศักดิ์ชัย เวฬุวนารักษ์)
33B11FEX6810,CO2,10 ปอนด์,อาคาร B1 ทางเดินข้างห้องเซิฟเวอร์ (พื้นที่ ธปท.),1/1/2025,ศอบ.,FALSE,,,,ปกติ,,,10/30/2025 8:01 AM,Sakchai Weruwanarak (ศักดิ์ชัย เวฬุวนารักษ์)
33B11FEX6811,CO2,10 ปอนด์,อาคาร B1 ทางเดินข้างห้องเซิฟเวอร์ (พื้นที่ ธปท.),1/1/2025,ศอบ.,FALSE,,,,ปกติ,,,10/30/2025 8:05 AM,Sakchai Weruwanarak (ศักดิ์ชัย เวฬุวนารักษ์)
33B11FEX6812,CO2,10 ปอนด์,อาคาร B1 ห้องควบคุมงาน รปภ. (ฝรภ.),1/1/2025,ศอบ.,FALSE,,,,ปกติ,,,10/30/2025 8:06 AM,Sakchai Weruwanarak (ศักดิ์ชัย เวฬุวนารักษ์)
33B11FEX6813,CO2,10 ปอนด์,อาคาร B1 ห้องควบคุมงาน รปภ. (ฝรภ.),1/1/2025,ศอบ.,FALSE,,,,ปกติ,,,10/30/2025 8:06 AM,Sakchai Weruwanarak (ศักดิ์ชัย เวฬุวนารักษ์)
33B11FEX6814,CO2,10 ปอนด์,อาคาร B1 ห้องควบคุมงาน รปภ. (ฝรภ.),1/1/2025,ศอบ.,FALSE,,,,ปกติ,,,10/30/2025 8:07 AM,Sakchai Weruwanarak (ศักดิ์ชัย เวฬุวนารักษ์)
33B11FEX6815,CO2,10 ปอนด์,อาคาร B1 หน้าห้องเครื่องปั้มน้ำ/ห้องMDB,1/1/2025,ศอบ.,FALSE,,,,ปกติ,,,10/30/2025 8:07 AM,Sakchai Weruwanarak (ศักดิ์ชัย เวฬุวนารักษ์)
33B11FEX6816,CO2,10 ปอนด์,อาคาร B1 หน้าห้องเครื่องปั้มน้ำ/ห้องMDB,1/1/2025,ศอบ.,FALSE,,,,ปกติ,,,10/30/2025 8:08 AM,Sakchai Weruwanarak (ศักดิ์ชัย เวฬุวนารักษ์)
33B11FEX6817,Water Mist,10 ปอนด์,อาคาร B1 โถงหน้าห้องมั่นคง,1/1/2025,ศอบ.,FALSE,,,,ปกติ,,,10/30/2025 8:10 AM,Sakchai Weruwanarak (ศักดิ์ชัย เวฬุวนารักษ์)
33B11FEX6818,Water Mist,10 ปอนด์,อาคาร B1 โถงหน้าห้องมั่นคง,1/1/2025,ศอบ.,FALSE,,,,ปกติ,,,10/30/2025 8:10 AM,Sakchai Weruwanarak (ศักดิ์ชัย เวฬุวนารักษ์)
33B11FEX6819,Water Mist,10 ปอนด์,อาคาร B1 ชานขนถ่าย,1/1/2025,ศอบ.,FALSE,,,,ปกติ,,,10/30/2025 8:11 AM,Sakchai Weruwanarak (ศักดิ์ชัย เวฬุวนารักษ์)
33B11FEX6820,Water Mist,10 ปอนด์,อาคาร B1 ชานขนถ่าย,1/1/2025,ศอบ.,FALSE,,,,ปกติ,,,10/30/2025 8:13 AM,Sakchai Weruwanarak (ศักดิ์ชัย เวฬุวนารักษ์)
33B11FEX6821,Dry che,10 ปอนด์,อาคาร B1 ห้องเก็บเศษ,1/1/2025,ศอบ.,FALSE,,,,ปกติ,,,10/30/2025 8:14 AM,Sakchai Weruwanarak (ศักดิ์ชัย เวฬุวนารักษ์)
33B11FEX6822,Dry che,10 ปอนด์,อาคาร B1 ภายในห้องเครื่องกำเนิดไฟฟ้า,1/1/2025,ศอบ.,FALSE,,,,ปกติ,,,10/30/2025 8:15 AM,Sakchai Weruwanarak (ศักดิ์ชัย เวฬุวนารักษ์)
33B11FEX6823,Dry che,10 ปอนด์,อาคาร B1 ภายในห้องเครื่องกำเนิดไฟฟ้า,1/1/2025,ศอบ.,FALSE,,,,ปกติ,,,10/30/2025 8:15 AM,Sakchai Weruwanarak (ศักดิ์ชัย เวฬุวนารักษ์)
33B41FEX6824,CO2,10 ปอนด์,อาคาร B4 ภายในห้องอัดเศษธนบัตร,1/1/2025,ศอบ.,FALSE,,,,ปกติ,,,10/30/2025 8:16 AM,Sakchai Weruwanarak (ศักดิ์ชัย เวฬุวนารักษ์)
33B41FEX6825,CO2,10 ปอนด์,อาคาร B4 ภายในห้องอัดเศษธนบัตร,1/1/2025,ศอบ.,FALSE,,,,ปกติ,,,10/30/2025 8:16 AM,Sakchai Weruwanarak (ศักดิ์ชัย เวฬุวนารักษ์)
33G41FEX6826,Dry che,10 ปอนด์,โรงจอดรถพนักงาน(G4),1/1/2025,ศอบ.,FALSE,,,,ปกติ,,,10/30/2025 8:17 AM,Sakchai Weruwanarak (ศักดิ์ชัย เวฬุวนารักษ์)
33G41FEX6827,Dry che,10 ปอนด์,โรงจอดรถพนักงาน(G4),1/1/2025,ศอบ.,FALSE,,,,ปกติ,,,10/30/2025 8:17 AM,Sakchai Weruwanarak (ศักดิ์ชัย เวฬุวนารักษ์)
41B01FEX1001,Dry che,10 ปอนด์,ทางเข้าพนักงาน(D2),1/1/2021,ศหญ.,FALSE,5/23/2024 1:39 PM,เลิศพงษ์ วงษ์บุตรดี,LeartphW@bot.or.th,ปกติ,,,5/25/2024 10:47 AM,Chakri Suwankrajang (จักรี สุวรรณกระจ่าง)
41B01FEX1003,Dry che,10 ปอนด์,หน้าประตูห้องไฟฟ้า 2,1/1/2021,ศหญ.,FALSE,5/21/2024 9:10 AM,เลิศพงษ์ วงษ์บุตรดี,LeartphW@bot.or.th,ปกติ,,,5/25/2024 10:47 AM,Chakri Suwankrajang (จักรี สุวรรณกระจ่าง)
41B01FEX1005,Dry che,10 ปอนด์,ห้องนับคัด,1/1/2021,ศหญ.,FALSE,5/21/2024 9:10 AM,เลิศพงษ์ วงษ์บุตรดี,LeartphW@bot.or.th,ปกติ,,,5/25/2024 10:47 AM,Chakri Suwankrajang (จักรี สุวรรณกระจ่าง)
41B01FEX1006,CO2,15 ปอนด์,ห้องนับคัด,1/1/2021,ศหญ.,FALSE,5/21/2024 9:11 AM,เลิศพงษ์ วงษ์บุตรดี,LeartphW@bot.or.th,ปกติ,,,5/25/2024 10:47 AM,Chakri Suwankrajang (จักรี สุวรรณกระจ่าง)
41B01FEX1008,Dry che,10 ปอนด์,ห้องนับคัด,1/1/2021,ศหญ.,FALSE,5/21/2024 9:11 AM,เลิศพงษ์ วงษ์บุตรดี,LeartphW@bot.or.th,ปกติ,,,5/25/2024 10:47 AM,Chakri Suwankrajang (จักรี สุวรรณกระจ่าง)
41B01FEX1009,CO2,15 ปอนด์,ห้องนับคัด,1/1/2021,ศหญ.,FALSE,5/21/2024 9:11 AM,เลิศพงษ์ วงษ์บุตรดี,LeartphW@bot.or.th,ปกติ,,,5/25/2024 10:47 AM,Chakri Suwankrajang (จักรี สุวรรณกระจ่าง)
41B01FEX1011,Dry che,10 ปอนด์,ทางเดินหน้าห้องทำลาย,1/1/2021,ศหญ.,FALSE,5/21/2024 9:12 AM,เลิศพงษ์ วงษ์บุตรดี,LeartphW@bot.or.th,ปกติ,,,5/25/2024 10:47 AM,Chakri Suwankrajang (จักรี สุวรรณกระจ่าง)
41B01FEX1013,Dry che,10 ปอนด์,ภายในห้องทำลาย,1/1/2021,ศหญ.,FALSE,5/21/2024 9:13 AM,เลิศพงษ์ วงษ์บุตรดี,LeartphW@bot.or.th,ปกติ,,,5/25/2024 10:47 AM,Chakri Suwankrajang (จักรี สุวรรณกระจ่าง)
41B01FEX1015,Dry che,10 ปอนด์,ภายในห้องอัดเศษ,1/1/2021,ศหญ.,FALSE,5/21/2024 9:14 AM,เลิศพงษ์ วงษ์บุตรดี,LeartphW@bot.or.th,ปกติ,,,5/25/2024 10:47 AM,Chakri Suwankrajang (จักรี สุวรรณกระจ่าง)
41B01FEX1016,CO2,15 ปอนด์,ภายในห้องปั๊มลม,1/1/2021,ศหญ.,FALSE,5/21/2024 9:14 AM,เลิศพงษ์ วงษ์บุตรดี,LeartphW@bot.or.th,ปกติ,,,5/25/2024 10:47 AM,Chakri Suwankrajang (จักรี สุวรรณกระจ่าง)
41B01FEX1017,CO2,15 ปอนด์,ภายในห้องไฟฟ้า 3,1/1/2021,ศหญ.,FALSE,5/21/2024 9:16 AM,เลิศพงษ์ วงษ์บุตรดี,LeartphW@bot.or.th,ปกติ,,,5/25/2024 10:47 AM,Chakri Suwankrajang (จักรี สุวรรณกระจ่าง)
41B01FEX1018,Dry che,10 ปอนด์,ภายในห้องช่าง,1/1/2021,ศหญ.,FALSE,5/21/2024 9:19 AM,เลิศพงษ์ วงษ์บุตรดี,LeartphW@bot.or.th,ปกติ,,,5/25/2024 10:47 AM,Chakri Suwankrajang (จักรี สุวรรณกระจ่าง)
41B01FEX1021,Dry che,10 ปอนด์,ประตูเหล็กโถงหน้าห้องรับจ่าย,1/1/2021,ศหญ.,FALSE,5/23/2024 2:49 PM,เลิศพงษ์ วงษ์บุตรดี,LeartphW@bot.or.th,ปกติ,,,5/25/2024 10:47 AM,Chakri Suwankrajang (จักรี สุวรรณกระจ่าง)
41B01FEX1023,Dry che,10 ปอนด์,โถงหน้าห้องรับจ่าย,1/1/2021,ศหญ.,FALSE,5/23/2024 2:50 PM,เลิศพงษ์ วงษ์บุตรดี,LeartphW@bot.or.th,ปกติ,,,5/25/2024 10:47 AM,Chakri Suwankrajang (จักรี สุวรรณกระจ่าง)
41B01FEX1025,Dry che,10 ปอนด์,ภายในห้องตรวจพิสูจน์,1/1/2021,ศหญ.,FALSE,5/23/2024 2:51 PM,เลิศพงษ์ วงษ์บุตรดี,LeartphW@bot.or.th,ปกติ,,,5/25/2024 10:47 AM,Chakri Suwankrajang (จักรี สุวรรณกระจ่าง)
41B01FEX1026,Dry che,10 ปอนด์,ชานขนถ่ายธนบัตร,1/1/2021,ศหญ.,FALSE,5/23/2024 2:52 PM,เลิศพงษ์ วงษ์บุตรดี,LeartphW@bot.or.th,ปกติ,,,5/25/2024 10:47 AM,Chakri Suwankrajang (จักรี สุวรรณกระจ่าง)
41B01FEX1027,CO2,15 ปอนด์,ชานขนถ่ายธนบัตร,1/1/2021,ศหญ.,FALSE,5/23/2024 2:52 PM,เลิศพงษ์ วงษ์บุตรดี,LeartphW@bot.or.th,ปกติ,,,5/25/2024 10:47 AM,Chakri Suwankrajang (จักรี สุวรรณกระจ่าง)
41B01FEX1028,Dry che,10 ปอนด์,ชานขนถ่ายธนบัตร,1/1/2021,ศหญ.,FALSE,5/23/2024 2:54 PM,เลิศพงษ์ วงษ์บุตรดี,LeartphW@bot.or.th,ปกติ,,,5/25/2024 10:47 AM,Chakri Suwankrajang (จักรี สุวรรณกระจ่าง)
41B01FEX1029,Dry che,10 ปอนด์,ชานขนถ่ายธนบัตร,1/1/2021,ศหญ.,FALSE,5/23/2024 3:39 PM,เลิศพงษ์ วงษ์บุตรดี,LeartphW@bot.or.th,ปกติ,,,5/25/2024 10:47 AM,Chakri Suwankrajang (จักรี สุวรรณกระจ่าง)
41B01FEX1030,Dry che,10 ปอนด์,ทางขึ้นห้องเครื่อง,1/1/2021,ศหญ.,FALSE,5/23/2024 2:55 PM,เลิศพงษ์ วงษ์บุตรดี,LeartphW@bot.or.th,ปกติ,,,5/25/2024 10:47 AM,Chakri Suwankrajang (จักรี สุวรรณกระจ่าง)
41B01FEX2001,Dry che,10 ปอนด์,ห้องควบคุมงานรักษาความปลอดภัย ศหญ.,1/1/2021,ศหญ.,FALSE,5/23/2024 2:56 PM,เลิศพงษ์ วงษ์บุตรดี,LeartphW@bot.or.th,ปกติ,,,5/25/2024 10:47 AM,Chakri Suwankrajang (จักรี สุวรรณกระจ่าง)
41B01FEX2003,CO2,15 ปอนด์,ภายในห้อง MCR,1/1/2021,ศหญ.,FALSE,5/23/2024 2:57 PM,เลิศพงษ์ วงษ์บุตรดี,LeartphW@bot.or.th,ปกติ,,,5/25/2024 10:47 AM,Chakri Suwankrajang (จักรี สุวรรณกระจ่าง)
41B01FEX2004,CO2,15 ปอนด์,ภายในห้องเซิร์ฟเวอร์ MCR,1/1/2021,ศหญ.,FALSE,5/23/2024 3:04 PM,เลิศพงษ์ วงษ์บุตรดี,LeartphW@bot.or.th,ปกติ,,,5/25/2024 10:47 AM,Chakri Suwankrajang (จักรี สุวรรณกระจ่าง)
41B01FEX2005,CO2,15 ปอนด์,ภายในห้องไฟฟ้า ,1/1/2021,ศหญ.,FALSE,5/23/2024 3:10 PM,เลิศพงษ์ วงษ์บุตรดี,LeartphW@bot.or.th,ปกติ,,,5/25/2024 10:47 AM,Chakri Suwankrajang (จักรี สุวรรณกระจ่าง)
41B01FEX2006,Dry che,10 ปอนด์,ทางเดินหน้าห้องธุรการ,1/1/2021,ศหญ.,FALSE,5/23/2024 3:11 PM,เลิศพงษ์ วงษ์บุตรดี,LeartphW@bot.or.th,ปกติ,,,5/25/2024 10:47 AM,Chakri Suwankrajang (จักรี สุวรรณกระจ่าง)
41B01FEX2008,Dry che,10 ปอนด์,ภายในห้องธุรการ,1/1/2021,ศหญ.,FALSE,5/23/2024 3:12 PM,เลิศพงษ์ วงษ์บุตรดี,LeartphW@bot.or.th,ปกติ,,,5/25/2024 10:47 AM,Chakri Suwankrajang (จักรี สุวรรณกระจ่าง)
41B01FEX2010,Dry che,10 ปอนด์,ห้องเก็บเอกสาร,1/1/2021,ศหญ.,FALSE,5/23/2024 3:12 PM,เลิศพงษ์ วงษ์บุตรดี,LeartphW@bot.or.th,ปกติ,,,5/25/2024 10:47 AM,Chakri Suwankrajang (จักรี สุวรรณกระจ่าง)
41B01FEX2012,Dry che,10 ปอนด์,ทางเดินหน้าห้องพัดลม,1/1/2021,ศหญ.,FALSE,5/23/2024 3:18 PM,เลิศพงษ์ วงษ์บุตรดี,LeartphW@bot.or.th,ปกติ,,,5/25/2024 10:47 AM,Chakri Suwankrajang (จักรี สุวรรณกระจ่าง)
41B01FEX2013,CO2,15 ปอนด์,ภายในห้องพัดลม,1/1/2021,ศหญ.,FALSE,5/23/2024 3:19 PM,เลิศพงษ์ วงษ์บุตรดี,LeartphW@bot.or.th,ปกติ,,,5/25/2024 10:47 AM,Chakri Suwankrajang (จักรี สุวรรณกระจ่าง)
41B01FEX2014,CO2,15 ปอนด์,ภายในห้องควบคุมระบบอาคาร,1/1/2021,ศหญ.,FALSE,5/23/2024 3:20 PM,เลิศพงษ์ วงษ์บุตรดี,LeartphW@bot.or.th,ปกติ,,,5/25/2024 10:47 AM,Chakri Suwankrajang (จักรี สุวรรณกระจ่าง)
41B01FEX2015,CO2,15 ปอนด์,ภายในห้อง UPS,1/1/2021,ศหญ.,FALSE,5/23/2024 3:21 PM,เลิศพงษ์ วงษ์บุตรดี,LeartphW@bot.or.th,ปกติ,,,5/25/2024 10:47 AM,Chakri Suwankrajang (จักรี สุวรรณกระจ่าง)
41B01FEX2016,CO2,15 ปอนด์,ภายในห้อง MDB,1/1/2021,ศหญ.,FALSE,5/23/2024 3:22 PM,เลิศพงษ์ วงษ์บุตรดี,LeartphW@bot.or.th,ปกติ,,,5/25/2024 10:47 AM,Chakri Suwankrajang (จักรี สุวรรณกระจ่าง)
41B01FEX2017,CO2,15 ปอนด์,ภายในห้อง TRANSFORMER,1/1/2021,ศหญ.,FALSE,5/23/2024 3:22 PM,เลิศพงษ์ วงษ์บุตรดี,LeartphW@bot.or.th,ปกติ,,,5/25/2024 10:47 AM,Chakri Suwankrajang (จักรี สุวรรณกระจ่าง)
41B01FEX2018,CO2,15 ปอนด์,ภายในห้องไฟฟ้าสำรอง GENERATOR,1/1/2021,ศหญ.,FALSE,5/23/2024 3:23 PM,เลิศพงษ์ วงษ์บุตรดี,LeartphW@bot.or.th,ปกติ,,,5/25/2024 10:47 AM,Chakri Suwankrajang (จักรี สุวรรณกระจ่าง)
41B02FEX1001,Dry che,10 ปอนด์,ภายในป้อมรักษาการณ์ รปภ. G1,1/1/2021,ศหญ.,FALSE,5/23/2024 3:24 PM,เลิศพงษ์ วงษ์บุตรดี,LeartphW@bot.or.th,ปกติ,,,5/25/2024 10:47 AM,Chakri Suwankrajang (จักรี สุวรรณกระจ่าง)
41B02FEX1003,Dry che,10 ปอนด์,ภายในป้อมรักษาการณ์ ตำรวจ G1,1/1/2021,ศหญ.,FALSE,5/23/2024 3:25 PM,เลิศพงษ์ วงษ์บุตรดี,LeartphW@bot.or.th,ปกติ,,,5/25/2024 10:47 AM,Chakri Suwankrajang (จักรี สุวรรณกระจ่าง)
41B02FEX1004,Dry che,10 ปอนด์,ภายในห้องพักคอย G1,1/1/2021,ศหญ.,FALSE,5/23/2024 3:26 PM,เลิศพงษ์ วงษ์บุตรดี,LeartphW@bot.or.th,ปกติ,,,5/25/2024 10:47 AM,Chakri Suwankrajang (จักรี สุวรรณกระจ่าง)
41B03FEX1001,CO2,15 ปอนด์,ภายในห้องเครื่องปั๊มน้ำ,1/1/2021,ศหญ.,FALSE,5/23/2024 3:26 PM,เลิศพงษ์ วงษ์บุตรดี,LeartphW@bot.or.th,ปกติ,,,5/25/2024 10:47 AM,Chakri Suwankrajang (จักรี สุวรรณกระจ่าง)
33G41FEX6828,Dry che,10 ปอนด์,โรงจอดรถพนักงาน(G4),1/1/2025,ศอบ.,FALSE,,,,ปกติ,,,10/30/2025 8:18 AM,Sakchai Weruwanarak (ศักดิ์ชัย เวฬุวนารักษ์)
33B21FEX6829,Dry che,10 ปอนด์,อาคาร B2 อาคารผู้มาติดต่อ B2 (หน้าห้องพักคอย.),1/1/2025,ศอบ.,FALSE,,,,ปกติ,,,10/30/2025 8:18 AM,Sakchai Weruwanarak (ศักดิ์ชัย เวฬุวนารักษ์)
50C1FHC01,Dry che,10 ปอนด์,โถงทางเดินหน้า Shop วิศวกรรม ,9/21/2022,ทอศ.,FALSE,,,,ปกติ,-,,7/16/2023 9:47 AM,Suraphas Muenkun (สุรพัศ หมื่นคุณ)
50C1FHC02,Dry che,10 ปอนด์,ทางเข้าห้องอาหาร ฝั่งตู้ ATM (ห้องพักผ่อนแม่บ้าน),9/21/2022,ทอศ.,FALSE,,,,ปกติ,-,,2/20/2025 7:35 PM,Nattaphat Prachaplang (ณัฏฐ์พัฒน์ ประชาแปลง)
50C1FHC03,Dry che,10 ปอนด์,หน้าประตูทางเข้า C-114 ก่อนเข้าป้อม 6,9/21/2022,ทอศ.,FALSE,,,,ปกติ,-,,2/20/2025 7:37 PM,Nattaphat Prachaplang (ณัฏฐ์พัฒน์ ประชาแปลง)
50C1FHC04,Dry che,10 ปอนด์,หน้าห้องแผนกจัดหาฯ (ข้างห้อง MCR 2),9/21/2022,ทอศ.,FALSE,,,,ปกติ,-,,7/16/2023 9:49 AM,Suraphas Muenkun (สุรพัศ หมื่นคุณ)
50C1FE01,BF2000,10 ปอนด์,ห้องอาหาร (หน้าห้องระบบสุขาภิบาล/ห้องน้ำ),9/4/2022,ทอศ.,FALSE,,,,ปกติ,-,,2/20/2025 6:32 PM,Nattaphat Prachaplang (ณัฏฐ์พัฒน์ ประชาแปลง)
50C1FE02,BF2000,10 ปอนด์,ห้องอาหาร (ทางเดินข้างร้าน 4),9/4/2022,ทอศ.,FALSE,,,,ปกติ,-,,2/20/2025 6:32 PM,Nattaphat Prachaplang (ณัฏฐ์พัฒน์ ประชาแปลง)
50C1FE03,Dry che,10 ปอนด์,ห้องอาหาร (เคาท์เตอร์ขายของสโมสร ติดตู้แช่),9/21/2022,ทอศ.,FALSE,,,,ปกติ,-,,7/16/2023 9:56 AM,Suraphas Muenkun (สุรพัศ หมื่นคุณ)
50C1FE04,Dry che,10 ปอนด์,Locker พนักงานชาย (ภายในห้อง),9/21/2022,ทอศ.,FALSE,,,,ปกติ,-,,7/16/2023 9:57 AM,Suraphas Muenkun (สุรพัศ หมื่นคุณ)
50C1FE05,CO2,10 ปอนด์,ในห้องพยาบาล,10/1/2024,ทอศ.,FALSE,,,,ปกติ,,12.11 KG,2/19/2025 9:34 AM,Nattaphat Prachaplang (ณัฏฐ์พัฒน์ ประชาแปลง)
50C2FHC01,Dry che,10 ปอนด์,หน้าลิฟต์วิศวกรรมทางเดินไปฝจธ.,9/21/2022,ทอศ.,FALSE,,,,ปกติ,-,,7/16/2023 10:42 AM,Suraphas Muenkun (สุรพัศ หมื่นคุณ)
50C2FHC02,Dry che,10 ปอนด์,หน้าห้องนันทนาการ (ข้างห้องจัดเลี้ยง),9/21/2022,ทอศ.,FALSE,,,,ปกติ,-,,2/20/2025 7:39 PM,Nattaphat Prachaplang (ณัฏฐ์พัฒน์ ประชาแปลง)
50C2FHC04,Dry che,10 ปอนด์,ข้างห้องคอมพิวเตอร์ หน้าห้องประชุม 201,9/21/2022,ทอศ.,FALSE,,,,ปกติ,-,,2/20/2025 7:40 PM,Nattaphat Prachaplang (ณัฏฐ์พัฒน์ ประชาแปลง)
50C2FE01,Dry che,10 ปอนด์,ภายในห้องสมุด,9/21/2022,ทอศ.,FALSE,,,,ปกติ,-,,7/16/2023 10:44 AM,Suraphas Muenkun (สุรพัศ หมื่นคุณ)
50C3FHC01,Dry che,10 ปอนด์,หน้าลิฟต์วิศวกรรมชั้น 3 (ด้านอาคาร 2),9/21/2022,ทอศ.,FALSE,,,,ปกติ,-,,7/16/2023 10:45 AM,Suraphas Muenkun (สุรพัศ หมื่นคุณ)
50C3FHC02,Dry che,10 ปอนด์,ข้างห้องส่วนวางแผน,9/21/2022,ทอศ.,FALSE,,,,ปกติ,-,,7/16/2023 10:45 AM,Suraphas Muenkun (สุรพัศ หมื่นคุณ)
50C3FHC03,Dry che,10 ปอนด์,ข้างลิฟท์ชั้น 3 ใกล้ห้องเครื่องระบบไฟฟ้า (ฝั่งเลขา ผอ.สำนักผลิต),9/21/2022,ทอศ.,FALSE,,,,ปกติ,-,,2/20/2025 7:41 PM,Nattaphat Prachaplang (ณัฏฐ์พัฒน์ ประชาแปลง)
50C3FHC04,Dry che,10 ปอนด์,ใกล้ประตูโถงทางเดินกลาง (ข้างห้อง ผอส.ฝจธ.),9/21/2022,ทอศ.,FALSE,,,,ปกติ,-,,2/20/2025 7:42 PM,Nattaphat Prachaplang (ณัฏฐ์พัฒน์ ประชาแปลง)
50C3FE01,Dry che,10 ปอนด์,หน้าห้องฝึกอบรมคอมพิวเตอร์,9/21/2022,ทอศ.,FALSE,,,,ปกติ,-,,7/16/2023 10:47 AM,Suraphas Muenkun (สุรพัศ หมื่นคุณ)
50CHFHC01,Dry che,10 ปอนด์,ดาดฟ้า (ด้านในประตูหนีไฟ C-404) ,9/21/2022,ทอศ.,FALSE,,,,ปกติ,-,,7/16/2023 10:52 AM,Suraphas Muenkun (สุรพัศ หมื่นคุณ)
50D1FHC01,Dry che,10 ปอนด์,หน้าห้องแผนกเครื่องจักรสนับสนุนการผลิต (ขอเปลี่ยนเป็น BF2000),9/21/2022,ทอศ.,FALSE,,,,ปกติ,-,,2/20/2025 7:44 PM,Nattaphat Prachaplang (ณัฏฐ์พัฒน์ ประชาแปลง)
50D1FHC02,Dry che,10 ปอนด์,ห้องคลังพัสดุ (มุมหลังห้อง),9/21/2022,ทอศ.,FALSE,,,,ปกติ,-,,7/16/2023 11:15 AM,Suraphas Muenkun (สุรพัศ หมื่นคุณ)
50D1FE01,Dry che,10 ปอนด์,ใน Shop แผนกระบบอาคาร ติดผนังหลังเครื่อง Mazak,9/21/2022,ทอศ.,FALSE,,,,ปกติ,-,,2/20/2025 7:46 PM,Nattaphat Prachaplang (ณัฏฐ์พัฒน์ ประชาแปลง)
50H1FHC01,Dry che,10 ปอนด์,อาคารสโมสรหน้าบันได,9/21/2022,ทอศ.,TRUE,12/21/2021 4:16 PM,อธิบดี หงษ์ชุมแพ,JakkriH@bot.or.th,ปกติ,-,,7/23/2023 12:18 PM,Suraphas Muenkun (สุรพัศ หมื่นคุณ)
50D1FE02,Dry che,10 ปอนด์,ใน Shop แผนกระบบอาคาร,9/21/2022,ทอศ.,FALSE,,,,ปกติ,-,,7/16/2023 11:20 AM,Suraphas Muenkun (สุรพัศ หมื่นคุณ)
50D1FE03-1,Dry che,10 ปอนด์,ห้องเก็บสารเคมี คลังพัสดุ ,9/21/2022,ทอศ.,FALSE,,,,ปกติ,-,,7/23/2023 1:31 PM,Suraphas Muenkun (สุรพัศ หมื่นคุณ)
50D1FE03-2,Dry che,15 ปอนด์,ห้องเก็บสารเคมี คลังพัสดุ ,9/21/2022,ทอศ.,FALSE,,,,ปกติ,-,,7/23/2023 1:31 PM,Suraphas Muenkun (สุรพัศ หมื่นคุณ)
50H1FHC02,Dry che,10 ปอนด์,อาคารสโมสรข้างห้องเอนกประสงค์,9/21/2022,ทอศ.,FALSE,,,,ปกติ,-,,7/23/2023 12:18 PM,Suraphas Muenkun (สุรพัศ หมื่นคุณ)
50H1FE01,CO2,10 ปอนด์,หลังห้องครัว อาคารสโมสร,10/1/2024,ทอศ.,FALSE,,,,ปกติ,,12.11 KG,2/19/2025 1:07 PM,Nattaphat Prachaplang (ณัฏฐ์พัฒน์ ประชาแปลง)
50D1FE04,Dry che,10 ปอนด์,ใน Shop แผนกระบบอาคาร,9/21/2022,ทอศ.,FALSE,,,,ปกติ,-,,7/16/2023 11:26 AM,Suraphas Muenkun (สุรพัศ หมื่นคุณ)
50H2FE01,CO2,10 ปอนด์,ในห้องไฟฟ้าแรงสูง (หลังห้องดนตรี/กุญแจอยู่ผกล.),10/1/2024,ทอศ.,FALSE,,,,ปกติ,,12.11 KG,2/19/2025 1:11 PM,Nattaphat Prachaplang (ณัฏฐ์พัฒน์ ประชาแปลง)
50J1FE01,CO2,10 ปอนด์,ภายในอาคารน้ำดับเพลิง,10/1/2024,ทอศ.,FALSE,,,,ปกติ,,12.11 KG,2/19/2025 1:12 PM,Nattaphat Prachaplang (ณัฏฐ์พัฒน์ ประชาแปลง)
50Q1FE01,Dry che,10 ปอนด์,อาคารเก็บวัสดุรอจำหน่าย (ด้านหน้าขวามือ),9/21/2022,ทอศ.,FALSE,,,,ปกติ,-,,2/20/2025 7:56 PM,Nattaphat Prachaplang (ณัฏฐ์พัฒน์ ประชาแปลง)
50Q1FE02,Dry che,10 ปอนด์,อาคารเก็บวัสดุรอจำหน่าย (ภายในห้อง),9/21/2022,ทอศ.,FALSE,,,,ปกติ,-,,7/17/2023 3:57 PM,Suraphas Muenkun (สุรพัศ หมื่นคุณ)
50Q1FE03,Dry che,10 ปอนด์,อาคารเก็บวัสดุรอจำหน่าย (ภายในห้อง) (ขอเปลี่ยนเป็น BF2000),9/21/2022,ทอศ.,FALSE,,,,ปกติ,-,,2/20/2025 7:57 PM,Nattaphat Prachaplang (ณัฏฐ์พัฒน์ ประชาแปลง)
50Q1FE04,CO2,10 ปอนด์,ห้องเก็บวัสดุไวไฟ (ขึ้นกับอาคารผลิดหมึกพิมพ์),10/1/2024,ทอศ.,FALSE,,,,ปกติ,,12.11 KG,2/20/2025 7:58 PM,Nattaphat Prachaplang (ณัฏฐ์พัฒน์ ประชาแปลง)
50Q1FE05,CO2,10 ปอนด์,ห้องเก็บวัสดุไวไฟ (ขึ้นกับอาคารผลิดหมึกพิมพ์),10/1/2024,ทอศ.,FALSE,,,,ปกติ,,12.11 KG,2/20/2025 7:59 PM,Nattaphat Prachaplang (ณัฏฐ์พัฒน์ ประชาแปลง)
50Q1FE06,CO2,10 ปอนด์,ห้องเก็บวัสดุไวไฟ (ขึ้นกับอาคารผลิดหมึกพิมพ์),10/1/2024,ทอศ.,FALSE,,,,ปกติ,,12.11 KG,2/20/2025 7:59 PM,Nattaphat Prachaplang (ณัฏฐ์พัฒน์ ประชาแปลง)
50R1FE01,Dry che,10 ปอนด์,หน้าห้องอุปกรณ์ทำสวน,9/21/2022,ทอศ.,FALSE,,,,ปกติ,-,,7/17/2023 4:04 PM,Suraphas Muenkun (สุรพัศ หมื่นคุณ)
50P11FE01,Dry che,10 ปอนด์,จุดรักษาการณ์ป้อม 1 ติดฝาผนังในป้อม 1,9/21/2022,ทอศ.,FALSE,,,,ปกติ,-,,7/23/2023 12:44 PM,Suraphas Muenkun (สุรพัศ หมื่นคุณ)
50P21FE05,Dry che,10 ปอนด์,จุดรักษาการณ์ป้อม 2 ติดฝาผนังใต้โทรศัพท์หน้าป้อม 2,9/21/2022,ทอศ.,FALSE,,,,ปกติ,-,,7/23/2023 12:45 PM,Suraphas Muenkun (สุรพัศ หมื่นคุณ)
50P31FE01,Dry che,10 ปอนด์,จุดรักษาการณ์ป้อม 3 ติดฝาผนังในป้อม 3,9/21/2022,ทอศ.,FALSE,,,,ปกติ,-,,7/23/2023 12:45 PM,Suraphas Muenkun (สุรพัศ หมื่นคุณ)
50P51FE01,Dry che,10 ปอนด์,จุดรักษาการณ์ป้อม 5 ติดข้างผนังห้องน้ำหน้าป้อม 5,9/21/2022,ทอศ.,FALSE,,,,ปกติ,-,,7/23/2023 12:46 PM,Suraphas Muenkun (สุรพัศ หมื่นคุณ)
50D1FE05,CO2,10 ปอนด์,หน้าห้องแผนกระบบอาคาร (ห้องปฏิบัติการไฟฟ้า ) ,10/1/2024,ทอศ.,FALSE,,,,ปกติ,,12.11 KG,2/19/2025 9:44 AM,Nattaphat Prachaplang (ณัฏฐ์พัฒน์ ประชาแปลง)
50D1FE06,CO2,10 ปอนด์,หน้าห้องพัสดุ,10/1/2024,ทอศ.,FALSE,,,,ปกติ,,12.11 KG,2/19/2025 9:46 AM,Nattaphat Prachaplang (ณัฏฐ์พัฒน์ ประชาแปลง)
50T1FE01,Dry che,10 ปอนด์,ภายในโกดัง 2,9/21/2022,ทอศ.,FALSE,,,,ปกติ,-,,7/17/2023 4:05 PM,Suraphas Muenkun (สุรพัศ หมื่นคุณ)
50T1FE02,Dry che,10 ปอนด์,ภายในโกดัง 2,9/21/2022,ทอศ.,FALSE,,,,ปกติ,-,,7/17/2023 4:28 PM,Suraphas Muenkun (สุรพัศ หมื่นคุณ)
50T1FE03,Dry che,10 ปอนด์,ติดเสาด้านหน้าอาคารโกดัง 2,9/21/2022,ทอศ.,FALSE,,,,ปกติ,-,,7/17/2023 4:29 PM,Suraphas Muenkun (สุรพัศ หมื่นคุณ)
50G1C01,Dry che,10 ปอนด์,ประจำรถไฟฟ้า ทอศ.,12/18/2019,ทอศ.,FALSE,,,,ปกติ,-,,7/17/2023 4:42 PM,Suraphas Muenkun (สุรพัศ หมื่นคุณ)
50G1C02,Dry che,10 ปอนด์,ประจำรถไฟฟ้า ทอศ.,6/12/2019,ทอศ.,FALSE,,,,ปกติ,-,,7/17/2023 4:42 PM,Suraphas Muenkun (สุรพัศ หมื่นคุณ)
50G1C03,CO2,10 ปอนด์,ประจำรถไฟฟ้า ทอศ.,10/1/2024,ทอศ.,FALSE,,,,ปกติ,,12.11 KG,2/19/2025 1:14 PM,Nattaphat Prachaplang (ณัฏฐ์พัฒน์ ประชาแปลง)
50D1FE07,Dry che,10 ปอนด์,ห้องช่างไม้ หน้าห้องสำนักงาน,9/21/2022,ทอศ.,FALSE,,,,ปกติ,-,,2/20/2025 8:06 PM,Nattaphat Prachaplang (ณัฏฐ์พัฒน์ ประชาแปลง)
50D1FE08,Dry che,10 ปอนด์,ประตูลานขนถ่ายห้องอาหาร ข้างเครื่องกรองน้ำ,9/21/2022,ทอศ.,FALSE,,,,ปกติ,-,,2/20/2025 8:07 PM,Nattaphat Prachaplang (ณัฏฐ์พัฒน์ ประชาแปลง)
50D1FE09,CO2,10 ปอนด์,ประตูลานขนถ่ายห้องอาหาร,10/1/2024,ทอศ.,FALSE,,,,ปกติ,,12.11 KG,2/19/2025 9:59 AM,Nattaphat Prachaplang (ณัฏฐ์พัฒน์ ประชาแปลง)
50D1FE10,CO2,10 ปอนด์,บริเวณหน้าห้องพัสดุ,10/1/2024,ทอศ.,FALSE,,,,ปกติ,,12.11 KG,2/19/2025 10:00 AM,Nattaphat Prachaplang (ณัฏฐ์พัฒน์ ประชาแปลง)
50D2FE01,Dry che,10 ปอนด์,ชั้นลอยห้องพัสดุ,9/21/2022,ทอศ.,FALSE,,,,ปกติ,-,,7/16/2023 11:36 AM,Suraphas Muenkun (สุรพัศ หมื่นคุณ)
50D2FHC01,Dry che,10 ปอนด์,ทางเดินชั้นที่ 2 (ด้านในแผนกวิศวกรรม),9/21/2022,ทอศ.,FALSE,,,,ปกติ,-,,7/16/2023 11:36 AM,Suraphas Muenkun (สุรพัศ หมื่นคุณ)
50M1FHC01,Dry che,10 ปอนด์,โถงรับจ่ายธนบัตร,9/21/2022,ทอศ.,FALSE,,,,ปกติ,-,,7/16/2023 11:37 AM,Suraphas Muenkun (สุรพัศ หมื่นคุณ)
50M1FHC02,Dry che,10 ปอนด์,ทางเดินกลาง (ข้างลิฟท์) ห้องมั่นคงรอนับ,9/21/2022,ทอศ.,FALSE,,,,ปกติ,-,,7/16/2023 11:38 AM,Suraphas Muenkun (สุรพัศ หมื่นคุณ)
50M1FHC03,Dry che,10 ปอนด์,ห้องตรวจนับธนบัตร 2,9/21/2022,ทอศ.,FALSE,,,,ปกติ,-,,7/16/2023 11:39 AM,Suraphas Muenkun (สุรพัศ หมื่นคุณ)
50M1FHC04,Dry che,10 ปอนด์,ห้องบดทำลาย,9/21/2022,ทอศ.,FALSE,,,,ปกติ,-,,7/16/2023 11:39 AM,Suraphas Muenkun (สุรพัศ หมื่นคุณ)
50M1FHC05,Dry che,10 ปอนด์,ห้องพิสูจน์ธนบัตร ส่วนบริการธนบัตร,9/21/2022,ทอศ.,FALSE,,,,ปกติ,-,,7/16/2023 11:40 AM,Suraphas Muenkun (สุรพัศ หมื่นคุณ)
50M1FHC06,Dry che,10 ปอนด์,ห้องตรวจนับธนบัตร 1,9/21/2022,ทอศ.,FALSE,,,,ปกติ,-,,7/16/2023 11:42 AM,Suraphas Muenkun (สุรพัศ หมื่นคุณ)
50M1FE01,CO2,10 ปอนด์,ห้องตรวจนับธนบัตร 1,10/1/2024,ทอศ.,FALSE,,,,ปกติ,,12.11 KG,2/19/2025 10:08 AM,Nattaphat Prachaplang (ณัฏฐ์พัฒน์ ประชาแปลง)
50M1FE02,CO2,10 ปอนด์,ห้องตรวจนับธนบัตร 1,10/1/2024,ทอศ.,FALSE,,,,ปกติ,,12.11 KG,2/19/2025 10:09 AM,Nattaphat Prachaplang (ณัฏฐ์พัฒน์ ประชาแปลง)
50M1FE03,CO2,10 ปอนด์,ห้องตรวจนับธนบัตร 1,10/1/2024,ทอศ.,FALSE,,,,ปกติ,,12.11 KG,2/19/2025 10:09 AM,Nattaphat Prachaplang (ณัฏฐ์พัฒน์ ประชาแปลง)
50E1FHC01,Dry che,10 ปอนด์,หน้าบันไดขึ้นชั้น2,9/21/2022,ทอศ.,FALSE,,,,ปกติ,-,,7/18/2023 4:45 PM,Suraphas Muenkun (สุรพัศ หมื่นคุณ)
50E1FHC02,Dry che,10 ปอนด์,ห้องทำความเย็น Chiller,9/21/2022,ทอศ.,FALSE,,,,ปกติ,-,,7/18/2023 4:45 PM,Suraphas Muenkun (สุรพัศ หมื่นคุณ)
50E1FE01,CO2,10 ปอนด์,อาคารบำบัดน้ำเสียชั้น 1,10/1/2024,ทอศ.,FALSE,,,,ปกติ,,12.11 KG,2/19/2025 12:43 PM,Nattaphat Prachaplang (ณัฏฐ์พัฒน์ ประชาแปลง)
50E1FE02,CO2,10 ปอนด์,ห้องเครื่องวัดไฟฟ้า หน้าห้อง Generator,10/1/2024,ทอศ.,FALSE,,,,ปกติ,,12.11 KG,2/20/2025 8:12 PM,Nattaphat Prachaplang (ณัฏฐ์พัฒน์ ประชาแปลง)
50E1FE03,CO2,10 ปอนด์,หน้าห้อง Pantry,10/1/2024,ทอศ.,FALSE,,,,ปกติ,,12.11 KG,2/19/2025 12:44 PM,Nattaphat Prachaplang (ณัฏฐ์พัฒน์ ประชาแปลง)
50E1FE04,CO2,10 ปอนด์,ห้องทำความเย็น Chiller,10/1/2024,ทอศ.,FALSE,,,,ปกติ,,12.11 KG,2/19/2025 12:44 PM,Nattaphat Prachaplang (ณัฏฐ์พัฒน์ ประชาแปลง)
50E1FE05,CO2,10 ปอนด์,ห้องซ่อมบำรุง ชั้น1,10/1/2024,ทอศ.,FALSE,,,,ปกติ,,12.11 KG,2/19/2025 12:45 PM,Nattaphat Prachaplang (ณัฏฐ์พัฒน์ ประชาแปลง)
50E2FHC01,Dry che,10 ปอนด์,ทางเชื่อม PIPE BRIDGE,9/21/2022,ทอศ.,FALSE,,,,ปกติ,-,,7/18/2023 4:48 PM,Suraphas Muenkun (สุรพัศ หมื่นคุณ)
50E2FE01,CO2,10 ปอนด์,หน้าห้องแผงไฟรวม,10/1/2024,ทอศ.,FALSE,,,,ปกติ,,12.11 KG,2/19/2025 12:45 PM,Nattaphat Prachaplang (ณัฏฐ์พัฒน์ ประชาแปลง)
50E2FE02,CO2,10 ปอนด์,ห้องบำบัดน้ำเสียชั้น 2,10/1/2024,ทอศ.,FALSE,,,,ปกติ,,12.11 KG,2/19/2025 12:45 PM,Nattaphat Prachaplang (ณัฏฐ์พัฒน์ ประชาแปลง)
50E3FHC01,Dry che,10 ปอนด์,ดาดฟ้าอาคารการกำลัง (ข้างประตู),9/21/2022,ทอศ.,FALSE,,,,ปกติ,-,,7/18/2023 4:51 PM,Suraphas Muenkun (สุรพัศ หมื่นคุณ)
50E3FHC02,Dry che,10 ปอนด์,ดาดฟ้าอาคารการกำลัง (ด้านหลัง),9/21/2022,ทอศ.,FALSE,,,,ปกติ,-,,7/18/2023 4:52 PM,Suraphas Muenkun (สุรพัศ หมื่นคุณ)
50G1FHC01,Dry che,10 ปอนด์,ด้านหลังอาคาร 7 (ติดผนังข้างห้องไฟฟ้า),9/21/2022,ทอศ.,FALSE,,,,ปกติ,-,,2/20/2025 8:16 PM,Nattaphat Prachaplang (ณัฏฐ์พัฒน์ ประชาแปลง)
50G1FHC02,Dry che,10 ปอนด์,หน้าบันไดขึ้นชั้น 1,9/21/2022,ทอศ.,FALSE,,,,ปกติ,-,,7/18/2023 7:31 PM,Suraphas Muenkun (สุรพัศ หมื่นคุณ)
50G2FHC01,Dry che,10 ปอนด์,โถงทางเดิน ชั้น 2,9/21/2022,ทอศ.,FALSE,,,,ปกติ,-,,7/18/2023 4:55 PM,Suraphas Muenkun (สุรพัศ หมื่นคุณ)
50F1FHC01,CO2,10 ปอนด์,ทางเดินเข้าห้องเครื่อง (การกำลัง),10/1/2024,ทอศ.,FALSE,,,,ปกติ,-,12.11 KG,2/19/2025 1:34 PM,Nattaphat Prachaplang (ณัฏฐ์พัฒน์ ประชาแปลง)
50F1FHC02,CO2,10 ปอนด์,ในโถงอาคาร IT,10/1/2024,ทอศ.,FALSE,,,,ปกติ,-,12.11 KG,2/19/2025 1:35 PM,Nattaphat Prachaplang (ณัฏฐ์พัฒน์ ประชาแปลง)
50F1FHC03,CO2,10 ปอนด์,หน้าห้องเครื่องกำเนิดไฟฟ้า (การกำลัง),10/1/2024,ทอศ.,FALSE,,,,ปกติ,-,12.11 KG,2/19/2025 1:36 PM,Nattaphat Prachaplang (ณัฏฐ์พัฒน์ ประชาแปลง)
50F1FHC04,CO2,10 ปอนด์,หน้าบันไดหนีไฟ IT,10/1/2024,ทอศ.,FALSE,,,,ปกติ,-,12.11 KG,2/19/2025 1:36 PM,Nattaphat Prachaplang (ณัฏฐ์พัฒน์ ประชาแปลง)
50F2FHC01,CO2,10 ปอนด์,หน้าลิฟต์ชั้น2  IT,10/1/2024,ทอศ.,FALSE,,,,ปกติ,-,12.11 KG,2/19/2025 1:38 PM,Nattaphat Prachaplang (ณัฏฐ์พัฒน์ ประชาแปลง)
50F2FHC02,CO2,10 ปอนด์,หน้าห้อง pump (การกำลัง)  ติดตั้งอยู่ชั้น 2,10/1/2024,ทอศ.,FALSE,,,,ปกติ,-,12.11 KG,2/19/2025 1:38 PM,Nattaphat Prachaplang (ณัฏฐ์พัฒน์ ประชาแปลง)
50F2FHC03,CO2,10 ปอนด์,ห้องเครื่องระบบสื่อสาร (การกำลัง) ติดตั้งอยู่ชั้น 2,10/1/2024,ทอศ.,FALSE,,,,ปกติ,-,12.11 KG,2/19/2025 1:39 PM,Nattaphat Prachaplang (ณัฏฐ์พัฒน์ ประชาแปลง)
50F2FHC04,CO2,10 ปอนด์,หน้าห้อง Service IT (หน้าห้องเก็บของ),10/1/2024,ทอศ.,FALSE,,,,ปกติ,-,12.11 KG,2/19/2025 1:39 PM,Nattaphat Prachaplang (ณัฏฐ์พัฒน์ ประชาแปลง)
50F1FE01,CO2,10 ปอนด์,ในห้อง Service IT (ระบบชำระเงิน) ,10/1/2024,ทอศ.,FALSE,,,,ปกติ,-,12.11 KG,2/19/2025 1:37 PM,Nattaphat Prachaplang (ณัฏฐ์พัฒน์ ประชาแปลง)
50INK1FHC01,CO2,15 ปอนด์,โถงผลิตหมึก ,10/1/2024,ทอศ.,FALSE,,,,ปกติ,,19.00 KG,2/19/2025 1:20 PM,Nattaphat Prachaplang (ณัฏฐ์พัฒน์ ประชาแปลง)
50INK1FHC02,CO2,15 ปอนด์,ห้องกวนหมึก,10/1/2024,ทอศ.,FALSE,,,,ปกติ,,19.00 KG,2/19/2025 12:55 PM,Nattaphat Prachaplang (ณัฏฐ์พัฒน์ ประชาแปลง)
50INK1FHC03,Dry che,10 ปอนด์,หน้าบันไดขึ้นชั้น 2,9/21/2022,ทอศ.,FALSE,,,,ปกติ,-,,7/23/2023 10:31 AM,Suraphas Muenkun (สุรพัศ หมื่นคุณ)
50INK1FHC04,Dry che,10 ปอนด์,ห้องคลังวัตถุดิบ(ภายในห้อง),9/21/2022,ทอศ.,FALSE,,,,ปกติ,-,,7/23/2023 10:31 AM,Suraphas Muenkun (สุรพัศ หมื่นคุณ)
50INK1FHC05,Dry che,10 ปอนด์,ห้องคลังวัตถุดิบ(ภายในห้อง),9/21/2022,ทอศ.,FALSE,,,,ปกติ,-,,7/23/2023 10:31 AM,Suraphas Muenkun (สุรพัศ หมื่นคุณ)
50INK1FHC06,Dry che,10 ปอนด์,หน้าห้องคลังวัตถุดิบ,9/21/2022,ทอศ.,FALSE,,,,ปกติ,-,,7/23/2023 10:32 AM,Suraphas Muenkun (สุรพัศ หมื่นคุณ)
50INK1FHC07,Dry che,10 ปอนด์,อาคารวาร์นิช(ห้อง Control room),9/21/2022,ทอศ.,FALSE,,,,ปกติ,-,,7/23/2023 10:32 AM,Suraphas Muenkun (สุรพัศ หมื่นคุณ)
50INK1FE02,CO2,10 ปอนด์,ปั๊มน้ำเย็น(หลังห้องบดหมึก),10/1/2024,ทอศ.,FALSE,,,,ปกติ,,12.11 KG,2/19/2025 12:57 PM,Nattaphat Prachaplang (ณัฏฐ์พัฒน์ ประชาแปลง)
50INK1FE03,CO2,10 ปอนด์,ห้องหม้อแปลงไฟฟ้า,10/1/2024,ทอศ.,FALSE,,,,ปกติ,,12.11 KG,2/19/2025 12:58 PM,Nattaphat Prachaplang (ณัฏฐ์พัฒน์ ประชาแปลง)
50INK1FE04,CO2,10 ปอนด์,ห้องเครื่องไฟฟ้า(ดีเซล) ห้อง Generator,10/1/2024,ทอศ.,FALSE,,,,ปกติ,,12.11 KG,2/20/2025 8:21 PM,Nattaphat Prachaplang (ณัฏฐ์พัฒน์ ประชาแปลง)
50INK1FE05-1,CO2,10 ปอนด์,อาคารวาร์นิช(หน้าห้อง Control room),10/1/2024,ทอศ.,FALSE,,,,ปกติ,,12.11 KG,2/19/2025 12:59 PM,Nattaphat Prachaplang (ณัฏฐ์พัฒน์ ประชาแปลง)
50INK1FE05-2,CO2,15 ปอนด์,ห้องสำนักงานอาคารวานิช,10/1/2024,ทอศ.,FALSE,,,,ปกติ,,12.11 KG,2/20/2025 8:23 PM,Nattaphat Prachaplang (ณัฏฐ์พัฒน์ ประชาแปลง)
50INK1FE06,CO2,10 ปอนด์,ห้องเก็บของหลังอาคารวาร์นิช ห้อง Tank วานิช,10/1/2024,ทอศ.,FALSE,,,,ปกติ,,12.11 KG,2/20/2025 8:23 PM,Nattaphat Prachaplang (ณัฏฐ์พัฒน์ ประชาแปลง)
50INK1FE07,CO2,10 ปอนด์,ห้องแทงค์วาร์นิช(น้ำมันร้อน),10/1/2024,ทอศ.,FALSE,,,,ปกติ,,12.11 KG,2/19/2025 1:00 PM,Nattaphat Prachaplang (ณัฏฐ์พัฒน์ ประชาแปลง)
50INK1FE08,Dry che,10 ปอนด์,ห้องปฏิบัติการเคมี,9/21/2022,ทอศ.,FALSE,,,,ปกติ,,12.11 KG,7/1/2025 22:32,Payup Charoenkham (พายัพ เจริญขำ)
50INK1FE09,CO2,10 ปอนด์,โกดังใหม่ด้านข้างอาคารวาร์นิช,10/1/2024,ทอศ.,FALSE,,,,ปกติ,,12.11 KG,2/19/2025 1:00 PM,Nattaphat Prachaplang (ณัฏฐ์พัฒน์ ประชาแปลง)
50INK1FE10,CO2,10 ปอนด์,โกดังใหม่ด้านข้างอาคารวาร์นิช,10/1/2024,ทอศ.,FALSE,,,,ปกติ,,12.11 KG,2/19/2025 1:01 PM,Nattaphat Prachaplang (ณัฏฐ์พัฒน์ ประชาแปลง)
50INK1FE11-1,Dry che,10 ปอนด์,หน้าห้องควบคุม (การกำลัง) ข้างโต๊ะ รปภ.ป้อม10,9/21/2022,ทอศ.,FALSE,,,,ปกติ,,,2/20/2025 8:26 PM,Nattaphat Prachaplang (ณัฏฐ์พัฒน์ ประชาแปลง)
50INK1FE11-2,BF2000,10 ปอนด์,ในห้องควบคุม (การกำลัง) อาคารผลิตหมึก เปิดประตู Ink 102,1/1/2013,ทอศ.,FALSE,,,,ไม่ปกติ,แรงดันตก/นำถังเก่า(1/1/2004)ไปทดแทนชั่วคราว,,2/20/2025 8:27 PM,Nattaphat Prachaplang (ณัฏฐ์พัฒน์ ประชาแปลง)
50INK1FE12-1,Dry che,10 ปอนด์,โกดังใหม่ด้านข้างอาคารวาร์นิช,9/21/2022,ทอศ.,FALSE,,,,ปกติ,-,,7/23/2023 11:27 AM,Suraphas Muenkun (สุรพัศ หมื่นคุณ)
50INK1FE12-2,CO2,10 ปอนด์,ห้องสำนักงานอาคารวาร์นิช,10/1/2024,ทอศ.,FALSE,,,,ปกติ,,12.11 KG,2/20/2025 8:28 PM,Nattaphat Prachaplang (ณัฏฐ์พัฒน์ ประชาแปลง)
50INK1FE13,Dry che,10 ปอนด์,ด้านข้างอาคารวาร์นิช,9/21/2022,ทอศ.,FALSE,,,,ปกติ,-,,7/23/2023 11:28 AM,Suraphas Muenkun (สุรพัศ หมื่นคุณ)
50INK1FE14,Dry che,10 ปอนด์,ห้อง Tank Fram,9/21/2022,ทอศ.,FALSE,,,,ปกติ,-,,7/23/2023 11:29 AM,Suraphas Muenkun (สุรพัศ หมื่นคุณ)
50INK2FHC01,Dry che,10 ปอนด์,หน้าห้องเก็บตำราวิชาการ สำนักงานผลิตหมึก,9/21/2022,ทอศ.,FALSE,,,,ปกติ,-,,7/23/2023 11:39 AM,Suraphas Muenkun (สุรพัศ หมื่นคุณ)
50INK2FE01,Dry che,10 ปอนด์,หน้าห้อง Pantry (AHU),9/21/2022,ทอศ.,FALSE,,,,ปกติ,,12.11 KG,7/1/2025 23:11,Payup Charoenkham (พายัพ เจริญขำ)
50M1FE04,CO2,10 ปอนด์,ห้องตรวจนับธนบัตร 1,10/1/2024,ทอศ.,FALSE,,,,ปกติ,,12.11 KG,2/19/2025 10:12 AM,Nattaphat Prachaplang (ณัฏฐ์พัฒน์ ประชาแปลง)
50M1FE05,CO2,10 ปอนด์,ห้องตรวจนับธนบัตร 2,10/1/2024,ทอศ.,FALSE,,,,ปกติ,,12.11 KG,2/19/2025 10:15 AM,Nattaphat Prachaplang (ณัฏฐ์พัฒน์ ประชาแปลง)
50M1FE06,CO2,10 ปอนด์,ห้องตรวจนับธนบัตร 2,10/1/2024,ทอศ.,FALSE,,,,ปกติ,,12.11 KG,2/19/2025 10:22 AM,Nattaphat Prachaplang (ณัฏฐ์พัฒน์ ประชาแปลง)
50M1FE07,CO2,10 ปอนด์,ห้องตรวจนับธนบัตร 2,10/1/2024,ทอศ.,FALSE,,,,ปกติ,,12.11 KG,2/19/2025 10:24 AM,Nattaphat Prachaplang (ณัฏฐ์พัฒน์ ประชาแปลง)
50M1FE08,CO2,10 ปอนด์,ห้องตรวจนับธนบัตร 2,10/1/2024,ทอศ.,FALSE,,,,ปกติ,,12.11 KG,2/19/2025 10:26 AM,Nattaphat Prachaplang (ณัฏฐ์พัฒน์ ประชาแปลง)
50M1FE09,CO2,10 ปอนด์,ห้องมั่นคงรอจ่าย,10/1/2024,ทอศ.,FALSE,,,,ปกติ,,12.11 KG,2/19/2025 10:28 AM,Nattaphat Prachaplang (ณัฏฐ์พัฒน์ ประชาแปลง)
50M1FE10,CO2,10 ปอนด์,ห้องมั่นคงรอนับ,10/1/2024,ทอศ.,FALSE,,,,ปกติ,,12.11 KG,2/19/2025 10:29 AM,Nattaphat Prachaplang (ณัฏฐ์พัฒน์ ประชาแปลง)
50M1FE36,CO2,10 ปอนด์,ห้องมั่นคง Finish note (ภายในห้องมั่นคงกลาง) ขึ้นกับ ฝกบ.,10/1/2024,ทอศ.,FALSE,,,,ปกติ,,12.11 KG,2/20/2025 8:34 PM,Nattaphat Prachaplang (ณัฏฐ์พัฒน์ ประชาแปลง)
50M1FE37,CO2,10 ปอนด์,ห้องมั่นคง Finish note (ภายในห้องมั่นคงกลาง) ขึ้นกับ ฝกบ.,10/1/2024,ทอศ.,FALSE,,,,ปกติ,,12.11 KG,2/20/2025 8:34 PM,Nattaphat Prachaplang (ณัฏฐ์พัฒน์ ประชาแปลง)
50M1FE38,CO2,10 ปอนด์,ห้องมั่นคง Finish note (ภายในห้องมั่นคงกลาง) ขึ้นกับ ฝกบ.,10/1/2024,ทอศ.,FALSE,,,,ปกติ,,12.11 KG,2/20/2025 8:34 PM,Nattaphat Prachaplang (ณัฏฐ์พัฒน์ ประชาแปลง)
50M1FE39,CO2,10 ปอนด์,ห้องมั่นคง Finish note (ภายในห้องมั่นคงกลาง) ขึ้นกับ ฝกบ.,10/1/2024,ทอศ.,FALSE,,,,ปกติ,,12.11 KG,2/20/2025 8:35 PM,Nattaphat Prachaplang (ณัฏฐ์พัฒน์ ประชาแปลง)
50M1FHC17,Dry che,10 ปอนด์,หน้าห้องมั่นคง Finish note (ห้องมั่นคงกลาง) ขึ้นกับ ฝกบ.,9/21/2022,ทอศ.,FALSE,,,,ปกติ,-,,2/20/2025 8:35 PM,Nattaphat Prachaplang (ณัฏฐ์พัฒน์ ประชาแปลง)
50M1FHC18,Dry che,10 ปอนด์,หน้าห้องมั่นคง Finish note (ห้องมั่นคงกลาง) ขึ้นกับ ฝกบ.,9/21/2022,ทอศ.,FALSE,,,,ปกติ,-,,2/20/2025 8:36 PM,Nattaphat Prachaplang (ณัฏฐ์พัฒน์ ประชาแปลง)
50M1FHC19,Dry che,10 ปอนด์,ห้องชาร์ตแบตรถไฟฟ้า Finish note (ห้องมั่นคงกลาง) ขึ้นกับ ฝกบ.,9/21/2022,ทอศ.,FALSE,,,,ปกติ,-,,2/20/2025 8:36 PM,Nattaphat Prachaplang (ณัฏฐ์พัฒน์ ประชาแปลง)
50M2FHC01,Dry che,10 ปอนด์,หน้าห้องเครื่องปั๊มลม,9/21/2022,ทอศ.,FALSE,,,,ปกติ,-,,7/16/2023 12:30 PM,Suraphas Muenkun (สุรพัศ หมื่นคุณ)
50M2FHC02,Dry che,10 ปอนด์,ทางเดินชั้น 2 (ใกล้ลิฟท์),9/21/2022,ทอศ.,FALSE,,,,ปกติ,-,,7/16/2023 12:31 PM,Suraphas Muenkun (สุรพัศ หมื่นคุณ)
50M2FHC03,Dry che,10 ปอนด์,หน้าห้องป้อม 7,9/21/2022,ทอศ.,TRUE,12/20/2021 9:37 AM,อธิบดี หงษ์ชุมแพ,JakkriH@bot.or.th,ปกติ,-,,7/16/2023 12:32 PM,Suraphas Muenkun (สุรพัศ หมื่นคุณ)
50M2FHC04,Dry che,10 ปอนด์,หน้าห้อง ผอ.ฝจธ.,9/21/2022,ทอศ.,FALSE,,,,ปกติ,-,,7/16/2023 12:32 PM,Suraphas Muenkun (สุรพัศ หมื่นคุณ)
50M2FE01,CO2,10 ปอนด์,หน้าห้องเครื่องหม้อแปลงไฟฟ้า (Generator),10/1/2024,ทอศ.,FALSE,,,,ปกติ,,12.11 KG,2/19/2025 10:49 AM,Nattaphat Prachaplang (ณัฏฐ์พัฒน์ ประชาแปลง)
50M2FE02,CO2,10 ปอนด์,หน้าห้องเครื่องหม้อแปลงไฟฟ้า (โต๊ะซ่อมอุปกรณ์),10/1/2024,ทอศ.,FALSE,,,,ปกติ,,12.11 KG,2/20/2025 8:37 PM,Nattaphat Prachaplang (ณัฏฐ์พัฒน์ ประชาแปลง)
50M2FE04,BF2000,10 ปอนด์,ห้องช่าง ฝจธ. (ติดโต๊ะอุปกรณ์ช่าง ห้องเล็กด้านใน),1/1/2003,ทอศ.,FALSE,,,,ปกติ,-,,7/16/2023 12:39 PM,Suraphas Muenkun (สุรพัศ หมื่นคุณ)
50M2FE03,CO2,10 ปอนด์,ห้องช่าง ฝจธ.,10/1/2024,ทอศ.,FALSE,,,,ปกติ,,12.11 KG,2/19/2025 10:51 AM,Nattaphat Prachaplang (ณัฏฐ์พัฒน์ ประชาแปลง)
50B1FHC01,Dry che,10 ปอนด์,ทางเดินชั้นที่ 1 (ใกล้ประตูหนีไฟ),9/21/2022,ทอศ.,FALSE,,,,ปกติ,-,,7/17/2023 4:54 PM,Suraphas Muenkun (สุรพัศ หมื่นคุณ)
50B1FHC02,Dry che,10 ปอนด์,ทางเดินชั้นที่ 1 ห้องชุปก่อรูป,9/21/2022,ทอศ.,FALSE,,,,ปกติ,-,,7/17/2023 5:01 PM,Suraphas Muenkun (สุรพัศ หมื่นคุณ)
50B1FE01,CO2,10 ปอนด์,ทางเดินชั้นที่ 1 ห้องชุปก่อรูป,10/1/2024,ทอศ.,FALSE,,,,ปกติ,,12.11 KG,2/19/2025 10:54 AM,Nattaphat Prachaplang (ณัฏฐ์พัฒน์ ประชาแปลง)
50B1FE02,Dry che,10 ปอนด์,ห้องอุปกรณ์สนับสนุน (ภายในห้อง),9/21/2022,ทอศ.,FALSE,,,,ปกติ,-,,7/17/2023 5:06 PM,Suraphas Muenkun (สุรพัศ หมื่นคุณ)
50B1FE04,BF2000,10 ปอนด์,ห้องออกแบบ (FE-36),1/1/1999,ทอศ.,FALSE,,,,ปกติ,ขนาดถัง 5 ปอนด์,,7/23/2023 1:02 PM,Suraphas Muenkun (สุรพัศ หมื่นคุณ)
50B1FE03,BF2000,10 ปอนด์,ห้องมืด (B-126),1/1/2003,ทอศ.,FALSE,,,,ปกติ,-,,7/17/2023 5:15 PM,Suraphas Muenkun (สุรพัศ หมื่นคุณ)
50B2FHC01,Dry che,10 ปอนด์,ทางเดินชั้นที่ 2,9/21/2022,ทอศ.,FALSE,,,,ปกติ,-,,7/17/2023 5:15 PM,Suraphas Muenkun (สุรพัศ หมื่นคุณ)
50B2FHC02,Dry che,10 ปอนด์,ทางเดินชั้นที่ 2 (หน้าห้องเครื่องมือทางวิทยาศาสตร์),9/21/2022,ทอศ.,FALSE,,,,ปกติ,-,,7/17/2023 5:16 PM,Suraphas Muenkun (สุรพัศ หมื่นคุณ)
50B2FE01,CO2,10 ปอนด์,ทางเดินชั้นที่ 2   ,10/1/2024,ทอศ.,FALSE,,,,ปกติ,,12.11 KG,2/19/2025 10:55 AM,Nattaphat Prachaplang (ณัฏฐ์พัฒน์ ประชาแปลง)
50A0FHC01,Dry che,10 ปอนด์,ใต้ดินโถงผลิต (หน้าลิฟท์) ขึ้นกับ ฝกบ.,9/21/2022,ทอศ.,FALSE,,,,ปกติ,-,,2/20/2025 8:41 PM,Nattaphat Prachaplang (ณัฏฐ์พัฒน์ ประชาแปลง)
50A0FHC02,BF2000,10 ปอนด์,ใต้ดินโถงผลิต ขึ้นกับ ฝกบ.,1/1/2019,ทอศ.,FALSE,,,,ปกติ,-,,2/20/2025 8:41 PM,Nattaphat Prachaplang (ณัฏฐ์พัฒน์ ประชาแปลง)
50A0FHC03,Dry che,10 ปอนด์,ใต้ดินโถงผลิต ขึ้นกับ ฝกบ.,9/21/2022,ทอศ.,FALSE,,,,ปกติ,-,,2/20/2025 8:41 PM,Nattaphat Prachaplang (ณัฏฐ์พัฒน์ ประชาแปลง)
50A0FHC04,Dry che,10 ปอนด์,ใต้ดินโถงผลิต (ในช่องทางหนีไฟหลังห้องคุมเครื่อง) ขึ้นกับ ฝกบ.,9/21/2022,ทอศ.,FALSE,,,,ปกติ,-,,2/20/2025 8:42 PM,Nattaphat Prachaplang (ณัฏฐ์พัฒน์ ประชาแปลง)
50A0FHC05,Dry che,10 ปอนด์,ใต้ดินโถงผลิต (ในช่องทางหนีไฟหลังห้องคุมเครื่อง) ขึ้นกับ ฝกบ.,9/21/2022,ทอศ.,FALSE,,,,ปกติ,-,,2/20/2025 8:42 PM,Nattaphat Prachaplang (ณัฏฐ์พัฒน์ ประชาแปลง)
50A0FHC06,Dry che,10 ปอนด์,ใต้ดินโถงผลิต (ในช่องทางหนีไฟหลังห้องคุมเครื่อง) ขึ้นกับ ฝกบ.,9/21/2022,ทอศ.,FALSE,,,,ปกติ,-,,2/20/2025 8:42 PM,Nattaphat Prachaplang (ณัฏฐ์พัฒน์ ประชาแปลง)
50A0FHC07,Dry che,10 ปอนด์,ใต้ดินโถงผลิต (ในช่องทางหนีไฟหลังห้องคุมเครื่อง) ขึ้นกับ ฝกบ.,9/21/2022,ทอศ.,FALSE,,,,ปกติ,-,,2/20/2025 8:43 PM,Nattaphat Prachaplang (ณัฏฐ์พัฒน์ ประชาแปลง)
50A0FE01,CO2,10 ปอนด์,หน้าห้องควบคุมเครื่องบดทำลาย ขึ้นกับ ฝกบ.,10/1/2024,ทอศ.,FALSE,,,,ปกติ,,12.11 KG,2/20/2025 8:43 PM,Nattaphat Prachaplang (ณัฏฐ์พัฒน์ ประชาแปลง)
50A0FE02,Dry che,10 ปอนด์,ใต้ดินโถงผลิต (หน้าห้องควบคุมเครื่อง) ขึ้นกับ ฝกบ.,9/21/2022,ทอศ.,FALSE,,,,ปกติ,-,,2/20/2025 8:43 PM,Nattaphat Prachaplang (ณัฏฐ์พัฒน์ ประชาแปลง)
50A1FHC01,Dry che,10 ปอนด์,ทางเดินหน้าห้อง Numbering (ห้องพิมพ์เลขหมาย)ติดป้อม 6,9/21/2022,ทอศ.,FALSE,,,,ปกติ,-,,7/17/2023 7:52 PM,Suraphas Muenkun (สุรพัศ หมื่นคุณ)
50A1FHC02,Dry che,10 ปอนด์,ทางเดินหัวมุมหน้าห้องตรวจฯ 2,9/21/2022,ทอศ.,FALSE,,,,ปกติ,-,,7/17/2023 7:53 PM,Suraphas Muenkun (สุรพัศ หมื่นคุณ)
50A1FHC03,Dry che,10 ปอนด์,ทางเดินหน้าห้องมั่นคง,9/21/2022,ทอศ.,FALSE,,,,ปกติ,-,,7/17/2023 7:54 PM,Suraphas Muenkun (สุรพัศ หมื่นคุณ)
50A1FHC04,Dry che,10 ปอนด์,ทางเดินฝั่งตรงข้าม สนง.ส่วนผลิต 1-2,9/21/2022,ทอศ.,FALSE,,,,ปกติ,-,,7/17/2023 7:55 PM,Suraphas Muenkun (สุรพัศ หมื่นคุณ)
50A1FHC05,Dry che,10 ปอนด์,ทางเดินข้างประตูทางเข้าห้องแม่พิมพ์,9/21/2022,ทอศ.,FALSE,,,,ปกติ,-,,7/17/2023 7:57 PM,Suraphas Muenkun (สุรพัศ หมื่นคุณ)
50A1FHC06,Dry che,10 ปอนด์,ทางเดินข้างห้อง Special (ห้องพิมพ์สำรอง),9/21/2022,ทอศ.,FALSE,,,,ปกติ,-,,7/17/2023 7:57 PM,Suraphas Muenkun (สุรพัศ หมื่นคุณ)
50A1FHC07,Dry che,10 ปอนด์,ทางเดินข้างห้อง Special (ห้องพิมพ์สำรอง),9/21/2022,ทอศ.,FALSE,,,,ปกติ,-,,7/17/2023 7:58 PM,Suraphas Muenkun (สุรพัศ หมื่นคุณ)
50A1FHC08,Dry che,10 ปอนด์,ทางเดินข้างห้องพิมพ์เส้นนูน หน้าห้อง Panty,9/21/2022,ทอศ.,FALSE,,,,ปกติ,-,,2/20/2025 8:46 PM,Nattaphat Prachaplang (ณัฏฐ์พัฒน์ ประชาแปลง)
50A1FHC09,Dry che,10 ปอนด์,ทางเดินหน้าห้องผลิตลูกกลิ้ง,9/21/2022,ทอศ.,FALSE,,,,ปกติ,-,,7/17/2023 7:59 PM,Suraphas Muenkun (สุรพัศ หมื่นคุณ)
50A1FHC10,Dry che,10 ปอนด์,ห้องผลิตลูกกลิ้ง,9/21/2022,ทอศ.,FALSE,,,,ปกติ,-,,7/17/2023 7:59 PM,Suraphas Muenkun (สุรพัศ หมื่นคุณ)
50A1FHC11,Dry che,10 ปอนด์,ทางเดินข้างห้องนับกระดาษขาว,9/21/2022,ทอศ.,FALSE,,,,ปกติ,-,,7/17/2023 8:00 PM,Suraphas Muenkun (สุรพัศ หมื่นคุณ)
50A1FHC12,Dry che,10 ปอนด์,ลานขนถ่ายกระดาษขาว,9/21/2022,ทอศ.,FALSE,,,,ปกติ,-,,7/17/2023 8:00 PM,Suraphas Muenkun (สุรพัศ หมื่นคุณ)
50A1FHC13,Dry che,10 ปอนด์,โถงทางเดินด้านซ้ายห้องมั่นคงระหว่างผลิต ขึ้นกับ ฝกบ.,9/21/2022,ทอศ.,FALSE,,,,ปกติ,-,,2/20/2025 8:47 PM,Nattaphat Prachaplang (ณัฏฐ์พัฒน์ ประชาแปลง)
50A1FHC14,Dry che,10 ปอนด์,โถงทางเดินตรงข้ามห้องมั่นคงระหว่างผลิต ขึ้นกับ ฝกบ.,9/21/2022,ทอศ.,FALSE,,,,ปกติ,-,,2/20/2025 8:47 PM,Nattaphat Prachaplang (ณัฏฐ์พัฒน์ ประชาแปลง)
50A1FHC15,Dry che,10 ปอนด์,โถงทางเดินด้านขวาห้องมั่นคงระหว่างผลิต ขึ้นกับ ฝกบ.,9/21/2022,ทอศ.,FALSE,,,,ปกติ,-,,2/20/2025 8:47 PM,Nattaphat Prachaplang (ณัฏฐ์พัฒน์ ประชาแปลง)
50A1FHC16,Dry che,10 ปอนด์,ทางเดินข้างห้อง Cut-Pack,9/21/2022,ทอศ.,FALSE,,,,ปกติ,-,,7/17/2023 8:10 PM,Suraphas Muenkun (สุรพัศ หมื่นคุณ)
50A1FE40,Dry che,10 ปอนด์,ภายในห้องซ่อมบำรุง,9/21/2022,ทอศ.,FALSE,,,,ปกติ,-,,7/18/2023 3:31 PM,Suraphas Muenkun (สุรพัศ หมื่นคุณ)
50A1FE01,CO2,10 ปอนด์,ห้องชาร์ตแบตรถไฟฟ้าห้องมั่นคงระหว่างผลิต ขึ้นกับ ฝกบ.,10/1/2024,ทอศ.,FALSE,,,,ปกติ,,12.11 KG,2/20/2025 8:48 PM,Nattaphat Prachaplang (ณัฏฐ์พัฒน์ ประชาแปลง)
50A1FE02,CO2,10 ปอนด์,หน้าห้องชาร์ตแบตรถไฟฟ้าห้องมั่นคงระหว่างผลิต ขึ้นกับ ฝกบ.,10/1/2024,ทอศ.,FALSE,,,,ปกติ,,12.11 KG,2/20/2025 8:48 PM,Nattaphat Prachaplang (ณัฏฐ์พัฒน์ ประชาแปลง)
50A1FE03,CO2,10 ปอนด์,หน้าห้องนับกระดาษขาว Jog ขึ้นกับ ฝกบ.,10/1/2024,ทอศ.,FALSE,,,,ปกติ,,12.11 KG,2/20/2025 8:49 PM,Nattaphat Prachaplang (ณัฏฐ์พัฒน์ ประชาแปลง)
50A1FE04,CO2,10 ปอนด์,หน้าห้องมั่นคงกระดาษขาว ขึ้นกับ ฝกบ.,10/1/2024,ทอศ.,FALSE,,,,ปกติ,,12.11 KG,2/20/2025 8:49 PM,Nattaphat Prachaplang (ณัฏฐ์พัฒน์ ประชาแปลง)
50A1FE05,CO2,10 ปอนด์,ในห้องมั่นคงกระดาษขาว ขึ้นกับ ฝกบ.,10/1/2024,ทอศ.,FALSE,,,,ปกติ,,12.11 KG,2/20/2025 8:50 PM,Nattaphat Prachaplang (ณัฏฐ์พัฒน์ ประชาแปลง)
50A1FE06,CO2,10 ปอนด์,ในห้องมั่นคงกระดาษขาว ขึ้นกับ ฝกบ.,10/1/2024,ทอศ.,FALSE,,,,ปกติ,,12.11 KG,2/20/2025 8:50 PM,Nattaphat Prachaplang (ณัฏฐ์พัฒน์ ประชาแปลง)
50A1FE07,CO2,10 ปอนด์,ในห้องมั่นคงกระดาษขาว ขึ้นกับ ฝกบ.,10/1/2024,ทอศ.,FALSE,,,,ปกติ,,12.11 KG,2/20/2025 8:50 PM,Nattaphat Prachaplang (ณัฏฐ์พัฒน์ ประชาแปลง)
50A1FE08,CO2,10 ปอนด์,ในห้องมั่นคงกระดาษขาว ขึ้นกับ ฝกบ.,10/1/2024,ทอศ.,FALSE,,,,ปกติ,,12.11 KG,2/20/2025 8:50 PM,Nattaphat Prachaplang (ณัฏฐ์พัฒน์ ประชาแปลง)
50A1FE09,CO2,10 ปอนด์,ภายในห้องมั่นคงระหว่างผลิต ขึ้นกับ ฝกบ.,10/1/2024,ทอศ.,FALSE,,,,ปกติ,,12.11 KG,2/20/2025 8:51 PM,Nattaphat Prachaplang (ณัฏฐ์พัฒน์ ประชาแปลง)
50A1FE10,CO2,10 ปอนด์,ภายในห้องมั่นคงระหว่างผลิต ขึ้นกับ ฝกบ.,10/1/2024,ทอศ.,FALSE,,,,ปกติ,,12.11 KG,2/20/2025 8:51 PM,Nattaphat Prachaplang (ณัฏฐ์พัฒน์ ประชาแปลง)
50A1FE11,CO2,10 ปอนด์,ภายในห้องมั่นคงระหว่างผลิต ขึ้นกับ ฝกบ.,10/1/2024,ทอศ.,FALSE,,,,ปกติ,,12.11 KG,2/20/2025 8:51 PM,Nattaphat Prachaplang (ณัฏฐ์พัฒน์ ประชาแปลง)
50A1FE12,CO2,10 ปอนด์,ภายในห้องมั่นคงระหว่างผลิต ขึ้นกับ ฝกบ.,10/1/2024,ทอศ.,FALSE,,,,ปกติ,,12.11 KG,2/20/2025 8:52 PM,Nattaphat Prachaplang (ณัฏฐ์พัฒน์ ประชาแปลง)
50A1FE13,CO2,10 ปอนด์,ห้องตรวจแผ่นพิมพ์ฯ 2 (หน้า),10/1/2024,ทอศ.,FALSE,,,,ปกติ,,12. KG1,2/19/2025 12:19 PM,Nattaphat Prachaplang (ณัฏฐ์พัฒน์ ประชาแปลง)
50A1FE14,CO2,10 ปอนด์,ห้องตรวจแผ่นพิมพ์ฯ 2 (หลัง),10/1/2024,ทอศ.,FALSE,,,,ปกติ,,12.11 KG,2/19/2025 12:20 PM,Nattaphat Prachaplang (ณัฏฐ์พัฒน์ ประชาแปลง)
50A1FE15-1,CO2,10 ปอนด์,ห้องตรวจแผ่นพิมพ์ฯ 1,10/1/2024,ทอศ.,FALSE,,,,ปกติ,,12.11 KG,2/19/2025 12:21 PM,Nattaphat Prachaplang (ณัฏฐ์พัฒน์ ประชาแปลง)
50A1FE15-2,CO2,10 ปอนด์,ห้องตรวจแผ่นพิมพ์ฯ 1,10/1/2024,ทอศ.,FALSE,,,,ปกติ,,12.11 KG,2/19/2025 12:22 PM,Nattaphat Prachaplang (ณัฏฐ์พัฒน์ ประชาแปลง)
50A1FE16,CO2,10 ปอนด์,ห้องพิมพ์เส้นนูน,10/1/2024,ทอศ.,FALSE,,,,ปกติ,,12.11 KG,2/19/2025 12:22 PM,Nattaphat Prachaplang (ณัฏฐ์พัฒน์ ประชาแปลง)
50A1FE17,CO2,10 ปอนด์,ห้องพิมพ์เส้นนูน (เสา),10/1/2024,ทอศ.,FALSE,,,,ปกติ,,12.11 KG,2/19/2025 12:23 PM,Nattaphat Prachaplang (ณัฏฐ์พัฒน์ ประชาแปลง)
50A1FE18,CO2,10 ปอนด์,ห้องพิมพ์เส้นนูน (เสา),10/1/2024,ทอศ.,FALSE,,,,ปกติ,,12.11 KG,2/19/2025 12:23 PM,Nattaphat Prachaplang (ณัฏฐ์พัฒน์ ประชาแปลง)
50A1FE19,CO2,10 ปอนด์,ห้องพิมพ์เส้นนูน,10/1/2024,ทอศ.,FALSE,,,,ปกติ,,12.11 KG,2/19/2025 12:24 PM,Nattaphat Prachaplang (ณัฏฐ์พัฒน์ ประชาแปลง)
50A1FE20,CO2,10 ปอนด์,ห้องพิมพ์เส้นนูน,10/1/2024,ทอศ.,FALSE,,,,ปกติ,,12.11 KG,2/19/2025 12:24 PM,Nattaphat Prachaplang (ณัฏฐ์พัฒน์ ประชาแปลง)
50A1FE21,CO2,10 ปอนด์,ห้องพิมพ์สีพื้น,10/1/2024,ทอศ.,FALSE,,,,ปกติ,,12.11 KG,2/19/2025 12:25 PM,Nattaphat Prachaplang (ณัฏฐ์พัฒน์ ประชาแปลง)
50A1FE22,CO2,10 ปอนด์,ห้องพิมพ์สีพื้น,10/1/2024,ทอศ.,FALSE,,,,ปกติ,,12.11 KG,2/19/2025 12:25 PM,Nattaphat Prachaplang (ณัฏฐ์พัฒน์ ประชาแปลง)
50A1FE23,CO2,10 ปอนด์,ห้องพิมพ์สีพื้น,10/1/2024,ทอศ.,FALSE,,,,ปกติ,,12.11 KG,2/19/2025 12:26 PM,Nattaphat Prachaplang (ณัฏฐ์พัฒน์ ประชาแปลง)
50A1FE24,CO2,10 ปอนด์,ห้องพิมพ์สีพื้น,10/1/2024,ทอศ.,FALSE,,,,ปกติ,,12.11 KG,2/19/2025 12:26 PM,Nattaphat Prachaplang (ณัฏฐ์พัฒน์ ประชาแปลง)
50A1FE25,CO2,10 ปอนด์,ห้องพิมพ์สีพื้น,10/1/2024,ทอศ.,FALSE,,,,ปกติ,,12.11 KG,2/19/2025 12:26 PM,Nattaphat Prachaplang (ณัฏฐ์พัฒน์ ประชาแปลง)
50A1FE26,CO2,10 ปอนด์,ห้อง Cut-pak,10/1/2024,ทอศ.,FALSE,,,,ปกติ,,12.11 KG,2/19/2025 12:26 PM,Nattaphat Prachaplang (ณัฏฐ์พัฒน์ ประชาแปลง)
50A1FE27,CO2,10 ปอนด์,ห้อง Cut-pak,10/1/2024,ทอศ.,FALSE,,,,ปกติ,,12.11 KG,2/19/2025 12:27 PM,Nattaphat Prachaplang (ณัฏฐ์พัฒน์ ประชาแปลง)
50A1FE28,CO2,10 ปอนด์,ห้อง Cut-pak,10/1/2024,ทอศ.,FALSE,,,,ปกติ,,12.11 KG,2/19/2025 12:28 PM,Nattaphat Prachaplang (ณัฏฐ์พัฒน์ ประชาแปลง)
50A1FE29,CO2,10 ปอนด์,ห้อง Numbering (ห้องเลขหมาย),10/1/2024,ทอศ.,FALSE,,,,ปกติ,,12.11 KG,2/19/2025 12:28 PM,Nattaphat Prachaplang (ณัฏฐ์พัฒน์ ประชาแปลง)
50A1FE30,CO2,10 ปอนด์,ห้อง Numbering (ห้องเลขหมาย),10/1/2024,ทอศ.,FALSE,,,,ปกติ,,12.11 KG,2/19/2025 12:28 PM,Nattaphat Prachaplang (ณัฏฐ์พัฒน์ ประชาแปลง)
50A1FE31,CO2,10 ปอนด์,ห้อง Numbering (ห้องเลขหมาย),10/1/2024,ทอศ.,FALSE,,,,ปกติ,,12.11 KG,2/19/2025 12:29 PM,Nattaphat Prachaplang (ณัฏฐ์พัฒน์ ประชาแปลง)
50A1FE32,CO2,10 ปอนด์,ห้องพิมพ์สีพื้น (ติดตั้งเพิ่มเติม),10/1/2024,ทอศ.,FALSE,,,,ปกติ,,12.11 KG,2/20/2025 8:54 PM,Nattaphat Prachaplang (ณัฏฐ์พัฒน์ ประชาแปลง)
50A1FE33-1,CO2,10 ปอนด์,ห้องสิ่งพิมพ์มีค่า ห้องเคลือบ,10/1/2024,ทอศ.,FALSE,,,,ปกติ,,12.11 KG,2/19/2025 12:29 PM,Nattaphat Prachaplang (ณัฏฐ์พัฒน์ ประชาแปลง)
50A1FE33-2,CO2,10 ปอนด์,ห้องสิ่งพิมพ์สำรอง (Special Printing) QIM,10/1/2024,ทอศ.,FALSE,,,,ปกติ,,12.11 KG,2/19/2025 12:30 PM,Nattaphat Prachaplang (ณัฏฐ์พัฒน์ ประชาแปลง)
50A1FE34,CO2,10 ปอนด์,ห้องสิ่งพิมพ์สำรอง (Special Printing),10/1/2024,ทอศ.,FALSE,,,,ปกติ,,12.11 KG,2/19/2025 12:30 PM,Nattaphat Prachaplang (ณัฏฐ์พัฒน์ ประชาแปลง)
50A1FE35,CO2,10 ปอนด์,ห้องสิ่งพิมพ์สำรอง (Special Printing),10/1/2024,ทอศ.,FALSE,,,,ปกติ,,12.11 KG,2/19/2025 12:30 PM,Nattaphat Prachaplang (ณัฏฐ์พัฒน์ ประชาแปลง)
50A2FHC01,Dry che,10 ปอนด์,บันไดหนีไฟ (สนง.ส่วนผลิต1-2และงานประกันคุณภาพ),9/21/2022,ทอศ.,FALSE,,,,ปกติ,-,,7/18/2023 4:09 PM,Suraphas Muenkun (สุรพัศ หมื่นคุณ)
50A2FHC02,Dry che,10 ปอนด์,สำนักงานประจำส่วนผลิต 1-2 ,9/21/2022,ทอศ.,FALSE,,,,ปกติ,-,,7/18/2023 4:09 PM,Suraphas Muenkun (สุรพัศ หมื่นคุณ)
50A2FHC03,Dry che,10 ปอนด์,โถงนิทรรศการ,9/21/2022,ทอศ.,FALSE,,,,ปกติ,-,,7/18/2023 4:09 PM,Suraphas Muenkun (สุรพัศ หมื่นคุณ)
50A2FHC04,Dry che,10 ปอนด์,โถงนิทรรศการ,9/21/2022,ทอศ.,FALSE,,,,ปกติ,-,,7/18/2023 4:09 PM,Suraphas Muenkun (สุรพัศ หมื่นคุณ)
50A2FHC05,Dry che,10 ปอนด์,โถงนิทรรศการ,9/21/2022,ทอศ.,FALSE,,,,ปกติ,-,,7/18/2023 4:09 PM,Suraphas Muenkun (สุรพัศ หมื่นคุณ)
50A2FHC06,Dry che,10 ปอนด์,โถงนิทรรศการ,9/21/2022,ทอศ.,FALSE,,,,ปกติ,-,,7/18/2023 4:11 PM,Suraphas Muenkun (สุรพัศ หมื่นคุณ)
50A2FHC07,Dry che,10 ปอนด์,โถงนิทรรศการ,9/21/2022,ทอศ.,FALSE,,,,ปกติ,-,,7/18/2023 4:11 PM,Suraphas Muenkun (สุรพัศ หมื่นคุณ)
50A2FHC08,Dry che,10 ปอนด์,ห้องเครื่องรอบโถงผลิต (ซ้าย),9/21/2022,ทอศ.,FALSE,,,,ปกติ,-,,7/18/2023 4:11 PM,Suraphas Muenkun (สุรพัศ หมื่นคุณ)
50A2FHC09,Dry che,10 ปอนด์,ห้องเครื่องรอบโถงผลิต (ขวา),9/21/2022,ทอศ.,FALSE,,,,ปกติ,-,,7/18/2023 4:11 PM,Suraphas Muenkun (สุรพัศ หมื่นคุณ)
50A2FHC10,Dry che,10 ปอนด์,ห้องเครื่องรอบโถงผลิต (ขวา),9/21/2022,ทอศ.,FALSE,,,,ปกติ,-,,7/18/2023 4:11 PM,Suraphas Muenkun (สุรพัศ หมื่นคุณ)
50A2FHC11,Dry che,10 ปอนด์,ห้องเครื่องรอบโถงผลิต (ขวา),9/21/2022,ทอศ.,FALSE,,,,ปกติ,-,,7/18/2023 4:12 PM,Suraphas Muenkun (สุรพัศ หมื่นคุณ)
50A2FHC12,Dry che,10 ปอนด์,ห้องเครื่องรอบโถงผลิต (ขวา),9/21/2022,ทอศ.,FALSE,,,,ปกติ,-,,7/18/2023 4:12 PM,Suraphas Muenkun (สุรพัศ หมื่นคุณ)
50A2FHC13,Dry che,10 ปอนด์,ห้องเครื่องรอบโถงผลิต (ขวา),9/21/2022,ทอศ.,FALSE,,,,ปกติ,-,,7/18/2023 4:12 PM,Suraphas Muenkun (สุรพัศ หมื่นคุณ)
50A2FHC14,Dry che,10 ปอนด์,ห้องเครื่องรอบโถงผลิต (ขวา),9/21/2022,ทอศ.,FALSE,,,,ปกติ,-,,7/18/2023 4:12 PM,Suraphas Muenkun (สุรพัศ หมื่นคุณ)
50A2FHC15,Dry che,10 ปอนด์,บันไดหนีไฟหน้าป้อม 6,9/21/2022,ทอศ.,FALSE,,,,,-,,7/18/2023 4:12 PM,Suraphas Muenkun (สุรพัศ หมื่นคุณ)
50A2FHC16,Dry che,10 ปอนด์,ห้องเครื่องรอบโถงผลิต (ซ้าย),9/21/2022,ทอศ.,FALSE,,,,ปกติ,-,,7/18/2023 4:13 PM,Suraphas Muenkun (สุรพัศ หมื่นคุณ)
50A2FHC17,Dry che,10 ปอนด์,ห้องเครื่องรอบโถงผลิต (ซ้าย),9/21/2022,ทอศ.,FALSE,,,,ปกติ,-,,7/18/2023 4:13 PM,Suraphas Muenkun (สุรพัศ หมื่นคุณ)
50A2FHC18,Dry che,10 ปอนด์,ห้องเครื่องรอบโถงผลิต (ซ้าย),9/21/2022,ทอศ.,FALSE,,,,ปกติ,-,,7/18/2023 4:13 PM,Suraphas Muenkun (สุรพัศ หมื่นคุณ)
50A2FE01,CO2,10 ปอนด์,ห้องนิทรรศการ หลังรูปกรงห้องขัง,10/1/2024,ทอศ.,FALSE,,,,ปกติ,,12.11 KG,2/20/2025 8:57 PM,Nattaphat Prachaplang (ณัฏฐ์พัฒน์ ประชาแปลง)
50A2RFE01,CO2,10 ปอนด์,ชั้นหลังคาห้องมั่นคงระหว่างผลิต,10/1/2024,ทอศ.,FALSE,,,,ปกติ,,12.11 KG,2/19/2025 12:42 PM,Nattaphat Prachaplang (ณัฏฐ์พัฒน์ ประชาแปลง)
50A2FE02,BF2000,10 ปอนด์,ห้องเครื่องรอบโถงผลิต (ซ้าย),1/1/2009,ทอศ.,FALSE,,,,ปกติ,-,,7/18/2023 4:20 PM,Suraphas Muenkun (สุรพัศ หมื่นคุณ)
50A2FE03,BF2000,10 ปอนด์,ห้องเครื่องรอบโถงผลิต (ขวา),1/1/2009,ทอศ.,FALSE,,,,ปกติ,-,,7/18/2023 4:21 PM,Suraphas Muenkun (สุรพัศ หมื่นคุณ)
50INK2FE02,CO2,10 ปอนด์,ห้องพัดลมใหญ่,10/1/2024,ทอศ.,FALSE,,,,ปกติ,,12.11 KG,2/19/2025 1:04 PM,Nattaphat Prachaplang (ณัฏฐ์พัฒน์ ประชาแปลง)
50INK2FE03,CO2,10 ปอนด์,ห้องเครื่องไฟฟ้า เดินขึ้นบันไดชั้น 2,10/1/2024,ทอศ.,FALSE,,,,ปกติ,,12.11 KG,2/20/2025 9:00 PM,Nattaphat Prachaplang (ณัฏฐ์พัฒน์ ประชาแปลง)
50INK2FE04,Dry che,10 ปอนด์,อาคารวาร์นิช (ควบคุมคุณภาพหมึกฯ) เดินขึ้นบันไดชั้น 2,9/21/2022,ทอศ.,FALSE,,,,ปกติ,-,,2/20/2025 9:00 PM,Nattaphat Prachaplang (ณัฏฐ์พัฒน์ ประชาแปลง)
50INK2FE05,CO2,10 ปอนด์,ชั้น 2 Tank Fram ปีนขึ้นบันได,10/1/2024,ทอศ.,FALSE,,,,ปกติ,,12.11 KG,2/20/2025 9:01 PM,Nattaphat Prachaplang (ณัฏฐ์พัฒน์ ประชาแปลง)
41B03FEX1002,Dry che,10 ปอนด์,ภายในห้องเก็บพัสดุ,1/1/2021,ศหญ.,FALSE,5/23/2024 3:27 PM,เลิศพงษ์ วงษ์บุตรดี,LeartphW@bot.or.th,ปกติ,,,5/25/2024 10:47 AM,Chakri Suwankrajang (จักรี สุวรรณกระจ่าง)
50H2FHC01,Dry che,10 ปอนด์,ทางขึ้นบันได (ข้างห้อง Fitness),9/21/2022,ทอศ.,FALSE,,,,ปกติ,-,,2/20/2025 7:34 PM,Nattaphat Prachaplang (ณัฏฐ์พัฒน์ ประชาแปลง)
50H1-1FHC01,Dry che,10 ปอนด์,ภายในอาคารกีฬา (ด้านหน้า),9/21/2022,ทอศ.,FALSE,,,,ปกติ,-,,7/23/2023 12:28 PM,Suraphas Muenkun (สุรพัศ หมื่นคุณ)
50M1FE11,Dry che,10 ปอนด์,หน้าห้องน้ำ ข้าง Doc 7-8,9/21/2022,ทอศ.,FALSE,,,,ปกติ,-,,2/20/2025 9:04 PM,Nattaphat Prachaplang (ณัฏฐ์พัฒน์ ประชาแปลง)
50M1FE12,Dry che,10 ปอนด์,หน้าลานขนถ่าย ห้องมั่นคงหลัก Doc 7 - 8,9/21/2022,ทอศ.,FALSE,,,,ปกติ,-,,7/16/2023 1:38 PM,Suraphas Muenkun (สุรพัศ หมื่นคุณ)
50S1FE01,Dry che,10 ปอนด์,ติดฝาผนังด้านนอกห้อง,9/21/2022,ทอศ.,FALSE,,,,ปกติ,-,,2/20/2025 9:05 PM,Nattaphat Prachaplang (ณัฏฐ์พัฒน์ ประชาแปลง)
50G1FE04,Dry che,10 ปอนด์,ห้องไฟฟ้า หลังอาคาร 7,10/15/2013,ทอศ.,FALSE,,,,ปกติ,-,,7/17/2023 5:36 PM,Suraphas Muenkun (สุรพัศ หมื่นคุณ)
50G1FE01,BF2000,10 ปอนด์,ด้านในอาคาร 7 ชั้น 1 ติดประตูกระจกทางเข้าอาคารชั้น 1 (ตั้งพื้น),9/16/2022,ทอศ.,FALSE,,,,ปกติ,-,,2/20/2025 9:08 PM,Nattaphat Prachaplang (ณัฏฐ์พัฒน์ ประชาแปลง)
50G1FE02,BF2000,10 ปอนด์,ด้านในอาคาร 7 ชั้น 1 ติดกระจกด้านหลังส่วนครัวงานขนส่ง (ตั้งพื้น),7/20/2013,ทอศ.,FALSE,,,,ปกติ,-,,2/20/2025 9:09 PM,Nattaphat Prachaplang (ณัฏฐ์พัฒน์ ประชาแปลง)
50G1FE03,BF2000,10 ปอนด์,ด้านในอาคาร 7 ชั้น 1 ติดประตูทางเข้าห้องพักงานขนส่ง (ตั้งพื้น),10/4/2016,ทอศ.,FALSE,,,,ปกติ,-,,2/20/2025 9:10 PM,Nattaphat Prachaplang (ณัฏฐ์พัฒน์ ประชาแปลง)
50A0FE03,Dry che,10 ปอนด์,ใต้ดินโถงผลิต (หน้าห้องควบคุมเครื่องบดทำลาย) ขึ้นกับ ฝกบ.,9/21/2022,ทอศ.,FALSE,,,,ปกติ,-,,2/20/2025 9:12 PM,Nattaphat Prachaplang (ณัฏฐ์พัฒน์ ประชาแปลง)
50A1FE36,Dry che,50 ปอนด์,ห้องเก็บสารเคลือบห้องเคลือบธนบัตร /ขนาด 50 ปอนด์ (ล้อเข็น),11/1/2022,ทอศ.,FALSE,,,,ปกติ,-,,2/20/2025 9:20 PM,Nattaphat Prachaplang (ณัฏฐ์พัฒน์ ประชาแปลง)
50A1FE37,Dry che,50 ปอนด์,ห้องเก็บสารเคลือบห้องเคลือบธนบัตร/ขนาด 50 ปอนด์ (ล้อเข็น),11/1/2022,ทอศ.,FALSE,,,,ปกติ,-,,7/1/2025 22:48,Payup Charoenkham (พายัพ เจริญขำ)
01B01FEX1101,BF2000,15 ปอนด์,อาคาร 1 ชั้น 1 โซน 1 ข้างลิฟท์ ตัวที่ 3-4 ,1/1/2017,สนญ.,TRUE,11/20/2023 11:57 PM,ธีระพงศ์ หีบแก้ว,TeeraphH@bot.or.th,ปกติ,,จำนวน 1 ถัง (ตู้ FHC-F1/1-1A),10/7/2024 13:55,Thitipong Suebjak-in (ฐิติพงศ์ สืบจากอินทร์)
01B01FEX1102,BF2000,15 ปอนด์,อาคาร 1 ชั้น 1 โซน 1 ร้านขายหนังสือนายอินทร์,1/1/2017,สนญ.,TRUE,11/20/2023 11:59 PM,ธีระพงศ์ หีบแก้ว,TeeraphH@bot.or.th,ปกติ,,จำนวน 1 ถัง (ตู้ FHC-F1/1-1B),11/21/2023 12:00 AM,Teeraphong Heepgaew (ธีระพงศ์ หีบแก้ว)
01B01FEX1103,BF2000,15 ปอนด์,อาคาร 1 ชั้น 1 โซน 1 โถง ห้อง Commmon Room,1/1/2017,สนญ.,TRUE,11/21/2023 1:23 AM,ธีระพงศ์ หีบแก้ว,TeeraphH@bot.or.th,ปกติ,,จำนวน 1 ถัว (ตู้ FHC-F1/1-3),11/21/2023 1:23 AM,Teeraphong Heepgaew (ธีระพงศ์ หีบแก้ว)
01B01FEX1104,BF2000,15 ปอนด์,อาคาร 1 ชั้น 1 โซน 1 ทางออกประตูหนีไฟ หน้าห้องประชุม1-2,1/1/2017,สนญ.,TRUE,11/21/2023 12:03 AM,ธีระพงศ์ หีบแก้ว,TeeraphH@bot.or.th,ปกติ,,จำนวน 1 ถัง (ตู้ FHC-F1/1-4),11/21/2023 12:03 AM,Teeraphong Heepgaew (ธีระพงศ์ หีบแก้ว)
01B01FEX1105,BF2000,15 ปอนด์,อาคาร 1 ชั้น 1 โซน 1 ทางเข้าห้องน้ำ ช/ญ หน้าห้องระบบไฟฟ้า/แอร์,1/1/2017,สนญ.,TRUE,11/21/2023 12:13 AM,ธีระพงศ์ หีบแก้ว,TeeraphH@bot.or.th,ปกติ,,จำนวน 1 ถัง (แขวนผนัง),11/21/2023 12:13 AM,Teeraphong Heepgaew (ธีระพงศ์ หีบแก้ว)
01B01FEX1201,BF2000,15 ปอนด์,อาคาร 1 ชั้น 1 โซน 2 ข้างลิฟท์ ตัวที่ 5-6 ,1/1/2017,สนญ.,TRUE,11/21/2023 12:15 AM,ธีระพงศ์ หีบแก้ว,TeeraphH@bot.or.th,ปกติ,,จำนวน 1 ถัง (ตู้ FHC-F1/2-1),11/21/2023 12:15 AM,Teeraphong Heepgaew (ธีระพงศ์ หีบแก้ว)
01B01FEX1202,BF2000,15 ปอนด์,อาคาร 1 ชั้น 1 โซน 2 ในส่วนงาน กยอ./กสร./ทางเข้าห้องประชุม R112,1/1/2017,สนญ.,FALSE,,,,ปกติ,,จำนวน 1 ถัง (ตู้ FHC-F1/2-2A),6/21/2024 12:44 PM,Thitipong Suebjak-in (ฐิติพงศ์ สืบจากอินทร์)
01B01FEX1209,BF2000,15 ปอนด์,อาคาร 1 ชั้น 1 โซน 2 ในส่วนงาน กยอ./กสร./ทางเข้าห้องประชุม R112,1/1/2017,สนญ.,FALSE,,,,ปกติ,,จำนวน 1 ถัง (ตู้ FHC-F1/2-2A),6/21/2024 12:47 PM,Thitipong Suebjak-in (ฐิติพงศ์ สืบจากอินทร์)
01B01FEX1203,BF2000,15 ปอนด์,อาคาร 1 ชั้น 1 โซน 2 ในห้องเครื่องชิลเลอร์(ระบบปรับอากาศ),1/1/2017,สนญ.,TRUE,11/21/2023 12:40 AM,ธีระพงศ์ หีบแก้ว,TeeraphH@bot.or.th,ปกติ,,จำนวน 1 ถัง (ตู้ FHC-F1/2-2B),11/21/2023 12:40 AM,Teeraphong Heepgaew (ธีระพงศ์ หีบแก้ว)
01B01FEX1204,BF2000,15 ปอนด์,อาคาร 1 ชั้น 1 โซน 2 หน้าประตูหนีไฟ (กลางห้องCommmon Room),1/1/2017,สนญ.,TRUE,11/21/2023 12:07 AM,ธีระพงศ์ หีบแก้ว,TeeraphH@bot.or.th,ปกติ,,จำนวน 1 ถัง (ตู้ FHC-F1/2-4),11/21/2023 12:07 AM,Teeraphong Heepgaew (ธีระพงศ์ หีบแก้ว)
01B01FEX1206,BF2000,15 ปอนด์,อาคาร 1 ชั้น 1 โซน 2 ทางออกประตูหนีไฟ จากห้องระบบวิศวกรรม ,1/1/2017,สนญ.,TRUE,11/21/2023 12:53 AM,ธีระพงศ์ หีบแก้ว,TeeraphH@bot.or.th,ปกติ,,จำนวน 1 ถัง (ตู้ FHC-F1/2-3B),11/21/2023 12:53 AM,Teeraphong Heepgaew (ธีระพงศ์ หีบแก้ว)
01B01FEX1207,BF2000,15 ปอนด์,อาคาร 1 ชั้น 1 โซน 2 ในส่วนงาน หน้าห้องระบบวิศวกรรม,1/1/2017,สนญ.,TRUE,11/21/2023 12:36 AM,ธีระพงศ์ หีบแก้ว,TeeraphH@bot.or.th,ปกติ,,จำนวน 1 ถัง (แขวนผนัง),11/21/2023 12:36 AM,Teeraphong Heepgaew (ธีระพงศ์ หีบแก้ว)
01B01FEX1208,BF2000,15 ปอนด์,อาคาร 1 ชั้น 1 โซน 2 ทางเข้าห้องน้ำ ช/ญ หน้าห้องระบบไฟฟ้า/แอร์,1/1/2017,สนญ.,TRUE,11/21/2023 12:18 AM,ธีระพงศ์ หีบแก้ว,TeeraphH@bot.or.th,ปกติ,,จำนวน 1 ถัง (แขวนผนัง),11/21/2023 12:18 AM,Teeraphong Heepgaew (ธีระพงศ์ หีบแก้ว)
01B01FEX1301,BF2000,15 ปอนด์,อาคาร 1 ชั้น 1 โซน 3 ข้างลิฟท์ ตัวที่ 7-8 ,1/1/2017,สนญ.,TRUE,11/21/2023 1:05 AM,ธีระพงศ์ หีบแก้ว,TeeraphH@bot.or.th,ปกติ,,จำนวน 1 ถัง (ตู้ FHC-F1/3-1),11/21/2023 1:05 AM,Teeraphong Heepgaew (ธีระพงศ์ หีบแก้ว)
01B01FEX1302,BF2000,15 ปอนด์,อาคาร 1 ชั้น 1 โซน 3 ข้างลิฟท์ ตัวที่ 1-2 ,1/1/2017,สนญ.,TRUE,11/21/2023 1:08 AM,ธีระพงศ์ หีบแก้ว,TeeraphH@bot.or.th,ปกติ,,จำนวน 1 ถัง (ตู้ FHC-F1/3-3A),11/21/2023 1:08 AM,Teeraphong Heepgaew (ธีระพงศ์ หีบแก้ว)
01B01FEX1303,BF2000,15 ปอนด์,อาคาร 1 ชั้น 1 โซน 3 ในส่วนงาน ฝคง.,1/1/2017,สนญ.,TRUE,11/21/2023 1:13 AM,ธีระพงศ์ หีบแก้ว,TeeraphH@bot.or.th,ปกติ,,จำนวน 1 ถัง (ตู้ FHC-F1/3-3B),11/21/2023 1:13 AM,Teeraphong Heepgaew (ธีระพงศ์ หีบแก้ว)
01B01FEX1304,BF2000,15 ปอนด์,อาคาร 1 ชั้น 1 โซน 3 ทางเข้าห้องน้ำ ช/ญ หน้าห้องระบบไฟฟ้า/แอร์,1/1/2017,สนญ.,TRUE,11/21/2023 1:10 AM,ธีระพงศ์ หีบแก้ว,TeeraphH@bot.or.th,ปกติ,,จำนวน 1 ถัง (แขวนผนัง),11/21/2023 1:10 AM,Teeraphong Heepgaew (ธีระพงศ์ หีบแก้ว)
01B01FEX1401,BF2000,15 ปอนด์,อาคาร 1 ชั้น 1 โซน 4 ข้างลิฟท์ ตัวที่ 10-11 ,1/1/2017,สนญ.,TRUE,11/20/2023 11:50 PM,ธีระพงศ์ หีบแก้ว,TeeraphH@bot.or.th,ปกติ,,จำนวน 1 ถัง (ตู้ FHC-F1/4-1),11/20/2023 11:50 PM,Teeraphong Heepgaew (ธีระพงศ์ หีบแก้ว)
01B01FEX1402,BF2000,15 ปอนด์,อาคาร 1 ชั้น 1 โซน 4 ข้างลิฟท์ ตัวที่ 16 (ลิฟท์ พนง.ดับเพลิง),1/1/2017,สนญ.,TRUE,11/20/2023 11:48 PM,ธีระพงศ์ หีบแก้ว,TeeraphH@bot.or.th,ปกติ,,จำนวน 1 ถัง (ตู้ FHC-F1/4-2),11/20/2023 11:48 PM,Teeraphong Heepgaew (ธีระพงศ์ หีบแก้ว)
01B01FEX1403,BF2000,15 ปอนด์,อาคาร 1 ชั้น 1 โซน 4 ประตูหนีไฟ 1C7-J2 (ประตูนอกเวลาทำการ),1/1/2017,สนญ.,TRUE,11/20/2023 11:37 PM,ธีระพงศ์ หีบแก้ว,TeeraphH@bot.or.th,ปกติ,,จำนวน 1 ถัง (ตู้ FHC-F1/4-3A),11/20/2023 11:37 PM,Teeraphong Heepgaew (ธีระพงศ์ หีบแก้ว)
01B01FEX1404,BF2000,15 ปอนด์,อาคาร 1 ชั้น 1 โซน 4 ในส่วนงาน ฝรภ.,1/1/2017,สนญ.,TRUE,11/20/2023 11:42 PM,ธีระพงศ์ หีบแก้ว,TeeraphH@bot.or.th,ปกติ,,จำนวน 1 ถัง (ตู้ FHC-F1/4-3B),11/20/2023 11:42 PM,Teeraphong Heepgaew (ธีระพงศ์ หีบแก้ว)
01B01FEX1405,BF2000,15 ปอนด์,อาคาร 1 ชั้น 1 โซน 4 ทางเดินไปสโมสร หน้าห้องวิศวกรรม,1/1/2017,สนญ.,TRUE,11/20/2023 11:53 PM,ธีระพงศ์ หีบแก้ว,TeeraphH@bot.or.th,ปกติ,,จำนวน 1 ถัง (ตู้ FHC-F1/4-4),11/20/2023 11:53 PM,Teeraphong Heepgaew (ธีระพงศ์ หีบแก้ว)
01B01FEX1406,BF2000,15 ปอนด์,อาคาร 1 ชั้น 1 โซน 4 ทางเข้าห้องน้ำ ช/ญ หน้าห้องระบบไฟฟ้า/แอร์,1/1/2017,สนญ.,TRUE,11/20/2023 11:46 PM,ธีระพงศ์ หีบแก้ว,TeeraphH@bot.or.th,ปกติ,,จำนวน 1 ถัง (แขวนผนัง),11/20/2023 11:46 PM,Teeraphong Heepgaew (ธีระพงศ์ หีบแก้ว)
01B01FEX1601,BF2000,15 ปอนด์,อาคาร 1 ชั้น 1 โซน 6 ทางเข้า-ออกประตูม้วน ส่วนงานวิศวกรรม,1/1/2021,สนญ.,TRUE,11/21/2023 12:45 AM,ธีระพงศ์ หีบแก้ว,TeeraphH@bot.or.th,ปกติ,,จำนวน 1 ถัง (ตู้ FHC-F1/6-1B),10/2/2024 9:16,Thitipong Suebjak-in (ฐิติพงศ์ สืบจากอินทร์)
01B01FEX1603,BF2000,15 ปอนด์,อาคาร 1 ชั้น 1 โซน 6 ห้องเก็บอุปกรณ์ แม่บ้าน สโมสร,1/1/2021,สนญ.,TRUE,12/12/2023 14:50,วุฒิชาติ สนชัย,WuttichS@bot.or.th,ปกติ,,จำนวน 1 ถัง (ตู้ FHC-F1/6-1A),12/12/2023 14:50,Wuttichart Sonchai (วุฒิชาติ สนชัย)
01B01FEX1604,BF2000,15 ปอนด์,อาคาร 1 ชั้น 1 โซน 6 ทางเข้า-ออกประตูม้วน ส่วนงานวิศวกรรม,1/1/2021,สนญ.,TRUE,12/12/2023 15:55,วุฒิชาติ สนชัย,WuttichS@bot.or.th,ปกติ,,จำนวน 1 ถัง (แขวนผนัง),10/2/2024 9:17,Thitipong Suebjak-in (ฐิติพงศ์ สืบจากอินทร์)
01B01FEX1606,BF2000,15 ปอนด์,อาคาร 1 ชั้น 1 โซน 6 หน้าประตู ระบบไฟฟ้า (1),1/1/2017,สนญ.,TRUE,12/12/2023 14:47,วุฒิชาติ สนชัย,WuttichS@bot.or.th,ปกติ,,จำนวน 1 ถัง (แขวนผนัง),12/12/2023 14:47,Wuttichart Sonchai (วุฒิชาติ สนชัย)
01B01FEX1607,BF2000,15 ปอนด์,อาคาร 1 ชั้น 1 โซน 6 หน้าประตู ระบบไฟฟ้า (2),1/1/2017,สนญ.,TRUE,12/12/2023 14:52,วุฒิชาติ สนชัย,WuttichS@bot.or.th,ปกติ,,จำนวน 1 ถัง (แขวนผนัง),12/12/2023 14:52,Wuttichart Sonchai (วุฒิชาติ สนชัย)
01B01FEX1701,BF2000,15 ปอนด์,อาคาร 1 ชั้น 1 โซน 7 ข้างลิฟท์ ตัวที่ 14-15 ,1/1/2021,สนญ.,TRUE,12/12/2023 14:38,ธีระพงศ์ หีบแก้ว,TeeraphH@bot.or.th,ปกติ,,จำนวน 1 ถัง (ตู้ FHC-F1/7-1),12/12/2023 14:38,Teeraphong Heepgaew (ธีระพงศ์ หีบแก้ว)
01B01FEX1702,BF2000,15 ปอนด์,อาคาร 1 ชั้น 1 โซน 7 ข้างลิฟท์ ตัวที่ 12-13 ,1/1/2017,สนญ.,FALSE,,,,ปกติ,,จำนวน 1 ถัง (ตู้ FHC-F1/7-2A),10/3/2023 15:45,Rohman Hanirae (เร๊าะมัน หะนิแร)
01B01FEX1703,BF2000,15 ปอนด์,อาคาร 1 ชั้น 1 โซน 7 หน้าห้องระบบไฟฟ้า,1/1/2017,สนญ.,TRUE,12/12/2023 14:27,วุฒิชาติ สนชัย,WuttichS@bot.or.th,ปกติ,,จำนวน 1 ถัง (แขวนผนัง),12/12/2023 14:27,Wuttichart Sonchai (วุฒิชาติ สนชัย)
01B01FEX1705,BF2000,15 ปอนด์,อาคาร 1 ชั้น 1 โซน 7 หน้าห้องแบตฯ,1/1/2017,สนญ.,TRUE,12/12/2023 15:45,วุฒิชาติ สนชัย,WuttichS@bot.or.th,ปกติ,,จำนวน 1 ถัง (วางพื้น),12/12/2023 15:45,Wuttichart Sonchai (วุฒิชาติ สนชัย)
01B01FEX1706,BF2000,15 ปอนด์,อาคาร 1 ชั้น 1 โซน 7 หน้าห้องแบตฯ,1/1/2017,สนญ.,TRUE,12/12/2023 15:45,วุฒิชาติ สนชัย,WuttichS@bot.or.th,ปกติ,,จำนวน 1 ถัง (วางพื้น),12/12/2023 15:45,Wuttichart Sonchai (วุฒิชาติ สนชัย)
01B01FEX1707,BF2000,15 ปอนด์,อาคาร 1 ชั้น 1 โซน 7 ห้องแบตฯ (1),1/1/2021,สนญ.,TRUE,12/12/2023 15:50,วุฒิชาติ สนชัย,WuttichS@bot.or.th,ปกติ,,จำนวน 1 ถัง (วางพื้น),10/2/2024 10:28,Thitipong Suebjak-in (ฐิติพงศ์ สืบจากอินทร์)
01B01FEX1708,BF2000,15 ปอนด์,อาคาร 1 ชั้น 1 โซน 7 ห้องแบตฯ (1),1/1/2021,สนญ.,TRUE,12/12/2023 15:50,วุฒิชาติ สนชัย,WuttichS@bot.or.th,ปกติ,,จำนวน 1 ถัง (วางพื้น),10/2/2024 10:30,Thitipong Suebjak-in (ฐิติพงศ์ สืบจากอินทร์)
01B01FEX1711,BF2000,15 ปอนด์,อาคาร 1 ชั้น 1 โซน 7 ห้องแบตฯ (3) ,1/1/2021,สนญ.,TRUE,12/12/2023 15:42,วุฒิชาติ สนชัย,WuttichS@bot.or.th,ปกติ,,จำนวน 1 ถัง (วางพื้น),10/2/2024 10:40,Thitipong Suebjak-in (ฐิติพงศ์ สืบจากอินทร์)
01B01FEX1712,BF2000,15 ปอนด์,อาคาร 1 ชั้น 1 โซน 7 ห้องแบตฯ (3) ,1/1/2021,สนญ.,TRUE,12/12/2023 15:43,วุฒิชาติ สนชัย,WuttichS@bot.or.th,ปกติ,,จำนวน 1 ถัง (วางพื้น),10/2/2024 10:40,Thitipong Suebjak-in (ฐิติพงศ์ สืบจากอินทร์)
01B01FEX1715,BF2000,15 ปอนด์,อาคาร 1 ชั้น 1 โซน 7 หน้าห้อง MDB ศูนย์คอม 1,1/1/2021,สนญ.,TRUE,12/12/2023 15:15,วุฒิชาติ สนชัย,WuttichS@bot.or.th,ปกติ,,จำนวน 1 ถัง (วางพื้น),10/2/2024 10:50,Thitipong Suebjak-in (ฐิติพงศ์ สืบจากอินทร์)
01B01FEX1716,BF2000,15 ปอนด์,อาคาร 1 ชั้น 1 โซน 7 หน้าห้อง MDB ศูนย์คอม 2,1/1/2021,สนญ.,FALSE,,,,ปกติ,,จำนวน 1 ถัง (วางพื้น),10/2/2024 10:51,Thitipong Suebjak-in (ฐิติพงศ์ สืบจากอินทร์)
01B01FEX1717,BF2000,15 ปอนด์,อาคาร 1 ชั้น 1 โซน 7 หน้าห้อง MDB ศูนย์คอม 3,1/1/2021,สนญ.,TRUE,12/12/2023 15:16,วุฒิชาติ สนชัย,WuttichS@bot.or.th,ปกติ,,จำนวน 1 ถัง (วางพื้น),10/2/2024 10:51,Thitipong Suebjak-in (ฐิติพงศ์ สืบจากอินทร์)
01B01FEX1721,BF2000,15 ปอนด์,อาคาร 1 ชั้น 1 โซน 7 หน้าห้อง UPS 3,1/1/2021,สนญ.,TRUE,12/12/2023 15:20,วุฒิชาติ สนชัย,WuttichS@bot.or.th,ปกติ,,จำนวน 1 ถัง (วางพื้น),10/2/2024 10:58,Thitipong Suebjak-in (ฐิติพงศ์ สืบจากอินทร์)
01B01FEX1722,BF2000,15 ปอนด์,อาคาร 1 ชั้น 1 โซน 7 หน้าห้อง UPS 3,1/1/2021,สนญ.,TRUE,12/12/2023 15:41,วุฒิชาติ สนชัย,WuttichS@bot.or.th,ปกติ,,จำนวน 1 ถัง (วางพื้น),10/2/2024 10:58,Thitipong Suebjak-in (ฐิติพงศ์ สืบจากอินทร์)
01B01FEX1725,BF2000,15 ปอนด์,อาคาร 1 ชั้น 1 โซน 7 หน้าห้องเครื่องกำเนิดไฟฟ้าสำรอง (1-2) 1,1/1/2021,สนญ.,TRUE,12/12/2023 15:25,วุฒิชาติ สนชัย,WuttichS@bot.or.th,ปกติ,,จำนวน 1 ถัง (วางพื้น),10/2/2024 11:02,Thitipong Suebjak-in (ฐิติพงศ์ สืบจากอินทร์)
01B01FEX1726,BF2000,15 ปอนด์,อาคาร 1 ชั้น 1 โซน 7 หน้าห้องเครื่องกำเนิดไฟฟ้าสำรอง (1-2) 2,1/1/2021,สนญ.,TRUE,12/12/2023 15:25,วุฒิชาติ สนชัย,WuttichS@bot.or.th,ปกติ,,จำนวน 1 ถัง (วางพื้น),10/2/2024 11:03,Thitipong Suebjak-in (ฐิติพงศ์ สืบจากอินทร์)
01B01FEX1727,BF2000,15 ปอนด์,อาคาร 1 ชั้น 1 โซน 7 หน้าห้องเครื่องกำเนิดไฟฟ้าสำรอง (1-2)  3,1/1/2021,สนญ.,TRUE,12/12/2023 15:25,วุฒิชาติ สนชัย,WuttichS@bot.or.th,ปกติ,,จำนวน 1 ถัง (วางพื้น),10/2/2024 11:06,Thitipong Suebjak-in (ฐิติพงศ์ สืบจากอินทร์)
01B01FEX1728,BF2000,15 ปอนด์,อาคาร 1 ชั้น 1 โซน 7 หน้าห้องเครื่องกำเนิดไฟฟ้าสำรอง (1-2)  4,1/1/2021,สนญ.,TRUE,12/12/2023 15:26,วุฒิชาติ สนชัย,WuttichS@bot.or.th,ปกติ,,จำนวน 1 ถัง (วางพื้น),10/2/2024 11:06,Thitipong Suebjak-in (ฐิติพงศ์ สืบจากอินทร์)
01B01FEX1729,BF2000,15 ปอนด์,อาคาร 1 ชั้น 1 โซน 7 หน้าห้องเครื่องกำเนิดไฟฟ้าสำรอง (1-2)  5,1/1/2021,สนญ.,TRUE,12/12/2023 15:26,วุฒิชาติ สนชัย,WuttichS@bot.or.th,ปกติ,,จำนวน 1 ถัง (วางพื้น),10/2/2024 11:07,Thitipong Suebjak-in (ฐิติพงศ์ สืบจากอินทร์)
01B01FEX1730,BF2000,15 ปอนด์,อาคาร 1 ชั้น 1 โซน 7 หน้าห้องเครื่องกำเนิดไฟฟ้าสำรอง (1-2)  6,1/1/2021,สนญ.,TRUE,12/12/2023 15:27,วุฒิชาติ สนชัย,WuttichS@bot.or.th,ปกติ,,จำนวน 1 ถัง (วางพื้น),10/2/2024 11:08,Thitipong Suebjak-in (ฐิติพงศ์ สืบจากอินทร์)
01B01FEX1731,BF2000,15 ปอนด์,อาคาร 1 ชั้น 1 โซน 7 หน้าห้อง MDB อาคาร,1/1/2021,สนญ.,TRUE,12/12/2023 15:32,วุฒิชาติ สนชัย,WuttichS@bot.or.th,ปกติ,,จำนวน 1 ถัง (วางพื้น),10/2/2024 11:09,Thitipong Suebjak-in (ฐิติพงศ์ สืบจากอินทร์)
01B01FEX1735,BF2000,15 ปอนด์,อาคาร 1 ชั้น 1 โซน 7 หน้าห้องเก็บก๊าซหุ้งต้ม (นอกอาคาร),1/1/2022,สนญ.,TRUE,12/12/2023 14:33,วุฒิชาติ สนชัย,WuttichS@bot.or.th,ปกติ,,จำนวน 1 ถัง (ในตู้แขวนผนัง),12/12/2023 14:33,Wuttichart Sonchai (วุฒิชาติ สนชัย)
01B01FEX1736,BF2000,15 ปอนด์,อาคาร 1 ชั้น 1 โซน 7 หน้าห้องเก็บก๊าซหุ้งต้ม (นอกอาคาร),1/1/2022,สนญ.,TRUE,12/12/2023 14:34,วุฒิชาติ สนชัย,WuttichS@bot.or.th,ปกติ,,จำนวน 1 ถัง (ในตู้แขวนผนัง),12/12/2023 14:34,Wuttichart Sonchai (วุฒิชาติ สนชัย)
01B01FEX2101,Ade2000,15 ปอนด์,อาคาร 1 ชั้น 2 โซน 1 ข้างลิฟท์ ตัวที่ 3-4 ,1/1/2024,สนญ.,TRUE,12/3/2023 15:16,มโนทัย แสงสุวรรณ์,ManothaS@bot.or.th,ปกติ,,จำนวน 1 ถัง (ตู้ FHC-F1/1-1),12/10/2025 18:32,Thitipong Suebjak-in (ฐิติพงศ์ สืบจากอินทร์)
01B01FEX2201,BF2000,15 ปอนด์,อาคาร 1 ชั้น 2 โซน 2 ข้างลิฟท์ ตัวที่ 5-6 ,1/1/2017,สนญ.,TRUE,12/3/2023 15:30,มโนทัย แสงสุวรรณ์,ManothaS@bot.or.th,ปกติ,,จำนวน 1 ถัง (ตู้ FHC-F2/2-1),10/6/2024 21:38,Thitipong Suebjak-in (ฐิติพงศ์ สืบจากอินทร์)
01B01FEX2301,BF2000,15 ปอนด์,อาคาร 1 ชั้น 2 โซน 3 ข้างลิฟท์ ตัวที่ 7-8 ,1/1/2019,สนญ.,TRUE,12/3/2023 15:07,มโนทัย แสงสุวรรณ์,ManothaS@bot.or.th,ปกติ,,จำนวน 1 ถัง  (ตู้ FHC-F2/3-1),10/6/2024 21:40,Thitipong Suebjak-in (ฐิติพงศ์ สืบจากอินทร์)
01B01FEX2401,BF2000,15 ปอนด์,อาคาร 1 ชั้น 2 โซน 4 ข้างลิฟท์ ตัวที่ 10-11 ,1/1/2022,สนญ.,TRUE,12/3/2023 14:59,มโนทัย แสงสุวรรณ์,ManothaS@bot.or.th,ปกติ,,จำนวน 1 ถัง  (ตู้ FHC-F2/4-1),10/6/2024 21:42,Thitipong Suebjak-in (ฐิติพงศ์ สืบจากอินทร์)
01B01FEX2601,BF2000,15 ปอนด์,อาคาร 1 ชั้น 2 โซน 6 ข้างประตูหนีไฟ (ห้องน้ำสโมสร ช/ญ),1/1/2017,สนญ.,TRUE,12/2/2023 16:00,มโนทัย แสงสุวรรณ์,ManothaS@bot.or.th,ปกติ,,จำนวน 1 ถัง  (ตู้ FHC-F2/6-1),12/2/2023 16:00,Manothai Sangsuwan (มโนทัย แสงสุวรรณ์)
01B01FEX2701,BF2000,15 ปอนด์,อาคาร 1 ชั้น 2 โซน 7 หน้าตู้เครื่องทำน้ำแข็งสโมสร,1/1/2017,สนญ.,TRUE,12/2/2023 15:59,มโนทัย แสงสุวรรณ์,ManothaS@bot.or.th,ปกติ,,จำนวน 1 ถัง  (ตู้ FHC-F2/7-1),12/2/2023 15:59,Manothai Sangsuwan (มโนทัย แสงสุวรรณ์)
01B01FEX2702,BF2000,15 ปอนด์,อาคาร 1 ชั้น 2 โซน 7 ข้างลิฟท์ ตัวที่ 12-13 ,1/1/2017,สนญ.,TRUE,12/2/2023 15:58,มโนทัย แสงสุวรรณ์,ManothaS@bot.or.th,ปกติ,,จำนวน 1 ถัง  (ตู้ FHC-F2/7-2),12/2/2023 15:58,Manothai Sangsuwan (มโนทัย แสงสุวรรณ์)
01B01FEX2703,BF2000,15 ปอนด์,อาคาร 1 ชั้น 2 โซน 7 หน้าห้องระบบไฟฟ้า,1/1/2017,สนญ.,TRUE,12/2/2023 15:58,มโนทัย แสงสุวรรณ์,ManothaS@bot.or.th,ปกติ,,จำนวน 1 ถัง (แขวนผนัง),12/2/2023 15:58,Manothai Sangsuwan (มโนทัย แสงสุวรรณ์)
01B01FEX3101,BF2000,15 ปอนด์,อาคาร 1 ชั้น 3 โซน 1 ข้างลิฟท์ ตัวที่ 3-4,1/1/2018,สนญ.,TRUE,12/2/2023 15:35,มโนทัย แสงสุวรรณ์,ManothaS@bot.or.th,ปกติ,,จำนวน 1 ถัง  (ตู้ FHC-F3/1-1),12/2/2023 15:35,Manothai Sangsuwan (มโนทัย แสงสุวรรณ์)
01B01FEX3103,BF2000,15 ปอนด์,อาคาร 1 ชั้น 3 โซน 1 ข้างประตูหนีไฟ สายนโยบายการเงิน,1/1/2017,สนญ.,TRUE,12/2/2023 15:40,มโนทัย แสงสุวรรณ์,ManothaS@bot.or.th,ปกติ,,จำนวน 1 ถัง  (ตู้ FHC-F3/1-2),12/2/2023 15:40,Manothai Sangsuwan (มโนทัย แสงสุวรรณ์)
01B01FEX3104,BF2000,15 ปอนด์,อาคาร 1 ชั้น 3 โซน 1 ข้างประตูหนีไฟ สายนโยบายการเงิน,1/1/2017,สนญ.,TRUE,12/2/2023 15:40,มโนทัย แสงสุวรรณ์,ManothaS@bot.or.th,ปกติ,,จำนวน 1 ถัง  (ตู้ FHC-F3/1-2),12/2/2023 15:40,Manothai Sangsuwan (มโนทัย แสงสุวรรณ์)
01B01FEX3201,BF2000,15 ปอนด์,อาคาร 1 ชั้น 3 โซน 2 ข้างลิฟท์ ตัวที่ 5-6 ,1/1/2017,สนญ.,TRUE,12/2/2023 15:46,มโนทัย แสงสุวรรณ์,ManothaS@bot.or.th,ปกติ,,จำนวน 1 ถัง  (ตู้ FHC-F3/2-1),12/2/2023 15:46,Manothai Sangsuwan (มโนทัย แสงสุวรรณ์)
01B01FEX3403,BF2000,15 ปอนด์,อาคาร 1 ชั้น 3 โซน 4 ข้างลิฟท์ ตัวที่ 16 (ลิฟท์ พนง.ดับเพลิง),1/1/2017,สนญ.,TRUE,12/2/2023 15:19,มโนทัย แสงสุวรรณ์,ManothaS@bot.or.th,ปกติ,,จำนวน 1 ถัง  (ตู้ FHC-F3/4-2),12/2/2023 15:19,Manothai Sangsuwan (มโนทัย แสงสุวรรณ์)
01B01FEX3601,BF2000,15 ปอนด์,อาคาร 1 ชั้น 3 โซน 6 ข้างประตูหนีไฟ (ห้องน้ำสโมสร ช/ญ),1/1/2017,สนญ.,TRUE,12/2/2023 15:55,มโนทัย แสงสุวรรณ์,ManothaS@bot.or.th,ปกติ,,จำนวน 1 ถัง  (ตู้ FHC-F3/6-1),12/2/2023 15:55,Manothai Sangsuwan (มโนทัย แสงสุวรรณ์)
01B01FEX3701,BF2000,15 ปอนด์,อาคาร 1 ชั้น 3 โซน 7 หลังร้านอาหารสโมสร ,1/1/2017,สนญ.,TRUE,12/2/2023 15:53,มโนทัย แสงสุวรรณ์,ManothaS@bot.or.th,ปกติ,,จำนวน 1 ถัง  (ตู้ FHC-F3/7-1),12/2/2023 15:53,Manothai Sangsuwan (มโนทัย แสงสุวรรณ์)
01B01FEX3702,BF2000,15 ปอนด์,อาคาร 1 ชั้น 3 โซน 7 ข้างลิฟท์ ตัวที่ 12-13 ,1/1/2017,สนญ.,TRUE,12/2/2023 15:51,มโนทัย แสงสุวรรณ์,ManothaS@bot.or.th,ปกติ,,จำนวน 1 ถัง  (ตู้ FHC-F3/7-2),4/4/2024 14:32,Thitipong Suebjak-in (ฐิติพงศ์ สืบจากอินทร์)
01B01FEX3703,BF2000,15 ปอนด์,อาคาร 1 ชั้น 3 โซน 7 หน้าห้องระบบไฟฟ้า,1/1/2017,สนญ.,TRUE,12/2/2023 15:56,มโนทัย แสงสุวรรณ์,ManothaS@bot.or.th,ปกติ,,จำนวน 1 ถัง (แขวนผนัง),12/2/2023 15:56,Manothai Sangsuwan (มโนทัย แสงสุวรรณ์)
01B01FEX4101,BF2000,15 ปอนด์,อาคาร 1 ชั้น 4 โซน 1 ข้างลิฟท์ ตัวที่ 3-4 ,1/1/2017,สนญ.,TRUE,11/19/2023 10:44 PM,ภูวดล แสงฤทธิ์,PhuwadoS@bot.or.th,ปกติ,,จำนวน 1 ถัง  (ตู้ FHC-F4/1-1),11/19/2023 10:44 PM,Phuwadon Saengrit (ภูวดล แสงฤทธิ์)
01B01FEX4201,BF2000,15 ปอนด์,อาคาร 1 ชั้น 4 โซน 2 ข้างลิฟท์ ตัวที่ 5-6 ,1/1/2016,สนญ.,TRUE,11/19/2023 7:13 PM,วิทยา ใจพยุงตน,WitayaJ@bot.or.th,ปกติ,,จำนวน 1 ถัง  (ตู้ FHC-F4/2-1),11/19/2023 7:13 PM,Witaya Jaipayungton (วิทยา ใจพยุงตน)
01B01FEX4402,BF2000,15 ปอนด์,อาคาร 1 ชั้น 4 โซน 4 ข้างลิฟท์ ตัวที่ 16 (ลิฟท์ พนง.ดับเพลิง),1/1/2017,สนญ.,TRUE,11/19/2023 11:32 PM,ภูวดล แสงฤทธิ์,PhuwadoS@bot.or.th,ปกติ,,จำนวน 1 ถัง  (ตู้ FHC-F4/4-2),11/19/2023 11:32 PM,Phuwadon Saengrit (ภูวดล แสงฤทธิ์)
01B01FEX5204,BF2000,15 ปอนด์,อาคาร 1 ชั้น 5 โซน 2 ข้างประตูหนีไฟ(หน้าห้อง ผช.ผว.สายระบบข้อสนเทศ),1/1/2017,สนญ.,TRUE,11/18/2023 10:59 PM,มโนทัย แสงสุวรรณ์,ManothaS@bot.or.th,ปกติ,,จำนวน 1 ถัง  (ตู้ FHC-F5/2-3),11/18/2023 10:59 PM,Manothai Sangsuwan (มโนทัย แสงสุวรรณ์)
01B01FEX5303,BF2000,15 ปอนด์,อาคาร 1 ชั้น 5 โซน 3 ข้างประตูหนีไฟ ห้องตัดต่อภาพ,1/1/2017,สนญ.,TRUE,11/18/2023 11:34 PM,มโนทัย แสงสุวรรณ์,ManothaS@bot.or.th,ปกติ,,จำนวน 1 ถัง  (ตู้ FHC-F5/3-2),11/18/2023 11:34 PM,Manothai Sangsuwan (มโนทัย แสงสุวรรณ์)
01B01FEX5403,BF2000,15 ปอนด์,อาคาร 1 ชั้น 5 โซน 4 ข้างลิฟท์ ตัวที่ 16 (ลิฟท์ พนง.ดับเพลิง),1/1/2017,สนญ.,TRUE,11/18/2023 11:17 PM,มโนทัย แสงสุวรรณ์,ManothaS@bot.or.th,ปกติ,,จำนวน 1 ถัง  (ตู้ FHC-F5/4-2),11/18/2023 11:17 PM,Manothai Sangsuwan (มโนทัย แสงสุวรรณ์)
01B01FEX5404,HF10LBS,10 ปอนด์,อาคาร 1 ชั้น 5 โซน 4 ข้างประตูหนีไฟ ฝ.เทคโนโลยีสารสนเทศ,1/1/2010,สนญ.,TRUE,11/18/2023 11:20 PM,มโนทัย แสงสุวรรณ์,ManothaS@bot.or.th,ปกติ,,จำนวน 1 ถัง  (ตู้ FHC-F5/4-3),10/6/2024 21:53,Thitipong Suebjak-in (ฐิติพงศ์ สืบจากอินทร์)
01B01FEXR101,BF2000,15 ปอนด์,อาคาร 1 ชั้น Roof โซน 1 ตู้ FHC ห้องควบคุมระบบไฟฟ้า,1/1/2017,สนญ.,TRUE,12/5/2023 7:08,มโนทัย แสงสุวรรณ์,ManothaS@bot.or.th,ปกติ,,จำนวน 1 ถัง (ตู้ FHC-R/1-1),12/5/2023 7:08,Manothai Sangsuwan (มโนทัย แสงสุวรรณ์)
01B01FEXR401,BF2000,15 ปอนด์,อาคาร 1 ชั้น Roof โซน 4 ตู้ FHC ห้องควบคุมระบบไฟฟ้า,1/1/2017,สนญ.,TRUE,12/5/2023 6:26,มโนทัย แสงสุวรรณ์,ManothaS@bot.or.th,ปกติ,,จำนวน 1 ถัง (ตู้ FHC-R/4-1),10/6/2024 22:00,Thitipong Suebjak-in (ฐิติพงศ์ สืบจากอินทร์)
01B01FEXR402,Ade2000,15 ปอนด์,อาคาร 1 ชั้น Roof โซน 4 ตู้ FHC ด้านทิศตะวันออก,1/1/2023,สนญ.,TRUE,12/4/2023 14:38,ประพันธ์ ช้างเผือกโสภณ,PrapanC@bot.or.th,ปกติ,,จำนวน 1 ถัง (ตู้ FHC-R/4-3),10/6/2024 22:01,Thitipong Suebjak-in (ฐิติพงศ์ สืบจากอินทร์)
01B01FEXP1202,BF2000,15 ปอนด์,อาคาร 1 ชั้น P1 โซน 2 F8,1/1/2017,สนญ.,TRUE,11/19/2023 3:16 PM,ธีระพงศ์ หีบแก้ว,TeeraphH@bot.or.th,ปกติ,,จำนวน 1 ถัง (ตู้ FHC-P1/2-1),11/19/2023 3:16 PM,Teeraphong Heepgaew (ธีระพงศ์ หีบแก้ว)
01B01FEXP1204,BF2000,50 ปอนด์,อาคาร 1 ชั้น P1 โซน 2 C5 หน้าประตูหนีไฟ,1/1/2017,สนญ.,TRUE,11/19/2023 3:36 PM,ธีระพงศ์ หีบแก้ว,TeeraphH@bot.or.th,ปกติ,,จำนวน 1 ถัง (มีล้อลาก),11/19/2023 3:36 PM,Teeraphong Heepgaew (ธีระพงศ์ หีบแก้ว)
01B01FEXP1403,BF2000,50 ปอนด์,อาคาร 1 ชั้น P1 โซน 4 H6 หน้าประตูหนีไฟ / ประตู ACCESS,1/1/2017,สนญ.,TRUE,11/19/2023 3:14 PM,ธีระพงศ์ หีบแก้ว,TeeraphH@bot.or.th,ปกติ,,จำนวน 1 ถัง (มีล้อลาก),11/19/2023 3:14 PM,Teeraphong Heepgaew (ธีระพงศ์ หีบแก้ว)
01B01FEXP1404,Dry che,10 ปอนด์,อาคาร 1 ชั้น P1 โซน 4 ข้างลิฟท์ตัวที่ 16 (ลิฟท์ พนง.ดับเพลิง),1/1/2018,สนญ.,TRUE,11/19/2023 3:32 PM,ธีระพงศ์ หีบแก้ว,TeeraphH@bot.or.th,ปกติ,,จำนวน 1 ถัง (ตู้ FHC-P1/4-2),11/19/2023 3:32 PM,Teeraphong Heepgaew (ธีระพงศ์ หีบแก้ว)
01B01FEXP1405,Dry che,10 ปอนด์,อาคาร 1 ชั้น P1 โซน 4 K4 หน้าประตูหนีไฟ,1/1/2016,สนญ.,TRUE,11/19/2023 3:27 PM,ธีระพงศ์ หีบแก้ว,TeeraphH@bot.or.th,ปกติ,,จำนวน 1 ถัง (ตู้ FHC-P1/4-3B),11/19/2023 3:27 PM,Teeraphong Heepgaew (ธีระพงศ์ หีบแก้ว)
01B01FEXP1406,Dry che,10 ปอนด์,อาคาร 1 ชั้น P1 โซน 4 J10 หน้าประตูหนีไฟ,1/1/2016,สนญ.,TRUE,11/19/2023 3:25 PM,ธีระพงศ์ หีบแก้ว,TeeraphH@bot.or.th,ปกติ,,จำนวน 1 ถัง (ตู้ FHC-P1/4-4),11/19/2023 3:25 PM,Teeraphong Heepgaew (ธีระพงศ์ หีบแก้ว)
01B01FEXP1601,BF2000,15 ปอนด์,อาคาร 1 ชั้น P1 โซน 6 E14 (ทางขึ้น-ลง 1),1/1/2017,สนญ.,TRUE,11/19/2023 2:57 PM,ธีระพงศ์ หีบแก้ว,TeeraphH@bot.or.th,ปกติ,,จำนวน 1 ถัง (ตู้ FHC-P1/6-1),11/19/2023 2:57 PM,Teeraphong Heepgaew (ธีระพงศ์ หีบแก้ว)
01B01FEXP2201,BF2000,15 ปอนด์,อาคาร 1 ชั้น P2 โซน 2 F8,1/1/2017,สนญ.,TRUE,11/19/2023 3:59 PM,ธีระพงศ์ หีบแก้ว,TeeraphH@bot.or.th,ปกติ,จำนวน 1 ถัง (ตู้ FHC- P2/2-1),จำนวน 1 ถัง (ตู้ FHC- P2/2-1),11/19/2023 3:59 PM,Teeraphong Heepgaew (ธีระพงศ์ หีบแก้ว)
01B01FEXP2204,BF2000,50 ปอนด์,อาคาร 1 ชั้น P2 โซน 2 C5 หน้าประตูหนีไฟ,1/1/2017,สนญ.,TRUE,11/19/2023 3:43 PM,ธีระพงศ์ หีบแก้ว,TeeraphH@bot.or.th,ปกติ,จำนวน 1 ถัง (มีล้อลาก),จำนวน 1 ถัง (มีล้อลาก),11/19/2023 3:43 PM,Teeraphong Heepgaew (ธีระพงศ์ หีบแก้ว)
01B01FEXP2402,BF2000,50 ปอนด์,อาคาร 1 ชั้น P2 โซน 4 H6 หน้าประตูหนีไฟ / ประตู ACCESS,1/1/2017,สนญ.,TRUE,11/19/2023 3:54 PM,ธีระพงศ์ หีบแก้ว,TeeraphH@bot.or.th,ปกติ,จำนวน 1 ถัง (มีล้อลาก),จำนวน 1 ถัง (มีล้อลาก),11/19/2023 3:54 PM,Teeraphong Heepgaew (ธีระพงศ์ หีบแก้ว)
01B01FEXP101,Dry che,10 ปอนด์,อาคาร 1 ชั้น P3 โซน 1 F3,1/1/2015,สนญ.,TRUE,11/19/2023 5:25 PM,วิทยา ใจพยุงตน,WitayaJ@bot.or.th,ปกติ,จำนวน 1 ถัง (ตู้ FHC- P3/1-1),จำนวน 1 ถัง (ตู้ FHC- P3/1-1),11/19/2023 5:25 PM,Witaya Jaipayungton (วิทยา ใจพยุงตน)
01B01FEXP3204,BF2000,50 ปอนด์,อาคาร 1 ชั้น P3 โซน 2 C5 หน้าประตูหนีไฟ,1/1/2017,สนญ.,TRUE,11/19/2023 5:16 PM,วิทยา ใจพยุงตน,WitayaJ@bot.or.th,ปกติ,จำนวน 1 ถัง (มีล้อลาก),จำนวน 1 ถัง (มีล้อลาก),11/19/2023 5:16 PM,Witaya Jaipayungton (วิทยา ใจพยุงตน)
01B01FEXP3402,BF2000,50 ปอนด์,อาคาร 1 ชั้น P3 โซน 4 H6 หน้าประตูหนีไฟ / ประตู ACCESS,1/1/2017,สนญ.,TRUE,11/19/2023 5:10 PM,วิทยา ใจพยุงตน,WitayaJ@bot.or.th,ปกติ,จำนวน 1 ถัง (มีล้อลาก),จำนวน 1 ถัง (มีล้อลาก),11/19/2023 5:10 PM,Witaya Jaipayungton (วิทยา ใจพยุงตน)
01B01FEXP4201,BF2000,10 ปอนด์,อาคาร 1 ชั้น P4 โซน 2 F8,1/1/2017,สนญ.,TRUE,11/19/2023 6:04 PM,วิทยา ใจพยุงตน,WitayaJ@bot.or.th,ปกติ,จำนวน 1 ถัง (ตู้ FHC- P4/2-1),จำนวน 1 ถัง (ตู้ FHC- P4/2-1),11/19/2023 6:04 PM,Witaya Jaipayungton (วิทยา ใจพยุงตน)
01B01FEXP4204,BF2000,50 ปอนด์,อาคาร 1 ชั้น P4 โซน 2 C5 หน้าประตูหนีไฟ,1/1/2017,สนญ.,TRUE,11/19/2023 6:07 PM,วิทยา ใจพยุงตน,WitayaJ@bot.or.th,ปกติ,จำนวน 1 ถัง (มีล้อลาก),จำนวน 1 ถัง (มีล้อลาก),11/19/2023 6:07 PM,Witaya Jaipayungton (วิทยา ใจพยุงตน)
01B01FEXP4401,Dry che,10 ปอนด์,อาคาร 1 ชั้น P4 โซน 4 H6 หน้าประตูหนีไฟ / ประตู ACCESS,1/1/2020,สนญ.,TRUE,11/19/2023 6:00 PM,วิทยา ใจพยุงตน,WitayaJ@bot.or.th,ปกติ,จำนวน 1 ถัง (แขวนผนัง),จำนวน 1 ถัง (แขวนผนัง),11/19/2023 6:00 PM,Witaya Jaipayungton (วิทยา ใจพยุงตน)
01B01FEXP4402,BF2000,50 ปอนด์,อาคาร 1 ชั้น P4 โซน 4 H6 หน้าประตูหนีไฟ / ประตู ACCESS,1/1/2017,สนญ.,TRUE,11/19/2023 6:00 PM,วิทยา ใจพยุงตน,WitayaJ@bot.or.th,ปกติ,จำนวน 1 ถัง (มีล้อลาก),จำนวน 1 ถัง (มีล้อลาก),11/19/2023 6:00 PM,Witaya Jaipayungton (วิทยา ใจพยุงตน)
01B02FEX1101,BF2000,15 ปอนด์,อาคาร 2 ชั้น 1 โซน 1 ตู้ FHC หน้าห้องประชุม 217 ฝทบ.,1/1/2019,สนญ.,TRUE,12/6/2023 14:13,อนิวัตร์ เจริญตา,AniwatC@bot.or.th,ปกติ,จำนวน 1 ถัง (ตู้ FHC 1-01),จำนวน 1 ถัง (ตู้ FHC 1-01),12/6/2023 14:13,Aniwat Charoenta (อนิวัตร์ เจริญตา)
01B02FEX1102,BF2000,15 ปอนด์,อาคาร 2 ชั้น 1 โซน 1 ตู้ FHC ในฝ่ายทรัพย์ฯ,1/1/2019,สนญ.,TRUE,12/6/2023 15:03,อนิวัตร์ เจริญตา,AniwatC@bot.or.th,ปกติ,จำนวน 1 ถัง (ตู้ FHC 1-02),จำนวน 1 ถัง (ตู้ FHC 1-02),12/6/2023 15:03,Aniwat Charoenta (อนิวัตร์ เจริญตา)
01B02FEX1103,BF2000,15 ปอนด์,อาคาร 2 ชั้น 1 โซน 1 ตู้ FHC ในฝ่ายทรัพย์ฯ,1/1/2019,สนญ.,TRUE,12/6/2023 15:05,อนิวัตร์ เจริญตา,AniwatC@bot.or.th,ปกติ,จำนวน 1 ถัง (ตู้ FHC 1-03),จำนวน 1 ถัง (ตู้ FHC 1-03),12/6/2023 15:05,Aniwat Charoenta (อนิวัตร์ เจริญตา)
01B02FEX1104,BF2000,15 ปอนด์,อาคาร 2 ชั้น 1 โซน 1 ตู้ FHC ในฝ่ายทรัพย์ฯ,1/1/2019,สนญ.,TRUE,12/6/2023 14:59,อนิวัตร์ เจริญตา,AniwatC@bot.or.th,ปกติ,จำนวน 1 ถัง (ตู้ FHC 1-04),จำนวน 1 ถัง (ตู้ FHC 1-04),12/6/2023 14:59,Aniwat Charoenta (อนิวัตร์ เจริญตา)
01B02FEX1105,BF2000,15 ปอนด์,อาคาร 2 ชั้น 1 โซน 1 ตู้ FHC หน้าห้อง ฝ่ายทรัพย์ฯ,1/1/2019,สนญ.,TRUE,11/28/2023 12:45 PM,อรรฐพล หนูอุไร,AttaponN@bot.or.th,ปกติ,จำนวน 1 ถัง (ตู้ FHC 1-05),จำนวน 1 ถัง (ตู้ FHC 1-05),11/28/2023 12:45 PM,Attapon Noourai (อรรฐพล หนูอุไร)
01B02FEX1106,BF2000,15 ปอนด์,อาคาร 2 ชั้น 1 โซน 1 ตู้ FHC หน้าห้องน้ำ ช/ญ ฝ่ายทรัพย์ฯ ,1/1/2019,สนญ.,TRUE,11/28/2023 12:43 PM,อรรฐพล หนูอุไร,AttaponN@bot.or.th,ปกติ,จำนวน 1 ถัง (ตู้ FHC 1-06),จำนวน 1 ถัง (ตู้ FHC 1-06),11/28/2023 12:43 PM,Attapon Noourai (อรรฐพล หนูอุไร)
01B02FEX1107,BF2000,15 ปอนด์,อาคาร 2 ชั้น 1 โซน 1 ตู้ FHC ข้างลิฟท์ 2 ตัว,1/1/2019,สนญ.,FALSE,,,,ปกติ,จำนวน 1 ถัง (ตู้ FHC 1-07),จำนวน 1 ถัง (ตู้ FHC 1-07),10/3/2023 15:30,Rohman Hanirae (เร๊าะมัน หะนิแร)
01B02FEX1108,BF2000,15 ปอนด์,อาคาร 2 ชั้น 1 โซน 1 ตู้ FHC หน้าประตูหนีไฟ ข้างห้อง UPS,1/1/2019,สนญ.,TRUE,11/28/2023 12:47 PM,อรรฐพล หนูอุไร,AttaponN@bot.or.th,ปกติ,จำนวน 1 ถัง (ตู้ FHC 1-08),จำนวน 1 ถัง (ตู้ FHC 1-08),11/28/2023 12:47 PM,Attapon Noourai (อรรฐพล หนูอุไร)
01B02FEX1109,BF2000,15 ปอนด์,อาคาร 2 ชั้น 1 โซน 1 ภายนอกอาคาร  หน้าห้องไฟฟ้า ,1/1/2019,สนญ.,TRUE,11/21/2023 10:45 AM,อรรฐพล หนูอุไร,AttaponN@bot.or.th,ปกติ,จำนวน 1 ถัง (ตู้ FHC 1-09),จำนวน 1 ถัง (ตู้ FHC 1-09),11/21/2023 10:45 AM,Attapon Noourai (อรรฐพล หนูอุไร)
01B02FEX1110,BF2000,15 ปอนด์,อาคาร 2 ชั้น 1 โซน 1 ในห้อง bettery ,1/1/2017,สนญ.,TRUE,11/28/2023 12:53 PM,อรรฐพล หนูอุไร,AttaponN@bot.or.th,ปกติ,จำนวน 1 ถัง (แขวนผนัง),จำนวน 1 ถัง (แขวนผนัง),11/28/2023 12:53 PM,Attapon Noourai (อรรฐพล หนูอุไร)
01B02FEX1111,BF2000,15 ปอนด์,อาคาร 2 ชั้น 1 โซน 1 ในห้อง bettery ,1/1/2017,สนญ.,TRUE,11/28/2023 12:54 PM,อรรฐพล หนูอุไร,AttaponN@bot.or.th,ปกติ,จำนวน 1 ถัง (แขวนผนัง),จำนวน 1 ถัง (แขวนผนัง),11/28/2023 12:54 PM,Attapon Noourai (อรรฐพล หนูอุไร)
01B02FEX1112,BF2000,15 ปอนด์,อาคาร 2 ชั้น 1 โซน 1 หน้าห้อง bettery ,1/1/2017,สนญ.,TRUE,11/28/2023 12:51 PM,อรรฐพล หนูอุไร,AttaponN@bot.or.th,ปกติ,จำนวน 1 ถัง (แขวนผนัง),จำนวน 1 ถัง (แขวนผนัง),11/28/2023 12:51 PM,Attapon Noourai (อรรฐพล หนูอุไร)
01B02FEX1113,BF2000,15 ปอนด์,อาคาร 2 ชั้น 1 โซน 1 หน้าห้อง UPS,1/1/2017,สนญ.,TRUE,11/28/2023 12:49 PM,อรรฐพล หนูอุไร,AttaponN@bot.or.th,ปกติ,จำนวน 1 ถัง (แขวนผนัง),จำนวน 1 ถัง (แขวนผนัง),11/28/2023 12:49 PM,Attapon Noourai (อรรฐพล หนูอุไร)
01B02FEX1114,BF2000,15 ปอนด์,อาคาร 2 ชั้น 1 โซน 1 ในห้อง MRU,1/1/2017,สนญ.,TRUE,11/28/2023 12:58 PM,อรรฐพล หนูอุไร,AttaponN@bot.or.th,ปกติ,จำนวน 1 ถัง (แขวนผนัง),จำนวน 1 ถัง (แขวนผนัง),11/28/2023 12:58 PM,Attapon Noourai (อรรฐพล หนูอุไร)
01B02FEX1115,BF2000,15 ปอนด์,อาคาร 2 ชั้น 1 โซน 1 ในห้อง MRU,1/1/2017,สนญ.,TRUE,11/28/2023 12:58 PM,อรรฐพล หนูอุไร,AttaponN@bot.or.th,ปกติ,จำนวน 1 ถัง (แขวนผนัง),จำนวน 1 ถัง (แขวนผนัง),11/28/2023 12:58 PM,Attapon Noourai (อรรฐพล หนูอุไร)
01B02FEX1116,BF2000,15 ปอนด์,อาคาร 2 ชั้น 1 โซน 1 ในห้อง MRU,1/1/2017,สนญ.,TRUE,11/28/2023 12:58 PM,อรรฐพล หนูอุไร,AttaponN@bot.or.th,ปกติ,จำนวน 1 ถัง (แขวนผนัง),จำนวน 1 ถัง (แขวนผนัง),11/28/2023 12:58 PM,Attapon Noourai (อรรฐพล หนูอุไร)
01B02FEX1117,BF2000,15 ปอนด์,อาคาร 2 ชั้น 1 โซน 1 ในห้อง MRU,1/1/2017,สนญ.,TRUE,11/28/2023 12:59 PM,อรรฐพล หนูอุไร,AttaponN@bot.or.th,ปกติ,จำนวน 1 ถัง (แขวนผนัง),จำนวน 1 ถัง (แขวนผนัง),11/28/2023 12:59 PM,Attapon Noourai (อรรฐพล หนูอุไร)
01B02FEX1118,BF2000,15 ปอนด์,อาคาร 2 ชั้น 1 โซน 1 ในห้อง MRU,1/1/2017,สนญ.,TRUE,11/28/2023 12:58 PM,อรรฐพล หนูอุไร,AttaponN@bot.or.th,ปกติ,จำนวน 1 ถัง (แขวนผนัง),จำนวน 1 ถัง (แขวนผนัง),11/28/2023 12:58 PM,Attapon Noourai (อรรฐพล หนูอุไร)
01B02FEX1119,BF2000,15 ปอนด์,อาคาร 2 ชั้น 1 โซน 1 ในห้อง MDB ,1/1/2017,สนญ.,FALSE,,,,ปกติ,จำนวน 1 ถัง (แขวนผนัง),จำนวน 1 ถัง (แขวนผนัง),10/3/2023 15:33,Rohman Hanirae (เร๊าะมัน หะนิแร)
01B02FEX1120,BF2000,15 ปอนด์,อาคาร 2 ชั้น 1 โซน 1 ในห้อง MDB ,1/1/2017,สนญ.,TRUE,11/28/2023 1:04 PM,อรรฐพล หนูอุไร,AttaponN@bot.or.th,ปกติ,จำนวน 1 ถัง (แขวนผนัง),จำนวน 1 ถัง (แขวนผนัง),11/28/2023 1:04 PM,Attapon Noourai (อรรฐพล หนูอุไร)
01B02FEX1121,BF2000,15 ปอนด์,อาคาร 2 ชั้น 1 โซน 1 ในห้อง MDB ,1/1/2017,สนญ.,TRUE,11/28/2023 1:04 PM,อรรฐพล หนูอุไร,AttaponN@bot.or.th,ปกติ,จำนวน 1 ถัง (แขวนผนัง),จำนวน 1 ถัง (แขวนผนัง),11/28/2023 1:04 PM,Attapon Noourai (อรรฐพล หนูอุไร)
01B02FEX1122,BF2000,15 ปอนด์,อาคาร 2 ชั้น 1 โซน 1 ในห้อง Transformer ,1/1/2017,สนญ.,FALSE,,,,ปกติ,จำนวน 1 ถัง (แขวนผนัง),จำนวน 1 ถัง (แขวนผนัง),10/3/2023 15:33,Rohman Hanirae (เร๊าะมัน หะนิแร)
01B02FEX1123,BF2000,15 ปอนด์,อาคาร 2 ชั้น 1 โซน 1 ในห้อง Transformer ,1/1/2017,สนญ.,FALSE,,,,ปกติ,จำนวน 1 ถัง (แขวนผนัง),จำนวน 1 ถัง (แขวนผนัง),10/3/2023 15:33,Rohman Hanirae (เร๊าะมัน หะนิแร)
01B02FEX1124,BF2000,15 ปอนด์,อาคาร 2 ชั้น 1 โซน 1 ในห้อง Transformer ,1/1/2017,สนญ.,TRUE,11/28/2023 1:07 PM,อรรฐพล หนูอุไร,AttaponN@bot.or.th,ปกติ,จำนวน 1 ถัง (แขวนผนัง),จำนวน 1 ถัง (แขวนผนัง),11/28/2023 1:07 PM,Attapon Noourai (อรรฐพล หนูอุไร)
01B02FEX1125,BF2000,15 ปอนด์,อาคาร 2 ชั้น 3 ฝั่งลิฟต์ 4 ตัว เคาน์เตอร์รับ-จ่ายเงิน ฝ่ายการเงินและบัญชี,1/1/2022,สนญ.,TRUE,12/6/2023 16:03,อนิวัตร์ เจริญตา,AniwatC@bot.or.th,ปกติ,จำนวน 1 ถัง ,จำนวน 1 ถัง ,12/25/2023 2:50 PM,Thitipong Suebjak-in (ฐิติพงศ์ สืบจากอินทร์)
01B02FEX1126,BF2000,15 ปอนด์,อาคาร 2 ชั้น 1 โซน 2 ตู้ FHC ข้างลิฟท์ 4 ตัว,1/1/2019,สนญ.,TRUE,11/28/2023 8:41 AM,อรรฐพล หนูอุไร,AttaponN@bot.or.th,ปกติ,จำนวน 1 ถัง (ตู้ FHC 1-10),จำนวน 1 ถัง (ตู้ FHC 1-10),11/28/2023 8:41 AM,Attapon Noourai (อรรฐพล หนูอุไร)
01B02FEX1127,BF2000,15 ปอนด์,อาคาร 2 ชั้น 1 โซน 2 ตู้ FHC ในส่วนงานฝ่ายพันธบัตร,1/1/2019,สนญ.,TRUE,12/6/2023 15:10,อนิวัตร์ เจริญตา,AniwatC@bot.or.th,ปกติ,จำนวน 1 ถัง (ตู้ FHC 1-11),จำนวน 1 ถัง (ตู้ FHC 1-11),12/6/2023 15:10,Aniwat Charoenta (อนิวัตร์ เจริญตา)
01B02FEX1128,BF2000,15 ปอนด์,อาคาร 2 ชั้น 1 โซน 2 ตู้ FHC ในห้องรับแขก แถลงข่าว,1/1/2019,สนญ.,TRUE,12/6/2023 15:13,อนิวัตร์ เจริญตา,AniwatC@bot.or.th,ปกติ,จำนวน 1 ถัง (ตู้ FHC 1-12),จำนวน 1 ถัง (ตู้ FHC 1-12),12/6/2023 15:13,Aniwat Charoenta (อนิวัตร์ เจริญตา)
01B02FEX1129,BF2000,15 ปอนด์,อาคาร 2 ชั้น 1 โซน 2 ตู้ FHC ข้างลิฟท์ขนถ่าย,1/1/2019,สนญ.,TRUE,12/6/2023 15:15,อนิวัตร์ เจริญตา,AniwatC@bot.or.th,ปกติ,จำนวน 1 ถัง (ตู้ FHC 1-13),จำนวน 1 ถัง (ตู้ FHC 1-13),12/6/2023 15:15,Aniwat Charoenta (อนิวัตร์ เจริญตา)
01B02FEX2101,BF2000,15 ปอนด์,อาคาร 2 ชั้น 2 โซน 1 ตู้ FHC ข้างลิฟท์ 2 ตัว,1/1/2019,สนญ.,TRUE,11/28/2023 12:16 PM,อรรฐพล หนูอุไร,AttaponN@bot.or.th,ปกติ,จำนวน 1 ถัง (ตู้ FHC 2-01),จำนวน 1 ถัง (ตู้ FHC 2-01),11/28/2023 12:16 PM,Attapon Noourai (อรรฐพล หนูอุไร)
01B02FEX2202,BF2000,15 ปอนด์,อาคาร 2 ชั้น 2 โซน 2 ตู้ FHC ข้างลิฟท์ 4 ตัว,1/1/2019,สนญ.,TRUE,11/28/2023 12:08 PM,อรรฐพล หนูอุไร,AttaponN@bot.or.th,ปกติ,จำนวน 1 ถัง (ตู้ FHC 2-02),จำนวน 1 ถัง (ตู้ FHC 2-02),11/28/2023 12:08 PM,Attapon Noourai (อรรฐพล หนูอุไร)
01B02FEX2203,BF2000,15 ปอนด์,อาคาร 2 ชั้น 2 โซน 2 ตู้ FHC ทางดินห้องครัวจัดเลี้ยง,1/1/2019,สนญ.,TRUE,11/28/2023 12:13 PM,อรรฐพล หนูอุไร,AttaponN@bot.or.th,ปกติ,จำนวน 1 ถัง (ตู้ FHC 2-03) ,จำนวน 1 ถัง (ตู้ FHC 2-03),11/28/2023 12:13 PM,Attapon Noourai (อรรฐพล หนูอุไร)
01B02FEX2204,BF2000,15 ปอนด์,อาคาร 2 ชั้น 2 โซน 2 ตู้ FHC ทางเชื่อมอาคาร 2 ตลาดการเงิน,1/1/2019,สนญ.,FALSE,,,,ปกติ,จำนวน 1 ถัง (ตู้ FHC 2-04),จำนวน 1 ถัง (ตู้ FHC 2-04),10/3/2023 15:43,Rohman Hanirae (เร๊าะมัน หะนิแร)
01B02FEX2205,BF2000,15 ปอนด์,อาคาร 2 ชั้น 2 โซน 2 ตู้ FHC ใน สน.วิเคราะห์พํฒนาตลาดเงิน(ตรงข้ามตลาดการเงิน),1/1/2019,สนญ.,TRUE,12/6/2023 16:01,อนิวัตร์ เจริญตา,AniwatC@bot.or.th,ปกติ,จำนวน 1 ถัง (ตู้ FHC 2-05),จำนวน 1 ถัง (ตู้ FHC 2-05),12/6/2023 16:01,Aniwat Charoenta (อนิวัตร์ เจริญตา)
01B02FEX2106,BF2000,15 ปอนด์,อาคาร 2 ชั้น 2 โซน 1 ตู้ FHC ข้างบันไดเลื่อน,1/1/2019,สนญ.,TRUE,11/28/2023 12:18 PM,อรรฐพล หนูอุไร,AttaponN@bot.or.th,ปกติ,จำนวน 1 ถัง (ตู้ FHC 2-06),จำนวน 1 ถัง (ตู้ FHC 2-06),11/28/2023 12:18 PM,Attapon Noourai (อรรฐพล หนูอุไร)
01B02FEX2107,BF2000,15 ปอนด์,อาคาร 2 ชั้น 2 โซน 1 ตู้ FHC ข้างห้องละมาด,1/1/2019,สนญ.,TRUE,11/28/2023 12:33 PM,อรรฐพล หนูอุไร,AttaponN@bot.or.th,ปกติ,จำนวน 1 ถัง (ตู้ FHC 2-07),จำนวน 1 ถัง (ตู้ FHC 2-07),11/28/2023 12:33 PM,Attapon Noourai (อรรฐพล หนูอุไร)
01B02FEX2108,BF2000,15 ปอนด์,อาคาร 2 ชั้น 2 โซน 1 ตู้ FHC ประตูหน้าหนีไฟห้องแม่บ้าน,1/1/2019,สนญ.,TRUE,11/28/2023 12:26 PM,อรรฐพล หนูอุไร,AttaponN@bot.or.th,ปกติ,จำนวน 1 ถัง (ตู้ FHC 2-08),จำนวน 1 ถัง (ตู้ FHC 2-08),11/28/2023 12:26 PM,Attapon Noourai (อรรฐพล หนูอุไร)
01B02FEX2109,BF2000,15 ปอนด์,อาคาร 2 ชั้น 2 โซน 1 ตู้ FHC หน้าห้องเครื่องแอร์,1/1/2019,สนญ.,TRUE,11/28/2023 12:22 PM,อรรฐพล หนูอุไร,AttaponN@bot.or.th,ปกติ,จำนวน 1 ถัง (ตู้ FHC 2-09),จำนวน 1 ถัง (ตู้ FHC 2-09),11/28/2023 12:22 PM,Attapon Noourai (อรรฐพล หนูอุไร)
01B02FEX3101,BF2000,15 ปอนด์,อาคาร 2 ชั้น 3 โซน 1 ตู้ FHC ข้างลิฟท์ 2 ตัว,1/1/2019,สนญ.,TRUE,11/28/2023 12:02 PM,อรรฐพล หนูอุไร,AttaponN@bot.or.th,ปกติ,จำนวน 1 ถัง (ตู้ FHC 3-01),จำนวน 1 ถัง (ตู้ FHC 3-01),11/28/2023 12:02 PM,Attapon Noourai (อรรฐพล หนูอุไร)
01B02FEX3202,BF2000,15 ปอนด์,อาคาร 2 ชั้น 3 โซน 2 ตู้ FHC ข้างลิฟท์ 4 ตัว,1/1/2019,สนญ.,TRUE,11/28/2023 12:03 PM,อรรฐพล หนูอุไร,AttaponN@bot.or.th,ปกติ,จำนวน 1 ถัง (ตู้ FHC 3-02),จำนวน 1 ถัง (ตู้ FHC 3-02),11/28/2023 12:03 PM,Attapon Noourai (อรรฐพล หนูอุไร)
01B02FEX3203,BF2000,15 ปอนด์,อาคาร 2 ชั้น 3 โซน 2 ตู้ FHC ทางเชื่อมอาคาร 1,1/1/2019,สนญ.,TRUE,11/28/2023 12:06 PM,อรรฐพล หนูอุไร,AttaponN@bot.or.th,ปกติ,จำนวน 1 ถัง (ตู้ FHC 3-03),จำนวน 1 ถัง (ตู้ FHC 3-03),11/28/2023 12:06 PM,Attapon Noourai (อรรฐพล หนูอุไร)
01B02FEX3204,BF2000,15 ปอนด์,อาคาร 2 ชั้น 3 โซน 2 ตู้ FHC ในฝ่ายการเงินและการบัญชี (หน้าห้อง Swift),1/1/2019,สนญ.,TRUE,12/6/2023 15:43,อนิวัตร์ เจริญตา,AniwatC@bot.or.th,ปกติ,จำนวน 1 ถัง (ตู้ FHC 3-04),จำนวน 1 ถัง (ตู้ FHC 3-04),12/6/2023 15:43,Aniwat Charoenta (อนิวัตร์ เจริญตา)
01B02FEX3205,BF2000,15 ปอนด์,อาคาร 2 ชั้น 3 โซน 2 ตู้ FHC ในฝ่ายการเงินและการบัญชี (หน้าห้อง Swift),1/1/2019,สนญ.,TRUE,12/6/2023 15:49,อนิวัตร์ เจริญตา,AniwatC@bot.or.th,ปกติ,จำนวน 1 ถัง (ตู้ FHC 3-04),จำนวน 1 ถัง (ตู้ FHC 3-04),12/6/2023 15:49,Aniwat Charoenta (อนิวัตร์ เจริญตา)
01B02FEX3105,BF2000,15 ปอนด์,อาคาร 2 ชั้น 3 โซน 1 ตู้ FHC ในฝ่ายบริหารความเสี่ยง,1/1/2019,สนญ.,TRUE,12/6/2023 15:37,อนิวัตร์ เจริญตา,AniwatC@bot.or.th,ปกติ,จำนวน 1 ถัง (ทู้ FHC 3-05),จำนวน 1 ถัง (ทู้ FHC 3-05),12/6/2023 15:37,Aniwat Charoenta (อนิวัตร์ เจริญตา)
01B02FEX4101,BF2000,15 ปอนด์,อาคาร 2 ชั้น 4 โซน 1 ตู้ FHC ข้างลิฟท์ 2 ตัว,1/1/2019,สนญ.,TRUE,11/28/2023 11:59 AM,อรรฐพล หนูอุไร,AttaponN@bot.or.th,ปกติ,จำนวน 1 ถัง (ตู้ FHC 4-01),จำนวน 1 ถัง (ตู้ FHC 4-01),11/28/2023 11:59 AM,Attapon Noourai (อรรฐพล หนูอุไร)
01B02FEX4202,BF2000,15 ปอนด์,อาคาร 2 ชั้น 4 โซน 2 ตู้ FHC ข้างลิฟท์ 4 ตัว,1/1/2019,สนญ.,TRUE,11/28/2023 11:54 AM,อรรฐพล หนูอุไร,AttaponN@bot.or.th,ปกติ,จำนวน 1 ถัง (ตู้ FHC 4-02),จำนวน 1 ถัง (ตู้ FHC 4-02),11/28/2023 11:54 AM,Attapon Noourai (อรรฐพล หนูอุไร)
01B02FEX4203,BF2000,15 ปอนด์,อาคาร 2 ชั้น 4 โซน 2 ตู้ FHC หน้าห้องบริหารเงินสำรอง (โครงการ DRS),1/1/2019,สนญ.,TRUE,11/28/2023 11:57 AM,อรรฐพล หนูอุไร,AttaponN@bot.or.th,ปกติ,จำนวน 1 ถัง (ตู้ FHC 4-03),จำนวน 1 ถัง (ตู้ FHC 4-03),11/28/2023 11:57 AM,Attapon Noourai (อรรฐพล หนูอุไร)
01B02FEX4104,BF2000,15 ปอนด์,อาคาร 2 ชั้น 4 โซน 1 ตู้ FHC หน้าห้องน้ำ ลิฟท์ 2 ตัว,1/1/2019,สนญ.,TRUE,12/6/2023 15:33,อนิวัตร์ เจริญตา,AniwatC@bot.or.th,ปกติ,จำนวน 1 ถัง (ตู้ FHC 4-04),จำนวน 1 ถัง (ตู้ FHC 4-04),12/6/2023 15:33,Aniwat Charoenta (อนิวัตร์ เจริญตา)
01B02FEX5101,BF2000,15 ปอนด์,อาคาร 2 ชั้น 5 โซน 1 ตู้ FHC ข้างลิฟท์ 2 ตัว,1/1/2019,สนญ.,TRUE,11/28/2023 11:48 AM,อรรฐพล หนูอุไร,AttaponN@bot.or.th,ปกติ,จำนวน 1 ถัง (ตู้ FHC 5-01),จำนวน 1 ถัง (ตู้ FHC 5-01),11/28/2023 11:48 AM,Attapon Noourai (อรรฐพล หนูอุไร)
01B02FEX5202,BF2000,15 ปอนด์,อาคาร 2 ชั้น 5 โซน 2 ตู้ FHC ข้างลิฟท์ 4 ตัว,1/1/2019,สนญ.,TRUE,11/28/2023 11:49 AM,อรรฐพล หนูอุไร,AttaponN@bot.or.th,ปกติ,จำนวน 1 ถัง (ตู้ FHC 5-02),จำนวน 1 ถัง (ตู้ FHC 5-02),11/28/2023 11:50 AM,Attapon Noourai (อรรฐพล หนูอุไร)
01B02FEX6101,BF2000,15 ปอนด์,อาคาร 2 ชั้น 6 โซน 1 ตู้ FHC ข้างลิฟท์ 2 ตัว,1/1/2019,สนญ.,TRUE,11/28/2023 11:45 AM,อรรฐพล หนูอุไร,AttaponN@bot.or.th,ปกติ,จำนวน 1 ถัง (ตู้ FHC 6-01),จำนวน 1 ถัง (ตู้ FHC 6-01),11/28/2023 11:45 AM,Attapon Noourai (อรรฐพล หนูอุไร)
01B02FEX6202,BF2000,15 ปอนด์,อาคาร 2 ชั้น 6 โซน 2 ตู้ FHC ข้างลิฟท์ 4 ตัว,1/1/2021,สนญ.,TRUE,11/28/2023 11:52 AM,อรรฐพล หนูอุไร,AttaponN@bot.or.th,ปกติ,จำนวน 1 ถัง (ตู้ FHC 6-02),จำนวน 1 ถัง (ตู้ FHC 6-02),11/28/2023 11:52 AM,Attapon Noourai (อรรฐพล หนูอุไร)
01B02FEX6103,BF2000,15 ปอนด์,อาคาร 2 ชั้น 6 โซน 1 ตู้ FHC ในฝ่ายกฏหมาย,1/1/2021,สนญ.,TRUE,12/6/2023 15:27,อนิวัตร์ เจริญตา,AniwatC@bot.or.th,ปกติ,จำนวน 1 ถัง (ตู้ FHC 6-03),จำนวน 1 ถัง (ตู้ FHC 6-03),12/6/2023 15:27,Aniwat Charoenta (อนิวัตร์ เจริญตา)
01B02FEX7101,BF2000,15 ปอนด์,อาคาร 2 ชั้น 7 โซน 1 ตู้ FHC ข้างลิฟท์ 2 ตัว,1/1/2021,สนญ.,FALSE,,,,ปกติ,จำนวน 1 ถัง (ตู้ FHC 7-01),จำนวน 1 ถัง (ตู้ FHC 7-01),10/3/2023 15:35,Rohman Hanirae (เร๊าะมัน หะนิแร)
01B02FEX7202,BF2000,15 ปอนด์,อาคาร 2 ชั้น 7 โซน 2 ตู้ FHC ข้างลิฟท์ 4 ตัว,1/1/2021,สนญ.,TRUE,11/28/2023 11:39 AM,อรรฐพล หนูอุไร,AttaponN@bot.or.th,ปกติ,จำนวน 1 ถัง (ตู้ FHC 7-02),จำนวน 1 ถัง (ตู้ FHC 7-02),11/28/2023 11:39 AM,Attapon Noourai (อรรฐพล หนูอุไร)
01B02FEX8101,BF2000,15 ปอนด์,อาคาร 2 ชั้น 8 โซน 1 ตู้ FHC ข้างลิฟท์ 2 ตัว,1/1/2021,สนญ.,TRUE,11/28/2023 11:42 AM,อรรฐพล หนูอุไร,AttaponN@bot.or.th,ปกติ,จำนวน 1 ถัง (ตู้ FHC 8-01),จำนวน 1 ถัง (ตู้ FHC 8-01),11/28/2023 11:42 AM,Attapon Noourai (อรรฐพล หนูอุไร)
01B02FEX8202,BF2000,15 ปอนด์,อาคาร 2 ชั้น 8 โซน 2 ตู้ FHC ข้างลิฟท์ 4 ตัว,1/1/2021,สนญ.,TRUE,11/28/2023 11:35 AM,อรรฐพล หนูอุไร,AttaponN@bot.or.th,ปกติ,จำนวน 1 ถัง (ตู้ FHC 8-02),จำนวน 1 ถัง (ตู้ FHC 8-02),11/28/2023 11:35 AM,Attapon Noourai (อรรฐพล หนูอุไร)
01B02FEX8203,BF2000,15 ปอนด์,อาคาร 2 ชั้น 8 โซน 2 ตู้ FHC ในฝ่ายงาน สถิติและข้อสนเทศ,1/1/2021,สนญ.,TRUE,12/6/2023 15:20,อนิวัตร์ เจริญตา,AniwatC@bot.or.th,ปกติ,จำนวน 1 ถัง (ตู้ FHC 8-03),จำนวน 1 ถัง (ตู้ FHC 8-03),12/6/2023 15:20,Aniwat Charoenta (อนิวัตร์ เจริญตา)
01B02FEX9201,BF2000,15 ปอนด์,อาคาร 2 ชั้น 9 โซน 2 ตู้ FHC ข้างลิฟท์ 2 ตัว,1/1/2021,สนญ.,TRUE,11/21/2023 10:36 AM,อรรฐพล หนูอุไร,AttaponN@bot.or.th,ปกติ,จำนวน 1 ถัง (ตู้ FHC 9-01),จำนวน 1 ถัง (ตู้ FHC 9-01),11/21/2023 10:36 AM,Attapon Noourai (อรรฐพล หนูอุไร)
01B02FEX9202,BF2000,15 ปอนด์,อาคาร 2 ชั้น 9 โซน 2 ตู้ FHC ประตูหนีไฟ,1/1/2021,สนญ.,TRUE,11/21/2023 10:30 AM,อรรฐพล หนูอุไร,AttaponN@bot.or.th,ปกติ,จำนวน 1 ถัง (ตู้ FHC 9-02),จำนวน 1 ถัง (ตู้ FHC 9-02),11/21/2023 10:30 AM,Attapon Noourai (อรรฐพล หนูอุไร)
01B02FEXROOF201,BF2000,15 ปอนด์,อาคาร 2 ชั้น Roof โซน 2 ตู้ FHC ดาดฟ้า ลิฟท์ 4 ตัว,1/1/2021,สนญ.,TRUE,11/21/2023 10:33 AM,อรรฐพล หนูอุไร,AttaponN@bot.or.th,ปกติ,จำนวน 1 ถัง (ตู้ FHC Roof-01),จำนวน 1 ถัง (ตู้ FHC Roof-01),11/21/2023 10:33 AM,Attapon Noourai (อรรฐพล หนูอุไร)
01B02FEXBP201,BF2000,15 ปอนด์,อาคาร 2 ชั้น B โซน 2 ตู้ FHC พื้นที่เก็บสิ่งของ   ทีมทรัพย์สินฯ,1/1/2021,สนญ.,TRUE,11/21/2023 10:24 AM,อรรฐพล หนูอุไร,AttaponN@bot.or.th,ปกติ,จำนวน 1 ถัง (ตู้ FHC B-01),จำนวน 1 ถัง (ตู้ FHC B-01),11/21/2023 10:24 AM,Attapon Noourai (อรรฐพล หนูอุไร)
01B02FEXBP202,BF2000,15 ปอนด์,อาคาร 2 ชั้น B โซน 2 ตู้ FHC พื้นที่เก็บสิ่งของ   ทีมทรัพย์สินฯ,1/1/2021,สนญ.,TRUE,11/21/2023 10:22 AM,อรรฐพล หนูอุไร,AttaponN@bot.or.th,ปกติ,จำนวน 1 ถัง (ตู้ FHC B-02),จำนวน 1 ถัง (ตู้ FHC B-02),11/21/2023 10:22 AM,Attapon Noourai (อรรฐพล หนูอุไร)
01B02FEXBP203,BF2000,15 ปอนด์,อาคาร 2 ชั้น B โซน 2 ตู้ FHC พื้นที่เก็บสิ่งของ   ทีมทรัพย์สินฯ,1/1/2021,สนญ.,TRUE,11/21/2023 10:27 AM,อรรฐพล หนูอุไร,AttaponN@bot.or.th,ปกติ,จำนวน 1 ถัง (ตู้ FHC B-03),จำนวน 1 ถัง (ตู้ FHC B-03),11/21/2023 10:27 AM,Attapon Noourai (อรรฐพล หนูอุไร)
01B02FEXBP204,BF2000,15 ปอนด์,อาคาร 2 ชั้น B โซน 2 ตู้ FHC พื้นที่เก็บสิ่งของ   ทีมทรัพย์สินฯ,1/1/2021,สนญ.,TRUE,11/21/2023 10:11 AM,อรรฐพล หนูอุไร,AttaponN@bot.or.th,ปกติ,จำนวน 1 ถัง (ตู้ FHC B-04),จำนวน 1 ถัง (ตู้ FHC B-04),11/21/2023 10:11 AM,Attapon Noourai (อรรฐพล หนูอุไร)
01B02FEXBP205,BF2000,15 ปอนด์,อาคาร 2 ชั้น B โซน 2 ตู้ FHC พื้นที่เก็บสิ่งของ   ทีมทรัพย์สินฯ,1/1/2021,สนญ.,TRUE,11/21/2023 10:17 AM,อรรฐพล หนูอุไร,AttaponN@bot.or.th,ปกติ,จำนวน 1 ถัง (ตู้ FHC B-05),จำนวน 1 ถัง (ตู้ FHC B-05),11/21/2023 10:17 AM,Attapon Noourai (อรรฐพล หนูอุไร)
01B02FEXBP206,BF2000,15 ปอนด์,อาคาร 2 ชั้น B โซน 2 ตู้ FHC พื้นที่เก็บสิ่งของ   ทีมทรัพย์สินฯ,1/1/2021,สนญ.,TRUE,11/21/2023 10:14 AM,อรรฐพล หนูอุไร,AttaponN@bot.or.th,ปกติ,จำนวน 1 ถัง (ตู้ FHC B-06),จำนวน 1 ถัง (ตู้ FHC B-06),11/21/2023 10:14 AM,Attapon Noourai (อรรฐพล หนูอุไร)
01B02FEXBP207,BF2000,15 ปอนด์,อาคาร 2 ชั้น B โซน 2 ตู้ FHC พื้นที่เก็บสิ่งของ   ทีมทรัพย์สินฯ,1/1/2021,สนญ.,TRUE,11/21/2023 10:04 AM,อรรฐพล หนูอุไร,AttaponN@bot.or.th,ปกติ,จำนวน 1 ถัง (ตู้ FHC B-07),จำนวน 1 ถัง (ตู้ FHC B-07),11/21/2023 10:04 AM,Attapon Noourai (อรรฐพล หนูอุไร)
01B02FEXBP208,BF2000,15 ปอนด์,อาคาร 2 ชั้น B โซน 2 ตู้ FHC พื้นที่เก็บสิ่งของ   ทีมทรัพย์สินฯ,1/1/2021,สนญ.,TRUE,11/28/2023 8:38 AM,อรรฐพล หนูอุไร,AttaponN@bot.or.th,ปกติ,จำนวน 1 ถัง (ตู้ FHC B-08) กุญแจทีมทรัพย์สินถาวร,จำนวน 1 ถัง (ตู้ FHC B-08) กุญแจทีมทรัพย์สินถาวร,11/28/2023 8:38 AM,Attapon Noourai (อรรฐพล หนูอุไร)
01B03FEX1001,BF2000,15 ปอนด์,อาคาร 3 ชั้น 1 โซน - ตู้ FHC หน้าลิฟท์,1/1/2017,สนญ.,TRUE,11/18/2023 11:43 AM,ธนากร ทศถวิล,ThanakoT@bot.or.th,ปกติ,จำนวน 1 ถัง ,จำนวน 1 ถัง,11/18/2023 11:43 AM,Thanakon Thotthawin (ธนากร ทศถวิล)
01B03FEX1002,Ade2000,15 ปอนด์,อาคาร 3 ชั้น 1 โซน - ในห้องไฟฟ้า (ภายในห้อง),1/1/2024,สนญ.,TRUE,11/18/2023 12:03 PM,ธนากร ทศถวิล,ThanakoT@bot.or.th,ปกติ,จำนวน 1 ถัง ,จำนวน 1 ถัง,7/27/2026 5:15 PM,Watcharakron Pualek (วัชรกรณ์ พั่วเหล็ก)
01B03FEX1003,Ade2000,15 ปอนด์,อาคาร 3 ชั้น 1 โซน - ในห้องไฟฟ้า (ภายในห้อง),1/1/2024,สนญ.,TRUE,11/18/2023 12:01 PM,ธนากร ทศถวิล,ThanakoT@bot.or.th,ปกติ,จำนวน 1 ถัง ,จำนวน 1 ถัง,7/27/2026 5:15 PM,Watcharakron Pualek (วัชรกรณ์ พั่วเหล็ก)
01B03FEX1004,Dry che,15 ปอนด์,อาคาร 3 ชั้น 1 โซน - หน้าห้องไฟฟ้า (ภายนอกอาคาร),7/14/2022,สนญ.,TRUE,11/18/2023 11:50 AM,ธนากร ทศถวิล,ThanakoT@bot.or.th,จำหน่าย,จำนวน 1 ถัง ,จำนวน 1 ถัง,6/18/2024 9:54 AM,Thitipong Suebjak-in (ฐิติพงศ์ สืบจากอินทร์)
01B03FEX2001,BF2000,15 ปอนด์,อาคาร 3 ชั้น 2 โซน - ตู้ FHC หน้าลิฟท์,1/1/2017,สนญ.,TRUE,11/18/2023 11:40 AM,ธนากร ทศถวิล,ThanakoT@bot.or.th,ปกติ,จำนวน 1 ถัง ,จำนวน 1 ถัง,11/18/2023 11:40 AM,Thanakon Thotthawin (ธนากร ทศถวิล)
01B03FEX2002,Dry che,10 ปอนด์,อาคาร 3 ชั้น 2 โซน - ตู้ FHC หน้าลิฟท์,1/1/2006,สนญ.,TRUE,11/18/2023 11:39 AM,ธนากร ทศถวิล,ThanakoT@bot.or.th,จำหน่าย,จำนวน 1 ถัง ,จำนวน 1 ถัง,6/18/2024 9:54 AM,Thitipong Suebjak-in (ฐิติพงศ์ สืบจากอินทร์)
01B03FEX2003,BF2000,15 ปอนด์,อาคาร 3 ชั้น 2 โซน - ประตูหนีไฟในส่วนงาน,1/1/2022,สนญ.,TRUE,11/18/2023 11:39 AM,ธนากร ทศถวิล,ThanakoT@bot.or.th,ปกติ,จำนวน 1 ถัง ,จำนวน 1 ถัง,6/18/2024 10:02 AM,Thitipong Suebjak-in (ฐิติพงศ์ สืบจากอินทร์)
01B03FEX3001,BF2000,15 ปอนด์,อาคาร 3 ชั้น 3 โซน - ตู้ FHC หน้าลิฟท์,1/1/2017,สนญ.,TRUE,11/18/2023 11:34 AM,ธนากร ทศถวิล,ThanakoT@bot.or.th,ปกติ,จำนวน 1 ถัง ,จำนวน 1 ถัง,11/18/2023 11:34 AM,Thanakon Thotthawin (ธนากร ทศถวิล)
01B03FEX3002,Dry che,10 ปอนด์,อาคาร 3 ชั้น 3 โซน - ตู้ FHC หน้าลิฟท์,5/6/2006,สนญ.,TRUE,11/18/2023 11:34 AM,ธนากร ทศถวิล,ThanakoT@bot.or.th,จำหน่าย,จำนวน 1 ถัง ,จำนวน 1 ถัง,6/18/2024 9:57 AM,Thitipong Suebjak-in (ฐิติพงศ์ สืบจากอินทร์)
01B03FEX3003,Dry che,10 ปอนด์,อาคาร 3 ชั้น 3 โซน - ประตูหนีไฟในส่วนงาน,10/3/2006,สนญ.,TRUE,11/18/2023 11:33 AM,ธนากร ทศถวิล,ThanakoT@bot.or.th,จำหน่าย,จำนวน 1 ถัง ,จำนวน 1 ถัง,6/18/2024 9:58 AM,Thitipong Suebjak-in (ฐิติพงศ์ สืบจากอินทร์)
01B03FEX4001,BF2000,15 ปอนด์,อาคาร 3 ชั้น 4 โซน - ตู้ FHC หน้าลิฟท์,1/1/2017,สนญ.,TRUE,11/18/2023 11:27 AM,ธนากร ทศถวิล,ThanakoT@bot.or.th,ปกติ,จำนวน 1 ถัง ,จำนวน 1 ถัง,11/18/2023 11:27 AM,Thanakon Thotthawin (ธนากร ทศถวิล)
01B03FEX4002,Dry che,10 ปอนด์,อาคาร 3 ชั้น 4 โซน - ตู้ FHC หน้าลิฟท์,11/2/2007,สนญ.,TRUE,11/18/2023 11:28 AM,ธนากร ทศถวิล,ThanakoT@bot.or.th,จำหน่าย,จำนวน 1 ถัง ,จำนวน 1 ถัง,6/21/2024 7:36 AM,Thitipong Suebjak-in (ฐิติพงศ์ สืบจากอินทร์)
01B03FEX4003,Dry che,10 ปอนด์,อาคาร 3 ชั้น 4 โซน - ประตูหนีไฟในส่วนงาน,10/3/2006,สนญ.,TRUE,11/18/2023 11:28 AM,ธนากร ทศถวิล,ThanakoT@bot.or.th,จำหน่าย,จำนวน 1 ถัง ,จำนวน 1 ถัง,6/21/2024 7:37 AM,Thitipong Suebjak-in (ฐิติพงศ์ สืบจากอินทร์)
01B03FEX5001,BF2000,15 ปอนด์,อาคาร 3 ชั้น 5 โซน - ตู้ FHC หน้าลิฟท์,1/1/2017,สนญ.,TRUE,11/18/2023 11:21 AM,ธนากร ทศถวิล,ThanakoT@bot.or.th,ปกติ,จำนวน 1 ถัง ,จำนวน 1 ถัง,11/18/2023 11:21 AM,Thanakon Thotthawin (ธนากร ทศถวิล)
01B03FEX5002,Dry che,10 ปอนด์,อาคาร 3 ชั้น 5 โซน - ตู้ FHC หน้าลิฟท์,10/3/2006,สนญ.,TRUE,11/18/2023 11:21 AM,ธนากร ทศถวิล,ThanakoT@bot.or.th,จำหน่าย,จำนวน 1 ถัง ,จำนวน 1 ถัง,6/21/2024 7:37 AM,Thitipong Suebjak-in (ฐิติพงศ์ สืบจากอินทร์)
01B03FEX5003,Dry che,10 ปอนด์,อาคาร 3 ชั้น 5 โซน - ประตูหนีไฟในส่วนงาน,5/6/2006,สนญ.,TRUE,11/18/2023 11:21 AM,ธนากร ทศถวิล,ThanakoT@bot.or.th,จำหน่าย,จำนวน 1 ถัง ,จำนวน 1 ถัง,6/21/2024 7:37 AM,Thitipong Suebjak-in (ฐิติพงศ์ สืบจากอินทร์)
01B03FEX6001,BF2000,15 ปอนด์,อาคาร 3 ชั้น 6 โซน - ตู้ FHC หน้าลิฟท์,1/1/2017,สนญ.,TRUE,11/18/2023 11:12 AM,ธนากร ทศถวิล,ThanakoT@bot.or.th,ปกติ,จำนวน 1 ถัง ,จำนวน 1 ถัง,11/18/2023 11:12 AM,Thanakon Thotthawin (ธนากร ทศถวิล)
01B03FEX6002,Dry che,10 ปอนด์,อาคาร 3 ชั้น 6 โซน - ตู้ FHC หน้าลิฟท์,5/6/2006,สนญ.,TRUE,11/18/2023 11:12 AM,ธนากร ทศถวิล,ThanakoT@bot.or.th,จำหน่าย,จำนวน 1 ถัง ,จำนวน 1 ถัง,6/21/2024 7:38 AM,Thitipong Suebjak-in (ฐิติพงศ์ สืบจากอินทร์)
01B03FEX6003,Dry che,10 ปอนด์,อาคาร 3 ชั้น 6 โซน - ประตูหนีไฟในส่วนงาน,11/2/2007,สนญ.,TRUE,11/18/2023 11:15 AM,ธนากร ทศถวิล,ThanakoT@bot.or.th,จำหน่าย,จำนวน 1 ถัง ,จำนวน 1 ถัง,6/21/2024 7:38 AM,Thitipong Suebjak-in (ฐิติพงศ์ สืบจากอินทร์)
01B03FEX7001,BF2000,15 ปอนด์,อาคาร 3 ชั้น 7 โซน - ตู้ FHC หน้าลิฟท์,1/1/2017,สนญ.,TRUE,11/18/2023 11:02 AM,ธนากร ทศถวิล,ThanakoT@bot.or.th,ปกติ,จำนวน 1 ถัง ,จำนวน 1 ถัง,11/18/2023 11:02 AM,Thanakon Thotthawin (ธนากร ทศถวิล)
01B03FEX7002,Dry che,10 ปอนด์,อาคาร 3 ชั้น 7 โซน - ตู้ FHC หน้าลิฟท์,11/2/2007,สนญ.,TRUE,11/18/2023 10:58 AM,ธนากร ทศถวิล,ThanakoT@bot.or.th,จำหน่าย,จำนวน 1 ถัง ,จำนวน 1 ถัง,6/21/2024 7:38 AM,Thitipong Suebjak-in (ฐิติพงศ์ สืบจากอินทร์)
01B03FEX7003,BF2000,15 ปอนด์,อาคาร 3 ชั้น 7 โซน - ประตูหนีไฟในส่วนงาน,11/1/2022,สนญ.,TRUE,11/18/2023 11:07 AM,ธนากร ทศถวิล,ThanakoT@bot.or.th,ปกติ,จำนวน 1 ถัง ,จำนวน 1 ถัง,6/18/2024 10:03 AM,Thitipong Suebjak-in (ฐิติพงศ์ สืบจากอินทร์)
01B03FEX8001,BF2000,15 ปอนด์,อาคาร 3 ชั้น 8 โซน - ตู้ FHC หน้าลิฟท์,1/1/2017,สนญ.,TRUE,11/18/2023 10:48 AM,ธนากร ทศถวิล,ThanakoT@bot.or.th,ปกติ,จำนวน 1 ถัง ,จำนวน 1 ถัง,11/18/2023 10:48 AM,Thanakon Thotthawin (ธนากร ทศถวิล)
01B03FEX8002,Dry che,10 ปอนด์,อาคาร 3 ชั้น 8 โซน - ตู้ FHC หน้าลิฟท์,10/3/2006,สนญ.,TRUE,11/18/2023 10:46 AM,ธนากร ทศถวิล,ThanakoT@bot.or.th,จำหน่าย,จำนวน 1 ถัง ,จำนวน 1 ถัง,6/21/2024 7:39 AM,Thitipong Suebjak-in (ฐิติพงศ์ สืบจากอินทร์)
01B03FEX8003,Dry che,10 ปอนด์,อาคาร 3 ชั้น 8 โซน - ประตูหนีไฟหลังเวที,10/3/2006,สนญ.,TRUE,11/18/2023 10:52 AM,ธนากร ทศถวิล,ThanakoT@bot.or.th,จำหน่าย,จำนวน 1 ถัง ,จำนวน 1 ถัง,6/21/2024 7:39 AM,Thitipong Suebjak-in (ฐิติพงศ์ สืบจากอินทร์)
01B03FEXR001,BF2000,15 ปอนด์,อาคาร 3 ชั้น ดาดฟ้า โซน - ตู้ FHC ,1/1/2022,สนญ.,TRUE,11/18/2023 10:35 AM,ธนากร ทศถวิล,ThanakoT@bot.or.th,ปกติ,จำนวน 1 ถัง ,จำนวน 1 ถัง,6/18/2024 10:04 AM,Thitipong Suebjak-in (ฐิติพงศ์ สืบจากอินทร์)
01B04FEX1001,Dry che,10 ปอนด์,อาคาร 4 ชั้น 1 โซน - ตู้ FHC หน้าห้องน้ำ,10/3/2006,สนญ.,TRUE,11/20/2023 4:07 PM,ศิรสิทธิ์ แสงแก้ว,SirasitS@bot.or.th,จำหน่าย,จำนวน 1 ถัง ,จำนวน 1 ถัง,6/21/2024 7:39 AM,Thitipong Suebjak-in (ฐิติพงศ์ สืบจากอินทร์)
01B04FEX1002,BF2000,10 ปอนด์,อาคาร 4 ชั้น 1 โซน - ภายในห้องควบคุมระบบไฟฟ้า,1/1/2022,สนญ.,TRUE,11/20/2023 4:10 PM,ศิรสิทธิ์ แสงแก้ว,SirasitS@bot.or.th,ปกติ,จำนวน 1 ถัง ,จำนวน 1 ถัง,11/20/2023 4:10 PM,Sirasit Saengkaeo (ศิรสิทธิ์ แสงแก้ว)
01B04FEX1006,Dry che,10 ปอนด์,อาคาร 4 ชั้น 1 โซน - ภายในห้องควบคุมระบบไฟฟ้า,11/1/2003,สนญ.,TRUE,11/20/2023 4:17 PM,ศิรสิทธิ์ แสงแก้ว,SirasitS@bot.or.th,จำหน่าย,จำนวน 1 ถัง ,จำนวน 1 ถัง,6/21/2024 7:39 AM,Thitipong Suebjak-in (ฐิติพงศ์ สืบจากอินทร์)
01B04FEX1009,BF2000,10 ปอนด์,อาคาร 4 ชั้น 1 โซน - ห้องเตรียมอาหาร ,1/1/2022,สนญ.,TRUE,11/20/2023 4:20 PM,ศิรสิทธิ์ แสงแก้ว,SirasitS@bot.or.th,ปกติ,จำนวน 1 ถัง ,จำนวน 1 ถัง,11/20/2023 4:20 PM,Sirasit Saengkaeo (ศิรสิทธิ์ แสงแก้ว)
01B04FEX2001,Dry che,10 ปอนด์,อาคาร 4 ชั้น 2 โซน - ตู้ FHC หน้าห้องน้ำ,11/1/2003,สนญ.,TRUE,11/20/2023 4:22 PM,ศิรสิทธิ์ แสงแก้ว,SirasitS@bot.or.th,จำหน่าย,จำนวน 1 ถัง ,จำนวน 1 ถัง,6/21/2024 7:40 AM,Thitipong Suebjak-in (ฐิติพงศ์ สืบจากอินทร์)
01B04FEX2002,BF2000,15 ปอนด์,อาคาร 4 ชั้น 2 โซน - ตู้ FHC หน้าห้องน้ำ,1/1/2017,สนญ.,TRUE,11/20/2023 4:24 PM,ศิรสิทธิ์ แสงแก้ว,SirasitS@bot.or.th,ปกติ,จำนวน 1 ถัง ,จำนวน 1 ถัง,11/20/2023 4:24 PM,Sirasit Saengkaeo (ศิรสิทธิ์ แสงแก้ว)
01B04FEX2003,BF2000,10 ปอนด์,อาคาร 4 ชั้น 2 โซน - ในห้องเตรียมอาหาร ,1/1/2022,สนญ.,TRUE,11/20/2023 4:26 PM,ศิรสิทธิ์ แสงแก้ว,SirasitS@bot.or.th,ปกติ,จำนวน 1 ถัง ,จำนวน 1 ถัง,11/20/2023 4:26 PM,Sirasit Saengkaeo (ศิรสิทธิ์ แสงแก้ว)
01B04FEX3001,Dry che,10 ปอนด์,อาคาร 4 ชั้น 3 โซน - ตู้ FHC หน้าห้องน้ำ,3/1/2003,สนญ.,TRUE,11/20/2023 4:29 PM,ศิรสิทธิ์ แสงแก้ว,SirasitS@bot.or.th,จำหน่าย,จำนวน 1 ถัง ,จำนวน 1 ถัง,6/21/2024 7:40 AM,Thitipong Suebjak-in (ฐิติพงศ์ สืบจากอินทร์)
01B04FEX3002,BF2000,15 ปอนด์,อาคาร 4 ชั้น 3 โซน - ตู้ FHC หน้าห้องน้ำ,1/1/2017,สนญ.,TRUE,11/20/2023 4:30 PM,ศิรสิทธิ์ แสงแก้ว,SirasitS@bot.or.th,ปกติ,จำนวน 1 ถัง ,จำนวน 1 ถัง,11/20/2023 4:30 PM,Sirasit Saengkaeo (ศิรสิทธิ์ แสงแก้ว)
01B04FEX3003,BF2000,10 ปอนด์,อาคาร 4 ชั้น 3 โซน - ในห้องเตรียมอาหาร ,1/1/2022,สนญ.,TRUE,11/20/2023 4:31 PM,ศิรสิทธิ์ แสงแก้ว,SirasitS@bot.or.th,ปกติ,จำนวน 1 ถัง ,จำนวน 1 ถัง,11/20/2023 4:31 PM,Sirasit Saengkaeo (ศิรสิทธิ์ แสงแก้ว)
01B05FEX1003,BF2000,15ปอนด์,อาคาร 5 ชั้น 1 โซน 0 ตู้ FHC หน้าลิฟท์ ,1/1/2017,สนญ.,TRUE,11/26/2023 4:57 PM,อนิวัตร์ เจริญตา,AniwatC@bot.or.th,ปกติ,จำนวน 1 ถัง,จำนวน 1 ถัง,11/26/2023 4:57 PM,Aniwat Charoenta (อนิวัตร์ เจริญตา)
01B05FEX1004,Ade2000,15ปอนด์,อาคาร 5 ชั้น 1 โซน 0 หน้าห้องระบบวิศวกรรม,1/1/2024,สนญ.,TRUE,11/26/2023 5:00 PM,อนิวัตร์ เจริญตา,AniwatC@bot.or.th,ปกติ,จำนวน 1 ถัง ,จำนวน 1 ถัง,4/21/2026 5:17 PM,Watcharakron Pualek (วัชรกรณ์ พั่วเหล็ก)
01B05FEX1007,Ade2000,15 ปอนด์,อาคาร 5 ชั้น 1 โซน 0 หน้าห้องเจนเนอร์เรเตอร์ (ภายนอกอาคาร),1/1/2024,สนญ.,TRUE,11/26/2023 5:07 PM,อนิวัตร์ เจริญตา,AniwatC@bot.or.th,ปกติ,จำนวน 1 ถัง ,จำนวน 1 ถัง,3/30/2026 2:45 PM,Watcharakron Pualek (วัชรกรณ์ พั่วเหล็ก)
01B05FEX2001,BF2000,15ปอนด์,อาคาร 5 ชั้น 2 โซน 0 ตู้ FHC หน้าลิฟท์ ,1/1/2017,สนญ.,TRUE,11/26/2023 8:07 PM,อนิวัตร์ เจริญตา,AniwatC@bot.or.th,ปกติ,จำนวน 1 ถัง,จำนวน 1 ถัง,11/26/2023 8:07 PM,Aniwat Charoenta (อนิวัตร์ เจริญตา)
01B05FEX2002,BF2000,15 ปอนด์,อาคาร 5 ชั้น 2 โซน 0 ตู้ FHC หน้าลิฟท์ ,1/1/2017,สนญ.,TRUE,11/26/2023 8:06 PM,อนิวัตร์ เจริญตา,AniwatC@bot.or.th,ปกติ,จำนวน 1 ถัง,จำนวน 1 ถัง,11/26/2023 8:06 PM,Aniwat Charoenta (อนิวัตร์ เจริญตา)
01B06FEX1001,BF2000,15 ปอนด์,อาคาร 6 ชั้น 1 โซน 0 ทางเดิน,1/1/2022,สนญ.,TRUE,11/18/2023 12:22 PM,ธนากร ทศถวิล,ThanakoT@bot.or.th,ปกติ,จำนวน 1 ถัง ,จำนวน 1 ถัง,11/18/2023 12:22 PM,Thanakon Thotthawin (ธนากร ทศถวิล)
01B06FEX1002,BF2000,15 ปอนด์,อาคาร 6 ชั้น 1 โซน 0 ห้องไฟฟ้า,1/1/2017,สนญ.,TRUE,11/18/2023 12:18 PM,ธนากร ทศถวิล,ThanakoT@bot.or.th,ปกติ,จำนวน 1 ถัง ,จำนวน 1 ถัง,11/18/2023 12:18 PM,Thanakon Thotthawin (ธนากร ทศถวิล)
01B06FEX1003,Dry che,15 ปอนด์,อาคาร 6 ชั้น 1 โซน 0 ห้องไฟฟ้า,1/1/1994,สนญ.,TRUE,11/18/2023 12:18 PM,ธนากร ทศถวิล,ThanakoT@bot.or.th,จำหน่าย,จำนวน 1 ถัง,จำนวน 1 ถัง,6/21/2024 7:40 AM,Thitipong Suebjak-in (ฐิติพงศ์ สืบจากอินทร์)
01B06FEX1004,BF2000,15 ปอนด์,อาคาร 6 ชั้น 1 โซน 0 ข้างห้องลิฟท์,1/1/2017,สนญ.,TRUE,11/18/2023 12:20 PM,ธนากร ทศถวิล,ThanakoT@bot.or.th,ปกติ,จำนวน 1 ถัง,จำนวน 1 ถัง,11/18/2023 12:20 PM,Thanakon Thotthawin (ธนากร ทศถวิล)
01B06FEX1005,BF2000,15 ปอนด์,อาคาร 6 ชั้น 1 โซน 0 ตู้ไม้ขาตั้ง ทางเดิน,1/1/2017,สนญ.,TRUE,11/18/2023 12:24 PM,ธนากร ทศถวิล,ThanakoT@bot.or.th,ปกติ,จำนวน 1 ถัง,จำนวน 1 ถัง,11/18/2023 12:24 PM,Thanakon Thotthawin (ธนากร ทศถวิล)
01B06FEX2001,Dry che,10 ปอนด์,อาคาร 6 ชั้น 2 โซน 0 ห้องเตรียมอาหาร,1/1/1994,สนญ.,TRUE,11/18/2023 1:18 PM,ธนากร ทศถวิล,ThanakoT@bot.or.th,จำหน่าย,จำนวน 1 ถัง,จำนวน 1 ถัง,6/21/2024 7:41 AM,Thitipong Suebjak-in (ฐิติพงศ์ สืบจากอินทร์)
01B06FEX2002,Dry che,10 ปอนด์,อาคาร 6 ชั้น 2 โซน 0 ห้องเตรียมอาหาร,1/1/1994,สนญ.,TRUE,11/18/2023 12:29 PM,ธนากร ทศถวิล,ThanakoT@bot.or.th,จำหน่าย,จำนวน 1 ถัง,จำนวน 1 ถัง,6/21/2024 7:41 AM,Thitipong Suebjak-in (ฐิติพงศ์ สืบจากอินทร์)
01B06FEX2003,BF2000,15 ปอนด์,อาคาร 6 ชั้น 2 โซน 0 ตู้ไม้ขาตั้ง หน้าห้องประชุม,1/1/2017,สนญ.,TRUE,12/4/2023 9:33,ฐิติพงศ์ สืบจากอินทร์,ThitipoS@bot.or.th,ปกติ,จำนวน 1 ถัง,จำนวน 1 ถัง,12/4/2023 9:33,Thitipong Suebjak-in (ฐิติพงศ์ สืบจากอินทร์)
01B06FEX3001,Dry che,10 ปอนด์,อาคาร 6 ชั้น 3 โซน 0 ห้องเตรียมอาหาร,1/1/1994,สนญ.,TRUE,11/18/2023 12:37 PM,ธนากร ทศถวิล,ThanakoT@bot.or.th,จำหน่าย,จำนวน 1 ถัง,จำนวน 1 ถัง,6/21/2024 7:41 AM,Thitipong Suebjak-in (ฐิติพงศ์ สืบจากอินทร์)
01B06FEX3002,Dry che,10 ปอนด์,อาคาร 6 ชั้น 3 โซน 0 ห้องเตรียมอาหาร,1/1/1994,สนญ.,TRUE,11/18/2023 12:37 PM,ธนากร ทศถวิล,ThanakoT@bot.or.th,จำหน่าย,จำนวน 1 ถัง,จำนวน 1 ถัง,6/21/2024 7:42 AM,Thitipong Suebjak-in (ฐิติพงศ์ สืบจากอินทร์)
01B06FEX3003,BF2000,15 ปอนด์,อาคาร 6 ชั้น 3 โซน 0 ตู้ไม้ขาตั้ง หน้าห้องทำงาน,1/1/2017,สนญ.,TRUE,11/18/2023 12:38 PM,ธนากร ทศถวิล,ThanakoT@bot.or.th,ปกติ,จำนวน 1 ถัง,จำนวน 1 ถัง,11/18/2023 12:38 PM,Thanakon Thotthawin (ธนากร ทศถวิล)
01B06FEXBM01,Dry che,10 ปอนด์,อาคาร 6 ชั้น B โซน 0 ห้องปั๊มน้ำ,1/1/1994,สนญ.,TRUE,11/20/2023 4:39 PM,ศิรสิทธิ์ แสงแก้ว,SirasitS@bot.or.th,จำหน่าย,จำนวน 1 ถัง,จำนวน 1 ถัง,6/21/2024 7:42 AM,Thitipong Suebjak-in (ฐิติพงศ์ สืบจากอินทร์)
01B07FEX1001,Wet Chemical,10 ปอนด์,อาคาร 7 ชั้น 1 โซน 0 ห้อง หน้าลิฟท์,1/1/2017,สนญ.,TRUE,11/19/2023 12:06 PM,ธนากร ทศถวิล,ThanakoT@bot.or.th,ปกติ,จำนวน 1 ถัง ,จำนวน 1 ถัง,11/19/2023 12:06 PM,Thanakon Thotthawin (ธนากร ทศถวิล)
01B07FEX1002,BF2000,10 ปอนด์,อาคาร 7 ชั้น 1 โซน 0 ตู้ FHC โถงทางเดิน,1/1/2022,สนญ.,TRUE,11/19/2023 12:02 PM,ธนากร ทศถวิล,ThanakoT@bot.or.th,ปกติ,จำนวน 1 ถัง ,จำนวน 1 ถัง,11/19/2023 12:02 PM,Thanakon Thotthawin (ธนากร ทศถวิล)
01B07FEX1003,BF2000,10 ปอนด์,อาคาร 7 ชั้น 1 โซน 0 ตู้ FHC หน้าห้องช่าง ,1/1/2022,สนญ.,TRUE,11/19/2023 12:09 PM,ธนากร ทศถวิล,ThanakoT@bot.or.th,ปกติ,จำนวน 1 ถัง ,จำนวน 1 ถัง,11/19/2023 12:09 PM,Thanakon Thotthawin (ธนากร ทศถวิล)
01B07FEX1004,BF2000,15 ปอนด์,อาคาร 7 ชั้น 1 โซน 0 เคาน์เตอร์ ปชส.,1/1/2022,สนญ.,TRUE,11/19/2023 11:59 AM,ธนากร ทศถวิล,ThanakoT@bot.or.th,ปกติ,จำนวน 1 ถัง ,จำนวน 1 ถัง,11/19/2023 11:59 AM,Thanakon Thotthawin (ธนากร ทศถวิล)
01B07FEX1005,BF2000,15 ปอนด์,อาคาร 7 ชั้น 1 โซน 0 เคาน์เตอร์ ปชส.,1/1/2022,สนญ.,TRUE,11/19/2023 11:58 AM,ธนากร ทศถวิล,ThanakoT@bot.or.th,ปกติ,จำนวน 1 ถัง ,จำนวน 1 ถัง,6/18/2024 10:05 AM,Thitipong Suebjak-in (ฐิติพงศ์ สืบจากอินทร์)
01B07FEX1006,BF2000,15 ปอนด์,อาคาร 7 ชั้น 1 โซน 0 เคาน์เตอร์ ปชส.,1/1/2022,สนญ.,TRUE,11/19/2023 11:58 AM,ธนากร ทศถวิล,ThanakoT@bot.or.th,ปกติ,จำนวน 1 ถัง ,จำนวน 1 ถัง,6/18/2024 10:05 AM,Thitipong Suebjak-in (ฐิติพงศ์ สืบจากอินทร์)
01B07FEX1007,BF2000,10 ปอนด์,อาคาร 7 ชั้น 1 โซน 0 ห้องไฟฟ้า,1/1/2022,สนญ.,TRUE,11/20/2023 5:17 PM,ศิรสิทธิ์ แสงแก้ว,SirasitS@bot.or.th,ปกติ,จำนวน 1 ถัง,จำนวน 1 ถัง,11/20/2023 5:17 PM,Sirasit Saengkaeo (ศิรสิทธิ์ แสงแก้ว)
01B07FEX1008,BF2000,10 ปอนด์,อาคาร 7 ชั้น 1 โซน 0 ห้องไฟฟ้า,1/1/2022,สนญ.,TRUE,11/20/2023 5:18 PM,ศิรสิทธิ์ แสงแก้ว,SirasitS@bot.or.th,ปกติ,จำนวน 1 ถัง,จำนวน 1 ถัง,11/20/2023 5:18 PM,Sirasit Saengkaeo (ศิรสิทธิ์ แสงแก้ว)
01B07FEX1009,BF2000,10 ปอนด์,อาคาร 7 ชั้น 1 โซน 0 ห้องไฟฟ้า,1/1/2022,สนญ.,TRUE,11/20/2023 5:19 PM,ศิรสิทธิ์ แสงแก้ว,SirasitS@bot.or.th,ปกติ,จำนวน 1 ถัง,จำนวน 1 ถัง,11/20/2023 5:19 PM,Sirasit Saengkaeo (ศิรสิทธิ์ แสงแก้ว)
01B07FEX1010,BF2000,10 ปอนด์,อาคาร 7 ชั้น 1 โซน 0 ห้องไฟฟ้า,1/1/2022,สนญ.,TRUE,11/20/2023 5:20 PM,ศิรสิทธิ์ แสงแก้ว,SirasitS@bot.or.th,ปกติ,จำนวน 1 ถัง,จำนวน 1 ถัง,11/20/2023 5:20 PM,Sirasit Saengkaeo (ศิรสิทธิ์ แสงแก้ว)
01B07FEX1011,BF2000,15 ปอนด์,อาคาร 7 ชั้น 1 โซน 0 ห้องมั่นคง,1/1/2021,สนญ.,TRUE,11/20/2023 5:22 PM,ศิรสิทธิ์ แสงแก้ว,SirasitS@bot.or.th,ปกติ,จำนวน 1 ถัง,จำนวน 1 ถัง,11/20/2023 5:22 PM,Sirasit Saengkaeo (ศิรสิทธิ์ แสงแก้ว)
01B07FEX2001,Wet Chemical,10 ปอนด์,อาคาร 7 ชั้น 2 โซน 0 ห้อง หน้าลิฟท์,1/1/2017,สนญ.,TRUE,11/27/2023 8:23 AM,ศิรสิทธิ์ แสงแก้ว,SirasitS@bot.or.th,ปกติ,จำนวน 1 ถัง,จำนวน 1 ถัง,11/27/2023 8:23 AM,Sirasit Saengkaeo (ศิรสิทธิ์ แสงแก้ว)
01B07FEX2002,BF2000,10 ปอนด์,อาคาร 7 ชั้น 2 โซน 0 ห้อง หน้าลิฟท์,1/1/2017,สนญ.,TRUE,11/19/2023 11:47 AM,ธนากร ทศถวิล,ThanakoT@bot.or.th,ปกติ,จำนวน 1 ถัง,จำนวน 1 ถัง,11/19/2023 11:47 AM,Thanakon Thotthawin (ธนากร ทศถวิล)
01B07FEX2003,BF2000,10 ปอนด์,อาคาร 7 ชั้น 2 โซน 0 ตู้ FHC ประตูหนีไฟ (ในส่วนงาน),1/1/2017,สนญ.,TRUE,11/19/2023 11:42 AM,ธนากร ทศถวิล,ThanakoT@bot.or.th,ปกติ,จำนวน 1 ถัง,จำนวน 1 ถัง,11/19/2023 11:42 AM,Thanakon Thotthawin (ธนากร ทศถวิล)
01B07FEXM001,Wet Chemical,10 ปอนด์,อาคาร 7 ชั้น M โซน 0 ห้อง หน้าลิฟท์,1/1/2010,สนญ.,TRUE,11/19/2023 11:37 AM,ธนากร ทศถวิล,ThanakoT@bot.or.th,ปกติ,จำนวน 1 ถัง,จำนวน 1 ถัง,11/19/2023 11:37 AM,Thanakon Thotthawin (ธนากร ทศถวิล)
01B07FEXM002,BF2000,15 ปอนด์,อาคาร 7 ชั้น M โซน 0 ห้อง หน้าลิฟท์,1/1/2022,สนญ.,TRUE,11/19/2023 11:36 AM,ธนากร ทศถวิล,ThanakoT@bot.or.th,ปกติ,จำนวน 1 ถัง,จำนวน 1 ถัง,6/18/2024 10:07 AM,Thitipong Suebjak-in (ฐิติพงศ์ สืบจากอินทร์)
01B07FEX3001,BF2000,10 ปอนด์,อาคาร 7 ชั้น 3 โซน 0 ห้อง หน้าลิฟท์,1/1/2022,สนญ.,TRUE,11/19/2023 11:31 AM,ธนากร ทศถวิล,ThanakoT@bot.or.th,ปกติ,จำนวน 1 ถัง,จำนวน 1 ถัง,11/19/2023 11:31 AM,Thanakon Thotthawin (ธนากร ทศถวิล)
01B07FEX3002,Wet Chemical,10 ปอนด์,อาคาร 7 ชั้น 3 โซน 0 ห้อง หน้าลิฟท์,1/1/2010,สนญ.,TRUE,11/19/2023 11:30 AM,ธนากร ทศถวิล,ThanakoT@bot.or.th,ปกติ,จำนวน 1 ถัง,จำนวน 1 ถัง,11/19/2023 11:30 AM,Thanakon Thotthawin (ธนากร ทศถวิล)
01B07FEX3003,BF2000,10 ปอนด์,อาคาร 7 ชั้น 3 โซน 0 ตู้ FHC ประตูหนีไฟ,1/1/2017,สนญ.,TRUE,11/19/2023 11:24 AM,ธนากร ทศถวิล,ThanakoT@bot.or.th,ปกติ,จำนวน 1 ถัง,จำนวน 1 ถัง,11/19/2023 11:24 AM,Thanakon Thotthawin (ธนากร ทศถวิล)
01B07FEX3004,BF2000,15 ปอนด์,อาคาร 7 ชั้น 3 โซน 0 ตู้ FHC ประตูหนีไฟ,1/1/2022,สนญ.,TRUE,11/19/2023 11:25 AM,ธนากร ทศถวิล,ThanakoT@bot.or.th,ปกติ,จำนวน 1 ถัง ,จำนวน 1 ถัง,6/18/2024 10:08 AM,Thitipong Suebjak-in (ฐิติพงศ์ สืบจากอินทร์)
01B07FEX4001,Wet Chemical,10 ปอนด์,อาคาร 7 ชั้น 4 โซน 0 ห้อง หน้าลิฟท์,1/1/2010,สนญ.,TRUE,11/19/2023 11:14 AM,ธนากร ทศถวิล,ThanakoT@bot.or.th,ปกติ,จำนวน 1 ถัง,จำนวน 1 ถัง,11/19/2023 11:14 AM,Thanakon Thotthawin (ธนากร ทศถวิล)
01B07FEX4002,BF2000,15 ปอนด์,อาคาร 7 ชั้น 4 โซน 0 ห้อง หน้าลิฟท์,1/1/2022,สนญ.,TRUE,11/19/2023 11:14 AM,ธนากร ทศถวิล,ThanakoT@bot.or.th,ปกติ,จำนวน 1 ถัง,จำนวน 1 ถัง,6/18/2024 10:09 AM,Thitipong Suebjak-in (ฐิติพงศ์ สืบจากอินทร์)
01B07FEX4003,BF2000,10 ปอนด์,อาคาร 7 ชั้น 4 โซน 0 ตู้ FHC ประตูหนีไฟ (ในส่วนงาน),1/1/2017,สนญ.,TRUE,11/19/2023 11:09 AM,ธนากร ทศถวิล,ThanakoT@bot.or.th,ปกติ,จำนวน 1 ถัง,จำนวน 1 ถัง,11/19/2023 11:09 AM,Thanakon Thotthawin (ธนากร ทศถวิล)
01B07FEX4004,BF2000,15 ปอนด์,อาคาร 7 ชั้น 4 โซน 0 ตู้ FHC ประตูหนีไฟ (ในส่วนงาน),1/1/2022,สนญ.,TRUE,11/19/2023 11:08 AM,ธนากร ทศถวิล,ThanakoT@bot.or.th,ปกติ,จำนวน 1 ถัง,จำนวน 1 ถัง,6/18/2024 10:14 AM,Thitipong Suebjak-in (ฐิติพงศ์ สืบจากอินทร์)
01B07FEX5001,Wet Chemical,10 ปอนด์,อาคาร 7 ชั้น 5 โซน 0 ห้อง หน้าลิฟท์,1/1/2010,สนญ.,TRUE,11/19/2023 11:03 AM,ธนากร ทศถวิล,ThanakoT@bot.or.th,ปกติ,จำนวน 1 ถัง,จำนวน 1 ถัง,11/19/2023 11:03 AM,Thanakon Thotthawin (ธนากร ทศถวิล)
01B07FEX5002,BF2000,10 ปอนด์,อาคาร 7 ชั้น 5 โซน 0 ห้อง หน้าลิฟท์,1/1/2017,สนญ.,TRUE,11/19/2023 11:03 AM,ธนากร ทศถวิล,ThanakoT@bot.or.th,ปกติ,จำนวน 1 ถัง,จำนวน 1 ถัง,11/19/2023 11:03 AM,Thanakon Thotthawin (ธนากร ทศถวิล)
01B07FEX5003,BF2000,10 ปอนด์,อาคาร 7 ชั้น 5 โซน 0 ตู้ FHC ประตูหนีไฟ (ในส่วนงาน),1/1/2017,สนญ.,TRUE,11/19/2023 10:57 AM,ธนากร ทศถวิล,ThanakoT@bot.or.th,ปกติ,จำนวน 1 ถัง,จำนวน 1 ถัง,11/19/2023 10:57 AM,Thanakon Thotthawin (ธนากร ทศถวิล)
01B07FEX5004,BF2000,10 ปอนด์,อาคาร 7 ชั้น 5 โซน 0 ตู้ FHC ประตูหนีไฟ (ในส่วนงาน),1/1/2017,สนญ.,TRUE,11/19/2023 10:57 AM,ธนากร ทศถวิล,ThanakoT@bot.or.th,ปกติ,จำนวน 1 ถัง,จำนวน 1 ถัง,11/19/2023 10:57 AM,Thanakon Thotthawin (ธนากร ทศถวิล)
01B07FEX6001,Wet Chemical,10 ปอนด์,อาคาร 7 ชั้น 6 โซน 0 ห้อง หน้าลิฟท์,1/1/2010,สนญ.,TRUE,11/19/2023 10:51 AM,ธนากร ทศถวิล,ThanakoT@bot.or.th,ปกติ,จำนวน 1 ถัง,จำนวน 1 ถัง,11/19/2023 10:51 AM,Thanakon Thotthawin (ธนากร ทศถวิล)
01B07FEX6002,BF2000,15 ปอนด์,อาคาร 7 ชั้น 6 โซน 0 ห้อง หน้าลิฟท์,1/1/2017,สนญ.,TRUE,11/19/2023 10:51 AM,ธนากร ทศถวิล,ThanakoT@bot.or.th,ปกติ,จำนวน 1 ถัง ,จำนวน 1 ถัง,11/19/2023 10:51 AM,Thanakon Thotthawin (ธนากร ทศถวิล)
01B07FEX6003,BF2000,15 ปอนด์,อาคาร 7 ชั้น 6 โซน 0 ตู้ FHC ประตูหนีไฟ (ในส่วนงาน),1/1/2022,สนญ.,TRUE,11/19/2023 10:44 AM,ธนากร ทศถวิล,ThanakoT@bot.or.th,ปกติ,จำนวน 1 ถัง,จำนวน 1 ถัง,6/18/2024 10:15 AM,Thitipong Suebjak-in (ฐิติพงศ์ สืบจากอินทร์)
01B07FEX6004,BF2000,10 ปอนด์,อาคาร 7 ชั้น 6 โซน 0 ตู้ FHC ประตูหนีไฟ (ในส่วนงาน),1/1/2017,สนญ.,TRUE,11/19/2023 10:44 AM,ธนากร ทศถวิล,ThanakoT@bot.or.th,ปกติ,จำนวน 1 ถัง,จำนวน 1 ถัง,11/19/2023 10:44 AM,Thanakon Thotthawin (ธนากร ทศถวิล)
01B07FEX7001,Wet Chemical,10 ปอนด์,อาคาร 7 ชั้น 7 โซน 0 ห้อง หน้าลิฟท์,1/1/2010,สนญ.,TRUE,11/19/2023 10:26 AM,ธนากร ทศถวิล,ThanakoT@bot.or.th,ปกติ,จำนวน 1 ถัง,จำนวน 1 ถัง,11/19/2023 10:26 AM,Thanakon Thotthawin (ธนากร ทศถวิล)
01B07FEX7002,BF2000,15 ปอนด์,อาคาร 7 ชั้น 7 โซน 0 ห้อง หน้าลิฟท์,1/1/2022,สนญ.,TRUE,11/19/2023 10:27 AM,ธนากร ทศถวิล,ThanakoT@bot.or.th,ปกติ,จำนวน 1 ถัง,จำนวน 1 ถัง,11/19/2023 10:27 AM,Thanakon Thotthawin (ธนากร ทศถวิล)
01B07FEX7003,BF2000,15 ปอนด์,อาคาร 7 ชั้น 7 โซน 0 ตู้ FHC ประตูหนีไฟ (ในส่วนงาน) อมรพิมาย,1/1/2022,สนญ.,TRUE,11/19/2023 10:36 AM,ธนากร ทศถวิล,ThanakoT@bot.or.th,ปกติ,จำนวน 1 ถัง ,จำนวน 1 ถัง,6/18/2024 10:16 AM,Thitipong Suebjak-in (ฐิติพงศ์ สืบจากอินทร์)
01B07FEX7004,BF2000,10 ปอนด์,อาคาร 7 ชั้น 7 โซน 0 ตู้ FHC ประตูหนีไฟ (ในส่วนงาน) อมรพิมาย,1/1/2017,สนญ.,TRUE,11/19/2023 10:37 AM,ธนากร ทศถวิล,ThanakoT@bot.or.th,ปกติ,จำนวน 1 ถัง,จำนวน 1 ถัง,11/19/2023 10:37 AM,Thanakon Thotthawin (ธนากร ทศถวิล)
01B07FEXBM001,Wet Chemical,10 ปอนด์,อาคาร 7 ชั้น ชั้นใต้ดิน โซน 0 ตู้ FHC หน้าลิฟท์,1/1/2010,สนญ.,TRUE,11/20/2023 5:45 PM,ธนากร ทศถวิล,ThanakoT@bot.or.th,ปกติ,จำนวน 1 ถัง,จำนวน 1 ถัง,11/20/2023 5:45 PM,Thanakon Thotthawin (ธนากร ทศถวิล)
01B07FEXBM002,BF2000,10 ปอนด์,อาคาร 7 ชั้น ชั้นใต้ดิน โซน 0 หน้าโต๊ะทำงาน,1/1/2017,สนญ.,TRUE,11/20/2023 5:27 PM,ธนากร ทศถวิล,ThanakoT@bot.or.th,ปกติ,จำนวน 1 ถัง,จำนวน 1 ถัง,11/20/2023 5:27 PM,Thanakon Thotthawin (ธนากร ทศถวิล)
01B07FEXBM003,BF2000,10 ปอนด์,อาคาร 7 ชั้น ชั้นใต้ดิน โซน 0 เสาห้องเก็บเอกสาร,1/1/2017,สนญ.,TRUE,11/20/2023 5:36 PM,ธนากร ทศถวิล,ThanakoT@bot.or.th,ปกติ,จำนวน 1 ถัง,จำนวน 1 ถัง,11/20/2023 5:36 PM,Thanakon Thotthawin (ธนากร ทศถวิล)
01B07FEXBM006,BF2000,15 ปอนด์,อาคาร 7 ชั้น ชั้นใต้ดิน โซน 0 ตู้ FHC ในห้องเก็บเอกสาร,1/1/2022,สนญ.,TRUE,11/20/2023 5:34 PM,ธนากร ทศถวิล,ThanakoT@bot.or.th,ปกติ,จำนวน 1 ถัง,จำนวน 1 ถัง,6/18/2024 10:16 AM,Thitipong Suebjak-in (ฐิติพงศ์ สืบจากอินทร์)
01B07FEXROOF001,BF2000,15 ปอนด์,อาคาร 7 ชั้น Roof โซน 0 ห้อง หน้าลิฟท์,1/1/2021,สนญ.,TRUE,11/19/2023 10:15 AM,ธนากร ทศถวิล,ThanakoT@bot.or.th,ปกติ,จำนวน 1 ถัง,จำนวน 1 ถัง,11/19/2023 10:15 AM,Thanakon Thotthawin (ธนากร ทศถวิล)
01B07FEXROOF002,BF2000,15 ปอนด์,อาคาร 7 ชั้น Roof โซน 0  ชั้นลอย,1/1/2022,สนญ.,TRUE,11/19/2023 10:19 AM,ธนากร ทศถวิล,ThanakoT@bot.or.th,ปกติ,จำนวน 1 ถัง,จำนวน 1 ถัง,6/18/2024 10:18 AM,Thitipong Suebjak-in (ฐิติพงศ์ สืบจากอินทร์)
01B08FEX1001,Dry che,10 ปอนด์,อาคาร 8 ชั้น 1 โซน 0 ในตู้ หน้าประตูเข้าอาคาร8,1/1/2022,สนญ.,TRUE,11/19/2023 12:54 PM,ธนากร ทศถวิล,ThanakoT@bot.or.th,จำหน่าย,จำนวน 1 ถัง ,จำนวน 1 ถัง,6/21/2024 7:43 AM,Thitipong Suebjak-in (ฐิติพงศ์ สืบจากอินทร์)
01B08FEX1002,BF2000,10 ปอนด์,อาคาร 8 ชั้น 1 โซน 0 ในตู้ หน้าประตูเข้าอาคาร9,1/1/2022,สนญ.,TRUE,11/21/2023 7:29 AM,ธนากร ทศถวิล,ThanakoT@bot.or.th,ปกติ,จำนวน 1 ถัง ,จำนวน 1 ถัง,11/21/2023 7:29 AM,Thanakon Thotthawin (ธนากร ทศถวิล)
01B08FEX1003,BF2000,10 ปอนด์,อาคาร 8 ชั้น 1 โซน 0 ข้างตู้ระบบไฟฟ้า  ,1/1/2022,สนญ.,TRUE,11/19/2023 12:51 PM,ธนากร ทศถวิล,ThanakoT@bot.or.th,ปกติ,จำนวน 1 ถัง,จำนวน 1 ถัง,11/19/2023 12:51 PM,Thanakon Thotthawin (ธนากร ทศถวิล)
01B08FEX2001,BF2000,10 ปอนด์,อาคาร 8 ชั้น 2 โซน 0 หน้าบันไดขึ้น-ลง ,1/1/2022,สนญ.,TRUE,11/19/2023 12:49 PM,ธนากร ทศถวิล,ThanakoT@bot.or.th,ปกติ,จำนวน 1 ถัง,จำนวน 1 ถัง,11/19/2023 12:49 PM,Thanakon Thotthawin (ธนากร ทศถวิล)
01B08FEX3001,BF2000,15 ปอนด์,อาคาร 8 ชั้น 3 โซน 0 หน้าบันไดขึ้น-ลง ,1/1/2022,สนญ.,TRUE,11/19/2023 12:48 PM,ธนากร ทศถวิล,ThanakoT@bot.or.th,ปกติ,จำนวน 1 ถัง,จำนวน 1 ถัง,11/19/2023 12:48 PM,Thanakon Thotthawin (ธนากร ทศถวิล)
01B08FEX4001,BF2000,15 ปอนด์,อาคาร 8 ชั้น 4 โซน 0 หน้าบันไดขึ้น-ลง  ,1/1/2017,สนญ.,TRUE,11/19/2023 12:46 PM,ธนากร ทศถวิล,ThanakoT@bot.or.th,ปกติ,จำนวน 1 ถัง,จำนวน 1 ถัง,6/14/2024 10:04 AM,Thitipong Suebjak-in (ฐิติพงศ์ สืบจากอินทร์)
01B09FEX1001,BF2000,15 ปอนด์,อาคาร 9 ชั้น 1 โซน 0 เคาน์เตอร์ ปชส.  ,1/1/2017,สนญ.,TRUE,11/19/2023 12:29 PM,ธนากร ทศถวิล,ThanakoT@bot.or.th,ปกติ,จำนวน 1 ถัง ,จำนวน 1 ถัง,11/19/2023 12:29 PM,Thanakon Thotthawin (ธนากร ทศถวิล)
01B09FEX1002,BF2000,15 ปอนด์,อาคาร 9 ชั้น 1 โซน 0 ศูนย์เลี้ยงเด็ก  ห้องเตรียมอาหาร ,1/1/2017,สนญ.,TRUE,11/20/2023 5:55 PM,ธนากร ทศถวิล,ThanakoT@bot.or.th,ปกติ,จำนวน 1 ถัง ,จำนวน 1 ถัง,11/20/2023 5:55 PM,Thanakon Thotthawin (ธนากร ทศถวิล)
01B09FEX1003,BF2000,15 ปอนด์,อาคาร 9 ชั้น 1 โซน 0 ศูนย์เลี้ยงเด็ก ห้องนมแม่ (ข้างโซฟา)  ,1/1/2017,สนญ.,TRUE,11/20/2023 5:57 PM,ธนากร ทศถวิล,ThanakoT@bot.or.th,ปกติ,จำนวน 1 ถัง,จำนวน 1 ถัง,11/20/2023 5:57 PM,Thanakon Thotthawin (ธนากร ทศถวิล)
01B09FEX1004,BF2000,15 ปอนด์,อาคาร 9 ชั้น 1 โซน 0 ศูนย์เลี้ยงเด็ก ห้อง CCTV (ครูดาว) ,1/1/2017,สนญ.,TRUE,11/20/2023 5:53 PM,ธนากร ทศถวิล,ThanakoT@bot.or.th,ปกติ,จำนวน 1 ถัง,จำนวน 1 ถัง,11/20/2023 5:53 PM,Thanakon Thotthawin (ธนากร ทศถวิล)
01B09FEX2001,Dry che,10 ปอนด์,อาคาร 9 ชั้น 2 โซน 0 หน้าบันไดขึ้น-ลง  ,1/1/1994,สนญ.,TRUE,11/19/2023 12:26 PM,ธนากร ทศถวิล,ThanakoT@bot.or.th,จำหน่าย,จำนวน 1 ถัง,จำนวน 1 ถัง,6/21/2024 7:43 AM,Thitipong Suebjak-in (ฐิติพงศ์ สืบจากอินทร์)
01B09FEX3001,Dry che,10 ปอนด์,อาคาร 9 ชั้น 3 โซน 0 หน้าบันไดขึ้น-ลง  ,1/2/1994,สนญ.,TRUE,11/19/2023 12:24 PM,ธนากร ทศถวิล,ThanakoT@bot.or.th,จำหน่าย,จำนวน 1 ถัง,จำนวน 1 ถัง,6/21/2024 7:43 AM,Thitipong Suebjak-in (ฐิติพงศ์ สืบจากอินทร์)
01B09FEX4001,BF2000,10 ปอนด์,อาคาร 9 ชั้น 4 โซน 0 หน้าบันไดขึ้น-ลง  ,1/1/2017,สนญ.,TRUE,11/19/2023 12:22 PM,ธนากร ทศถวิล,ThanakoT@bot.or.th,ปกติ,จำนวน 1 ถัง,จำนวน 1 ถัง,11/19/2023 12:22 PM,Thanakon Thotthawin (ธนากร ทศถวิล)
01B09FEX5001,BF2000,15 ปอนด์,อาคาร 9 ชั้น 5 โซน 0 หน้าบันไดขึ้น-ลง ,1/1/2017,สนญ.,TRUE,11/19/2023 12:18 PM,ธนากร ทศถวิล,ThanakoT@bot.or.th,ปกติ,จำนวน 1 ถัง,จำนวน 1 ถัง,11/19/2023 12:18 PM,Thanakon Thotthawin (ธนากร ทศถวิล)
01BKPFEX1101,Ade2000,15 ปอนด์,วังบางขุนพรหม ชั้น 1 โซน 1 เคาน์เตอร์ ปชส.,1/1/2025,สนญ.,TRUE,11/29/2023 1:32 PM,ประพันธ์ ช้างเผือกโสภณ,PrapanC@bot.or.th,ปกติ,จำนวน 1 ถัง ,จำนวน 1 ถัง,8/10/2026 16:41,Watcharakron Pualek (วัชรกรณ์ พั่วเหล็ก)
01BKPFEX1103,Ade2000,15 ปอนด์,วังบางขุนพรหม ชั้น 1 โซน 1 ห้องบรรยาย,1/1/2025,สนญ.,TRUE,11/29/2023 1:33 PM,ประพันธ์ ช้างเผือกโสภณ,PrapanC@bot.or.th,ปกติ,จำนวน 1 ถัง ,จำนวน 1 ถัง,8/10/2026 16:42,Watcharakron Pualek (วัชรกรณ์ พั่วเหล็ก)
01BKPFEX1104,BF2000,15 ปอนด์,วังบางขุนพรหม ชั้น 1 โซน 1 ประตูทางเชื่อมไปตำหนักสมเด็จ,1/1/2022,สนญ.,TRUE,11/29/2023 1:36 PM,ประพันธ์ ช้างเผือกโสภณ,PrapanC@bot.or.th,จำหน่าย,จำนวน 1 ถัง ,จำนวน 1 ถัง,12/26/2025 3:21 PM,Watcharakron Pualek (วัชรกรณ์ พั่วเหล็ก)
01BKPFEX1201,BF2000,15 ปอนด์,วังบางขุนพรหม ชั้น 1 โซน 2 ในตู้ไม้ใต้บันไดหน้าห้องน้ำ ฝรภ.,1/1/2022,สนญ.,TRUE,11/29/2023 2:02 PM,ประพันธ์ ช้างเผือกโสภณ,PrapanC@bot.or.th,ปกติ,จำนวน 1 ถัง ,จำนวน 1 ถัง,11/29/2023 2:02 PM,Prapan Changphuaksophon (ประพันธ์ ช้างเผือกโสภณ)
01BKPFEX1202,BF2000,15 ปอนด์,วังบางขุนพรหม ชั้น 1 โซน 2 ในตู้ไม้ใต้บันไดหน้าห้องน้ำโถงกลาง,1/1/2017,สนญ.,TRUE,11/29/2023 2:05 PM,ประพันธ์ ช้างเผือกโสภณ,PrapanC@bot.or.th,ปกติ,จำนวน 1 ถัง ,จำนวน 1 ถัง,11/29/2023 2:05 PM,Prapan Changphuaksophon (ประพันธ์ ช้างเผือกโสภณ)
01BKPFEX1203,BF2000,15 ปอนด์,วังบางขุนพรหม ชั้น 1 โซน 2 ประจำห้องควบคุมงาน รปภ.,1/1/2017,สนญ.,TRUE,11/29/2023 2:00 PM,ประพันธ์ ช้างเผือกโสภณ,PrapanC@bot.or.th,ปกติ,จำนวน 1 ถัง ,จำนวน 1 ถัง,11/29/2023 2:00 PM,Prapan Changphuaksophon (ประพันธ์ ช้างเผือกโสภณ)
01BKPFEX1204,BF2000,15 ปอนด์,วังบางขุนพรหม ชั้น 1 โซน 2 ประจำห้องควบคุมงาน รปภ.,1/1/2022,สนญ.,TRUE,11/29/2023 2:01 PM,ประพันธ์ ช้างเผือกโสภณ,PrapanC@bot.or.th,ปกติ,จำนวน 1 ถัง ,จำนวน 1 ถัง,11/29/2023 2:01 PM,Prapan Changphuaksophon (ประพันธ์ ช้างเผือกโสภณ)
01BKPFEX1205,Ade2000,15 ปอนด์,วังบางขุนพรหม ชั้น 1 โซน 2 ในไม้ตู้หน้าห้องประกอบอาหาร,1/1/2025,สนญ.,TRUE,11/29/2023 2:03 PM,ประพันธ์ ช้างเผือกโสภณ,PrapanC@bot.or.th,ปกติ,จำนวน 1 ถัง ,จำนวน 1 ถัง,8/10/2026 16:44,Watcharakron Pualek (วัชรกรณ์ พั่วเหล็ก)
01BKPFEX1206,BF2000,15 ปอนด์,วังบางขุนพรหม ชั้น 1 โซน 2 ในห้องประกอบอาหาร,1/1/2022,สนญ.,TRUE,11/29/2023 2:03 PM,ประพันธ์ ช้างเผือกโสภณ,PrapanC@bot.or.th,ปกติ,จำนวน 1 ถัง ,จำนวน 1 ถัง,11/29/2023 2:03 PM,Prapan Changphuaksophon (ประพันธ์ ช้างเผือกโสภณ)
01BKPFEX1207,BF2000,15 ปอนด์,วังบางขุนพรหม ชั้น 1 โซน 2 บริเวณทางเดินใกล้ประตูทางเชื่อมตำหนักใหญ่,1/1/2022,สนญ.,TRUE,11/29/2023 1:58 PM,ประพันธ์ ช้างเผือกโสภณ,PrapanC@bot.or.th,ปกติ,จำนวน 1 ถัง ,จำนวน 1 ถัง,11/29/2023 1:58 PM,Prapan Changphuaksophon (ประพันธ์ ช้างเผือกโสภณ)
01BKPFEX2101,BF2000,15 ปอนด์,วังบางขุนพรหม ชั้น 2 โซน 1 บริเวณทางเดินหน้าห้องจุมพฏพงษ์ฯ,1/1/2022,สนญ.,TRUE,11/29/2023 1:38 PM,ประพันธ์ ช้างเผือกโสภณ,PrapanC@bot.or.th,ปกติ,จำนวน 1 ถัง ,จำนวน 1 ถัง,11/29/2023 1:38 PM,Prapan Changphuaksophon (ประพันธ์ ช้างเผือกโสภณ)
01BKPFEX2102,BF2000,15 ปอนด์,วังบางขุนพรหม ชั้น 2 โซน 1 ประตูทางเชื่อมไปตำหนักสมเด็จ,1/1/2022,สนญ.,TRUE,11/29/2023 1:40 PM,ประพันธ์ ช้างเผือกโสภณ,PrapanC@bot.or.th,ปกติ,จำนวน 1 ถัง ,จำนวน 1 ถัง,11/29/2023 1:40 PM,Prapan Changphuaksophon (ประพันธ์ ช้างเผือกโสภณ)
01BKPFEX2103,BF2000,15 ปอนด์,วังบางขุนพรหม ชั้น 2 โซน 1 หน้าห้องสีชมพู,1/1/2022,สนญ.,TRUE,11/29/2023 1:39 PM,ประพันธ์ ช้างเผือกโสภณ,PrapanC@bot.or.th,ปกติ,จำนวน 1 ถัง ,จำนวน 1 ถัง,11/29/2023 1:39 PM,Prapan Changphuaksophon (ประพันธ์ ช้างเผือกโสภณ)
01BKPFEX2201,BF2000,15 ปอนด์,วังบางขุนพรหม ชั้น 2 โซน 2 ในไม้ตู้บริเวณห้องรับแขก (บันไดโถงกลาง),1/1/2022,สนญ.,TRUE,11/29/2023 1:54 PM,ประพันธ์ ช้างเผือกโสภณ,PrapanC@bot.or.th,ปกติ,จำนวน 1 ถัง ,จำนวน 1 ถัง,11/29/2023 1:54 PM,Prapan Changphuaksophon (ประพันธ์ ช้างเผือกโสภณ)
01BKPFEX2202,BF2000,15 ปอนด์,วังบางขุนพรหม ชั้น 2 โซน 2 ในตู้ไม้ใต้บันไดเวียนทางขึ้นชั้น3,1/1/2022,สนญ.,TRUE,11/29/2023 1:48 PM,ประพันธ์ ช้างเผือกโสภณ,PrapanC@bot.or.th,ปกติ,จำนวน 1 ถัง ,จำนวน 1 ถัง,11/29/2023 1:49 PM,Prapan Changphuaksophon (ประพันธ์ ช้างเผือกโสภณ)
01BKPFEX2203,BF2000,15 ปอนด์,วังบางขุนพรหม ชั้น 2 โซน 2 ในตู้ไม้หน้าบันไดเวียนทางขึ้นชั้น3,1/1/2023,สนญ.,TRUE,11/29/2023 1:49 PM,ประพันธ์ ช้างเผือกโสภณ,PrapanC@bot.or.th,ปกติ,จำนวน 1 ถัง ,จำนวน 1 ถัง,11/29/2023 1:49 PM,Prapan Changphuaksophon (ประพันธ์ ช้างเผือกโสภณ)
01BKPFEX2204,BF2000,15 ปอนด์,วังบางขุนพรหม ชั้น 2 โซน 2 ในตู้ไม้หน้าห้องจัดเตรียมอาหาร,1/1/2022,สนญ.,TRUE,11/29/2023 1:51 PM,ประพันธ์ ช้างเผือกโสภณ,PrapanC@bot.or.th,ปกติ,จำนวน 1 ถัง ,จำนวน 1 ถัง,11/29/2023 1:51 PM,Prapan Changphuaksophon (ประพันธ์ ช้างเผือกโสภณ)
01BKPFEX2205,BF2000,15 ปอนด์,วังบางขุนพรหม ชั้น 2 โซน 2 ในห้องจัดเตรียมอาหาร,1/1/2022,สนญ.,TRUE,11/29/2023 1:52 PM,ประพันธ์ ช้างเผือกโสภณ,PrapanC@bot.or.th,ปกติ,จำนวน 1 ถัง ,จำนวน 1 ถัง,11/29/2023 1:52 PM,Prapan Changphuaksophon (ประพันธ์ ช้างเผือกโสภณ)
01BKPFEX3101,BF2000,15 ปอนด์,วังบางขุนพรหม ชั้น 3 โซน 1 ภายในห้องติดตั้ง FM 200,1/1/2022,สนญ.,TRUE,11/29/2023 1:44 PM,ประพันธ์ ช้างเผือกโสภณ,PrapanC@bot.or.th,ปกติ,จำนวน 1 ถัง ,จำนวน 1 ถัง,11/29/2023 1:44 PM,Prapan Changphuaksophon (ประพันธ์ ช้างเผือกโสภณ)
01BKPFEX3102,BF2000,15 ปอนด์,วังบางขุนพรหม ชั้น 3 โซน 1 ข้างพระสยาม(มุมห้องพระ) ,1/1/2022,สนญ.,TRUE,11/29/2023 1:45 PM,ประพันธ์ ช้างเผือกโสภณ,PrapanC@bot.or.th,ปกติ,จำนวน 1 ถัง ,จำนวน 1 ถัง,6/21/2024 1:31 PM,Thitipong Suebjak-in (ฐิติพงศ์ สืบจากอินทร์)
01BTV1003,BF2000,15 ปอนด์,วังเทวะเวสม์ ชั้น 1 โซน 0 ตู้ FHC หน้าห้องน้ำ ,1/1/2021,สนญ.,TRUE,11/30/2023 11:04 AM,ธนาธิป นงค์นวล,ThanathN@bot.or.th,ปกติ,จำนวน 1 ถัง ,จำนวน 1 ถัง,11/30/2023 11:04 AM,ธนาธิป นงค์นวล
01BTV2003,BF2000,15 ปอนด์,วังเทวะเวสม์ ชั้น 2 โซน 0 ตู้ FHC หน้าห้องน้ำ ,1/1/2021,สนญ.,TRUE,11/30/2023 11:05 AM,ธนาธิป นงค์นวล,ThanathN@bot.or.th,ปกติ,จำนวน 1 ถัง ,จำนวน 1 ถัง,11/30/2023 11:05 AM,ธนาธิป นงค์นวล
01BTV2004,BF2000,15 ปอนด์,วังเทวะเวสม์ ชั้น 2 โซน 0 หน้าบันได,1/1/2021,สนญ.,TRUE,11/30/2023 11:05 AM,ธนาธิป นงค์นวล,ThanathN@bot.or.th,ปกติ,จำนวน 1 ถัง ,จำนวน 1 ถัง,11/30/2023 11:05 AM,ธนาธิป นงค์นวล
01BTV3003,BF2000,15 ปอนด์,วังเทวะเวสม์ ชั้น 3 โซน 0 ตู้ไม้ขาตั้ง,1/1/2021,สนญ.,TRUE,11/30/2023 11:05 AM,ธนาธิป นงค์นวล,ThanathN@bot.or.th,ปกติ,จำนวน 1 ถัง ,จำนวน 1 ถัง,11/30/2023 11:05 AM,ธนาธิป นงค์นวล
01BTV3004,BF2000,15 ปอนด์,วังเทวะเวสม์ ชั้น 3 โซน 0 ตู้ FHC หน้าห้องน้ำ ,1/1/2021,สนญ.,TRUE,11/30/2023 11:06 AM,ธนาธิป นงค์นวล,ThanathN@bot.or.th,ปกติ,จำนวน 1 ถัง ,จำนวน 1 ถัง,11/30/2023 11:06 AM,ธนาธิป นงค์นวล
01BTV3005,BF2000,15 ปอนด์,วังเทวะเวสม์ ชั้น 3 โซน 0 ตู้ไม้ขาตั้ง หน้าห้องน้ำ,1/1/2021,สนญ.,TRUE,11/30/2023 11:06 AM,ธนาธิป นงค์นวล,ThanathN@bot.or.th,ปกติ,จำนวน 1 ถัง ,จำนวน 1 ถัง,11/30/2023 11:06 AM,ธนาธิป นงค์นวล
01BTV3006,BF2000,15 ปอนด์,วังเทวะเวสม์ ชั้น 3 โซน 0 ตู้ไม้ขาตั้ง หน้าห้องน้ำ,1/1/2021,สนญ.,TRUE,11/30/2023 11:06 AM,ธนาธิป นงค์นวล,ThanathN@bot.or.th,ปกติ,จำนวน 1 ถัง ,จำนวน 1 ถัง,11/30/2023 11:06 AM,ธนาธิป นงค์นวล
01BRPFEX1001,BF2000,15 ปอนด์,เรือนแพ ชั้น 1 โซน 0 ประตูทางเข้าเรือนแพ,1/1/2022,สนญ.,TRUE,12/1/2023 14:02,ประพันธ์ ช้างเผือกโสภณ,PrapanC@bot.or.th,จำหน่าย,จำนวน 1 ถัง ,จำนวน 1 ถัง,12/26/2025 3:22 PM,Watcharakron Pualek (วัชรกรณ์ พั่วเหล็ก)
01BRPFEX1002,BF2000,15 ปอนด์,เรือนแพ ชั้น 1 โซน 0 ในห้องจัดเตรียมอาหาร,1/1/2021,สนญ.,TRUE,12/1/2023 14:03,ประพันธ์ ช้างเผือกโสภณ,PrapanC@bot.or.th,ปกติ,จำนวน 1 ถัง ,จำนวน 1 ถัง,12/1/2023 14:03,Prapan Changphuaksophon (ประพันธ์ ช้างเผือกโสภณ)
01BRPFEX1003,BF2000,15 ปอนด์,เรือนแพ ชั้น 1 โซน 0 ในห้องจัดเตรียมอาหาร,1/1/2021,สนญ.,TRUE,12/4/2023 8:08,ประพันธ์ ช้างเผือกโสภณ,PrapanC@bot.or.th,ปกติ,จำนวน 1 ถัง ,จำนวน 1 ถัง,12/4/2023 8:08,Prapan Changphuaksophon (ประพันธ์ ช้างเผือกโสภณ)
01BRPFEX1004,BF2000,15 ปอนด์,เรือนแพ ชั้น 1 โซน 0 ตู้ไม้ขาตั้งหน้าห้องรับแขก ,1/1/2022,สนญ.,TRUE,12/1/2023 14:05,ประพันธ์ ช้างเผือกโสภณ,PrapanC@bot.or.th,ปกติ,จำนวน 1 ถัง ,จำนวน 1 ถัง,12/1/2023 14:05,Prapan Changphuaksophon (ประพันธ์ ช้างเผือกโสภณ)
01BMCFEX1101,ABFFC,15 ปอนด์,การกำลัง ชั้น 1 โซน 1 หน้าห้องทีมยานฯ ,1/1/2015,สนญ.,TRUE,12/1/2023 13:54,ประพันธ์ ช้างเผือกโสภณ,PrapanC@bot.or.th,ปกติ,จำนวน 1 ถัง  ,จำนวน 1 ถัง,12/1/2023 13:54,Prapan Changphuaksophon (ประพันธ์ ช้างเผือกโสภณ)
01BMCFEX1102,BF2000,15 ปอนด์,การกำลัง ชั้น 1 โซน 1 หน้าห้องทีมยานฯ  ,1/1/2022,สนญ.,TRUE,12/1/2023 13:54,ประพันธ์ ช้างเผือกโสภณ,PrapanC@bot.or.th,ปกติ,จำนวน 1 ถัง ,จำนวน 1 ถัง,6/21/2024 1:55 PM,Thitipong Suebjak-in (ฐิติพงศ์ สืบจากอินทร์)
01BMCFEX2101,BF2000,15 ปอนด์,การกำลัง ชั้น 2 โซน 1 ตู้เก็บถังดับเพลิง หน้าบันไดทางขึ้น,1/1/2022,สนญ.,TRUE,12/1/2023 13:48,ประพันธ์ ช้างเผือกโสภณ,PrapanC@bot.or.th,ปกติ,จำนวน 1 ถัง,จำนวน 1 ถัง,6/21/2024 1:56 PM,Thitipong Suebjak-in (ฐิติพงศ์ สืบจากอินทร์)
01BMCFEX2102,BF2000,15 ปอนด์,การกำลัง ชั้น 2 โซน 1 ตู้เก็บถังดับเพลิง หน้าบันไดทางขึ้น,1/1/2022,สนญ.,TRUE,12/1/2023 13:48,ประพันธ์ ช้างเผือกโสภณ,PrapanC@bot.or.th,ปกติ,จำนวน 1 ถัง,จำนวน 1 ถัง,6/21/2024 1:56 PM,Thitipong Suebjak-in (ฐิติพงศ์ สืบจากอินทร์)
01BMCFEX2103,ABFFC,50 ปอนด์,การกำลัง ชั้น 2 โซน 1 หน้าบันได (มีล้อลาก),1/1/2013,สนญ.,TRUE,12/1/2023 13:47,ประพันธ์ ช้างเผือกโสภณ,PrapanC@bot.or.th,ปกติ,จำนวน 1 ถัง,จำนวน 1 ถัง,12/1/2023 13:47,Prapan Changphuaksophon (ประพันธ์ ช้างเผือกโสภณ)
01BMCFEX1201,ABFFC,15 ปอนด์,ในโรงซอยกระดาษ (หน้าห้องน้ำ),1/1/2015,สนญ.,TRUE,12/1/2023 13:44,ประพันธ์ ช้างเผือกโสภณ,PrapanC@bot.or.th,จำหน่าย,จำนวน 1 ถัง  ,จำนวน 1 ถัง,12/26/2025 3:23 PM,Watcharakron Pualek (วัชรกรณ์ พั่วเหล็ก)
01BMCFEX1202,BF2000,15 ปอนด์,ในโรงซอยกระดาษ  ,1/1/2016,สนญ.,TRUE,12/1/2023 13:43,ประพันธ์ ช้างเผือกโสภณ,PrapanC@bot.or.th,จำหน่าย,จำนวน 1 ถัง ,จำนวน 1 ถัง,12/26/2025 3:24 PM,Watcharakron Pualek (วัชรกรณ์ พั่วเหล็ก)
01CLCAFEXB2MUSEUM01,BF2000,15 ปอนด์,อาคาร A ชั้น B2 โซน MUSEUM หน้าลิฟท์(3-4)ทางเข้าห้องจัดแสดง พพภ.,1/1/2019,สนญ.,TRUE,11/30/2023 10:11 AM,ประพันธ์ ช้างเผือกโสภณ,PrapanC@bot.or.th,ปกติ,ตู้ FHC จำนวน 1 ถัง,ตู้ FHC จำนวน 1 ถัง,11/30/2023 10:11 AM,Prapan Changphuaksophon (ประพันธ์ ช้างเผือกโสภณ)
01CLCAFEXB1MUSEUM01,BF2000,15 ปอนด์,อาคาร A ชั้น B1 โซน MUSEUM หน้าลิฟท์(3-4)ทางเข้าห้องจัดแสดง พพภ.,1/1/2019,สนญ.,TRUE,11/30/2023 10:09 AM,ประพันธ์ ช้างเผือกโสภณ,PrapanC@bot.or.th,ปกติ,ตู้ FHC จำนวน 1 ถัง,ตู้ FHC จำนวน 1 ถัง,11/30/2023 10:09 AM,Prapan Changphuaksophon (ประพันธ์ ช้างเผือกโสภณ)
01CLCAFEXFL1MUSEUM01,BF2000,15 ปอนด์,อาคาร A ชั้น FL.1 โซน MUSEUM หน้าลิฟท์(3-4)ทางเข้าห้องจัดแสดง พพภ.,1/1/2019,สนญ.,TRUE,11/30/2023 10:08 AM,ประพันธ์ ช้างเผือกโสภณ,PrapanC@bot.or.th,ปกติ,ตู้ FHC จำนวน 1 ถัง,ตู้ FHC จำนวน 1 ถัง,11/30/2023 10:08 AM,Prapan Changphuaksophon (ประพันธ์ ช้างเผือกโสภณ)
01CLCAFEXFL2MUSEUM01,BF2000,15 ปอนด์,อาคาร A ชั้น FL.2 โซน MUSEUM หน้าลิฟท์(3-4)ทางเข้าห้องจัดแสดง พพภ.,1/1/2019,สนญ.,TRUE,11/30/2023 10:06 AM,ประพันธ์ ช้างเผือกโสภณ,PrapanC@bot.or.th,ปกติ,ตู้ FHC จำนวน 1 ถัง,ตู้ FHC จำนวน 1 ถัง,11/30/2023 10:06 AM,Prapan Changphuaksophon (ประพันธ์ ช้างเผือกโสภณ)
01CLCAFEXFL2MUSEUM02,BF2000,15 ปอนด์,อาคาร A ชั้น FL.2 โซน MUSEUM ห้องจัดแสดงเครื่องพิมพ์ธนบัตรเก่า,1/1/2019,สนญ.,TRUE,11/30/2023 10:05 AM,ประพันธ์ ช้างเผือกโสภณ,PrapanC@bot.or.th,ปกติ,ตู้ FHC จำนวน 1 ถัง,ตู้ FHC จำนวน 1 ถัง,11/30/2023 10:05 AM,Prapan Changphuaksophon (ประพันธ์ ช้างเผือกโสภณ)
01CLCAFEX1001,BF2000,15 ปอนด์,อาคาร A ชั้น 1 โซน 0 ประตูหนีไฟ หน้าห้องน้ำ,1/1/2021,สนญ.,TRUE,12/4/2023 8:11,ประพันธ์ ช้างเผือกโสภณ,PrapanC@bot.or.th,ปกติ,ตู้ FHC จำนวน 1 ถัง,ตู้ FHC จำนวน 1 ถัง,12/4/2023 8:11,Prapan Changphuaksophon (ประพันธ์ ช้างเผือกโสภณ)
01CLCAFEX1002,BF2000,15 ปอนด์,อาคาร A ชั้น 1 โซน 0 ตรงข้าม ห้องค้นคว้าจดหมายเหตุ,1/1/2019,สนญ.,TRUE,11/30/2023 10:19 AM,ประพันธ์ ช้างเผือกโสภณ,PrapanC@bot.or.th,ปกติ,ตู้ FHC จำนวน 1 ถัง,ตู้ FHC จำนวน 1 ถัง,11/30/2023 10:19 AM,Prapan Changphuaksophon (ประพันธ์ ช้างเผือกโสภณ)
01CLCAFEX1003,BF2000,15 ปอนด์,อาคาร A ชั้น 1 โซน 0 ตรงข้ามตู้ ATM,1/1/2021,สนญ.,TRUE,11/30/2023 10:15 AM,ประพันธ์ ช้างเผือกโสภณ,PrapanC@bot.or.th,ปกติ,ตู้ FHCจำนวน 1 ถัง,ตู้ FHCจำนวน 1 ถัง,11/30/2023 10:15 AM,Prapan Changphuaksophon (ประพันธ์ ช้างเผือกโสภณ)
01CLCAFEX1004,BF2000,15 ปอนด์,อาคาร A ชั้น 1 โซน 0 โซนจัดแสดง หน้าร้านขายของที่ระลึก,1/1/2019,สนญ.,TRUE,11/30/2023 10:18 AM,ประพันธ์ ช้างเผือกโสภณ,PrapanC@bot.or.th,ปกติ,ตู้ FHC จำนวน 1 ถัง,ตู้ FHC จำนวน 1 ถัง,11/30/2023 10:18 AM,Prapan Changphuaksophon (ประพันธ์ ช้างเผือกโสภณ)
01CLCAFEX1005,BF2000,15 ปอนด์,อาคาร A ชั้น 1 โซน 0 ทางเดินประตูหนีไฟ ด้านหลังร้านกาแฟ,1/1/2021,สนญ.,TRUE,11/30/2023 10:16 AM,ประพันธ์ ช้างเผือกโสภณ,PrapanC@bot.or.th,ปกติ,ตู้ FHC จำนวน 1 ถัง,ตู้ FHC จำนวน 1 ถัง,11/30/2023 10:16 AM,Prapan Changphuaksophon (ประพันธ์ ช้างเผือกโสภณ)
01CLCAFEX1006,Dry che,15 ปอนด์,อาคาร A ชั้น 1 โซน 0 ทางเดิน ห้องวัตถุพิพิธภัณฑ์ ,1/1/2017,สนญ.,TRUE,11/30/2023 10:27 AM,ประพันธ์ ช้างเผือกโสภณ,PrapanC@bot.or.th,ปกติ,ตู้ FHC จำนวน 1 ถัง,ตู้ FHC จำนวน 1 ถัง,11/30/2023 10:27 AM,Prapan Changphuaksophon (ประพันธ์ ช้างเผือกโสภณ)
01CLCAFEX1007,BF2000,15 ปอนด์,อาคาร A ชั้น 1 โซน 0 ทางเดิน ห้องวัตถุพิพิธภัณฑ์ ,1/1/2018,สนญ.,TRUE,11/30/2023 10:27 AM,ประพันธ์ ช้างเผือกโสภณ,PrapanC@bot.or.th,ปกติ,ตู้ FHC จำนวน 1 ถัง,ตู้ FHC จำนวน 1 ถัง,11/30/2023 10:27 AM,Prapan Changphuaksophon (ประพันธ์ ช้างเผือกโสภณ)
01CLCAFEX1008,BF2000,15 ปอนด์,อาคาร A ชั้น 1 โซน 0 ทางเดิน ห้องวัตถุพิพิธภัณฑ์ ,1/1/2018,สนญ.,TRUE,11/30/2023 10:27 AM,ประพันธ์ ช้างเผือกโสภณ,PrapanC@bot.or.th,ปกติ,ตู้ FHC จำนวน 1 ถัง,ตู้ FHC จำนวน 1 ถัง,11/30/2023 10:27 AM,Prapan Changphuaksophon (ประพันธ์ ช้างเผือกโสภณ)
01CLCAFEX1009,BF2000,15 ปอนด์,อาคาร A ชั้น 1 โซน 0 ในห้องทำงาน ส่วนจัดหาและอำนวยการ ฝสร.,1/1/2021,สนญ.,TRUE,12/4/2023 8:12,ประพันธ์ ช้างเผือกโสภณ,PrapanC@bot.or.th,ปกติ,จำนวน 1 ถัง,จำนวน 1 ถัง,12/4/2023 8:12,Prapan Changphuaksophon (ประพันธ์ ช้างเผือกโสภณ)
01CLCAFEX1010,BF2000,15 ปอนด์,อาคาร A ชั้น 1 โซน 0 ในห้องทำงาน ส่วนจัดหาและอำนวยการ ฝสร.,1/1/2021,สนญ.,TRUE,11/30/2023 10:25 AM,ประพันธ์ ช้างเผือกโสภณ,PrapanC@bot.or.th,ปกติ,จำนวน 1 ถัง,จำนวน 1 ถัง,11/30/2023 10:25 AM,Prapan Changphuaksophon (ประพันธ์ ช้างเผือกโสภณ)
01CLCAFEX1011,Dry che,15 ปอนด์,อาคาร A ชั้น 1 โซน 0 ข้างลิฟท์(5) ฝสร. สามพระยา 2 ,1/1/2017,สนญ.,TRUE,11/30/2023 10:31 AM,ประพันธ์ ช้างเผือกโสภณ,PrapanC@bot.or.th,ปกติ,ตู้ FHC จำนวน 1 ถัง,ตู้ FHC จำนวน 1 ถัง,11/30/2023 10:31 AM,Prapan Changphuaksophon (ประพันธ์ ช้างเผือกโสภณ)
01CLCAFEX2001,BF2000,15 ปอนด์,อาคาร A ชั้น 2 โซน 0 ตรงข้าม เคาท์เตอร์ประชาสัมพันธ์ ฝสร. ,1/1/2021,สนญ.,TRUE,11/21/2023 10:33 AM,ฐิติพงศ์ สืบจากอินทร์,ThitipoS@bot.or.th,ปกติ,ตู้ FHC จำนวน 1 ถัง,ตู้ FHC จำนวน 1 ถัง,11/21/2023 10:33 AM,Thitipong Suebjak-in (ฐิติพงศ์ สืบจากอินทร์)
01CLCAFEX2002,Ade2000,15 ปอนด์,อาคาร A ชั้น 2 โซน 0 ภายในห้องสมุด ทางเข้าห้อง Staff,1/1/2024,สนญ.,TRUE,11/21/2023 10:37 AM,ฐิติพงศ์ สืบจากอินทร์,ThitipoS@bot.or.th,ปกติ,ตู้ FHC จำนวน 1 ถัง,ตู้ FHC จำนวน 1 ถัง,3/30/2026 2:01 PM,Watcharakron Pualek (วัชรกรณ์ พั่วเหล็ก)
01CLCAFEX2003,BF2000,15 ปอนด์,อาคาร A ชั้น 2 โซน 0 ภายในห้องสมุด ด้านข้างประตูหนีไฟ,1/1/2021,สนญ.,TRUE,11/21/2023 10:39 AM,ฐิติพงศ์ สืบจากอินทร์,ThitipoS@bot.or.th,ปกติ,ตู้ FHC จำนวน 1 ถัง,ตู้ FHC จำนวน 1 ถัง,11/21/2023 10:40 AM,Thitipong Suebjak-in (ฐิติพงศ์ สืบจากอินทร์)
01CLCAFEX2004,BF2000,15 ปอนด์,อาคาร A ชั้น 2 โซน 0 ลานป๋วย ฯ ด้านข้างบันไดลงชั้น 1,1/1/2021,สนญ.,TRUE,11/21/2023 10:42 AM,ฐิติพงศ์ สืบจากอินทร์,ThitipoS@bot.or.th,ปกติ,ตู้ FHC จำนวน 1 ถัง,ตู้ FHC จำนวน 1 ถัง,11/21/2023 10:42 AM,Thitipong Suebjak-in (ฐิติพงศ์ สืบจากอินทร์)
01CLCAFEX2005,BF2000,15 ปอนด์,อาคาร A ชั้น 2 โซน 0 ลานป๋วย ฯ ด้านข้างบันไดหนีไฟ ,1/1/2021,สนญ.,TRUE,11/21/2023 10:45 AM,ฐิติพงศ์ สืบจากอินทร์,ThitipoS@bot.or.th,ปกติ,ตู้ FHC จำนวน 1 ถัง,ตู้ FHC จำนวน 1 ถัง,11/21/2023 10:45 AM,Thitipong Suebjak-in (ฐิติพงศ์ สืบจากอินทร์)
01CLCAFEX3001,BF2000,15 ปอนด์,อาคาร A ชั้น 3 โซน 0 ห้องสมุด ข้างประตูหนีไฟหน้าห้อง Staff,1/1/2021,สนญ.,TRUE,11/30/2023 10:37 AM,ประพันธ์ ช้างเผือกโสภณ,PrapanC@bot.or.th,ปกติ,ตู้ FHC จำนวน 1 ถัง,ตู้ FHC จำนวน 1 ถัง,10/8/2024 12:17,Thitipong Suebjak-in (ฐิติพงศ์ สืบจากอินทร์)
01CLCAFEX3002,BF2000,15 ปอนด์,อาคาร A ชั้น 3 โซน 0 ห้องสมุด หน้าทางเข้าห้องน้ำ,1/1/2021,สนญ.,TRUE,11/30/2023 10:39 AM,ประพันธ์ ช้างเผือกโสภณ,PrapanC@bot.or.th,ปกติ,ตู้ FHC จำนวน 1 ถัง,ตู้ FHC จำนวน 1 ถัง,10/8/2024 12:17,Thitipong Suebjak-in (ฐิติพงศ์ สืบจากอินทร์)
01CLCAFEX3003,BF2000,15 ปอนด์,อาคาร A ชั้น 3 โซน 0 ห้องสมุด ภายในห้องมั่นคงเก่า ,1/1/2021,สนญ.,TRUE,11/30/2023 10:40 AM,ประพันธ์ ช้างเผือกโสภณ,PrapanC@bot.or.th,ปกติ,ตู้ FHC จำนวน 1 ถัง,ตู้ FHC จำนวน 1 ถัง,11/30/2023 10:40 AM,Prapan Changphuaksophon (ประพันธ์ ช้างเผือกโสภณ)
01CLCAFEX3004,BF2000,15 ปอนด์,อาคาร A ชั้น 3 โซน 0 ห้องสมุด ด้านข้างห้อง IDEA BOX,1/1/2021,สนญ.,TRUE,11/30/2023 10:41 AM,ประพันธ์ ช้างเผือกโสภณ,PrapanC@bot.or.th,ปกติ,ตู้ FHC จำนวน 1 ถัง,ตู้ FHC จำนวน 1 ถัง,11/30/2023 10:41 AM,Prapan Changphuaksophon (ประพันธ์ ช้างเผือกโสภณ)
01CLCAFEX4001,BF2000,15 ปอนด์,อาคาร A ชั้น 5 โซน 0 หน้าประตูหนีไฟโถงหน้าห้องประชุม @ BOT,1/1/2021,สนญ.,TRUE,11/30/2023 10:44 AM,ประพันธ์ ช้างเผือกโสภณ,PrapanC@bot.or.th,ปกติ,ตู้ FHC จำนวน 1 ถัง,ตู้ FHC จำนวน 1 ถัง,11/30/2023 10:44 AM,Prapan Changphuaksophon (ประพันธ์ ช้างเผือกโสภณ)
01CLCAFEX4002,BF2000,15 ปอนด์,อาคาร A ชั้น 5 โซน 0 โถงหน้าห้องประชุม @ BOT,1/1/2021,สนญ.,TRUE,11/30/2023 10:44 AM,ประพันธ์ ช้างเผือกโสภณ,PrapanC@bot.or.th,ปกติ,ตู้ FHC จำนวน 1 ถัง,ตู้ FHC จำนวน 1 ถัง,11/30/2023 10:44 AM,Prapan Changphuaksophon (ประพันธ์ ช้างเผือกโสภณ)
01CLCAFEX4003,BF2000,15 ปอนด์,อาคาร A ชั้น 5 โซน 0 หน้าห้องน้ำโถงห้องประชุม @ BOT,1/1/2021,สนญ.,TRUE,11/30/2023 10:44 AM,ประพันธ์ ช้างเผือกโสภณ,PrapanC@bot.or.th,ปกติ,ตู้ FHC จำนวน 1 ถัง,ตู้ FHC จำนวน 1 ถัง,11/30/2023 10:44 AM,Prapan Changphuaksophon (ประพันธ์ ช้างเผือกโสภณ)
01CLCBFEX1001,BF2000,15 ปอนด์,อาคาร B ชั้น 1 โซน 0 ห้องควบคุม บก.สามพระยา,1/1/2016,สนญ.,TRUE,11/21/2023 9:09 AM,ฐิติพงศ์ สืบจากอินทร์,ThitipoS@bot.or.th,ปกติ,จำนวน 1 ถัง,จำนวน 1 ถัง,11/21/2023 9:09 AM,Thitipong Suebjak-in (ฐิติพงศ์ สืบจากอินทร์)
01CLCBFEX1002,BF2000,15 ปอนด์,อาคาร B ชั้น 1 โซน 0 ห้องควบคุม บก.สามพระยา,1/1/2016,สนญ.,TRUE,11/21/2023 9:10 AM,ฐิติพงศ์ สืบจากอินทร์,ThitipoS@bot.or.th,ปกติ,จำนวน 1 ถัง,จำนวน 1 ถัง,11/21/2023 9:10 AM,Thitipong Suebjak-in (ฐิติพงศ์ สืบจากอินทร์)
01CLCBFEX1003,BF2000,15 ปอนด์,อาคาร B ชั้น 1 โซน 0 หน้าลิฟท์(8)ขนของ ออกลานจอดรถ(อาคารC),1/1/2021,สนญ.,TRUE,11/21/2023 9:49 AM,ฐิติพงศ์ สืบจากอินทร์,ThitipoS@bot.or.th,ปกติ,ตู้ FHC จำนวน 1 ถัง,ตู้ FHC จำนวน 1 ถัง,11/21/2023 9:49 AM,Thitipong Suebjak-in (ฐิติพงศ์ สืบจากอินทร์)
01CLCBFEX1004,BF2000,15 ปอนด์,อาคาร B ชั้น 1 โซน 0 หน้าห้องควบคุม ฝรภ.,1/1/2019,สนญ.,TRUE,11/21/2023 9:46 AM,ฐิติพงศ์ สืบจากอินทร์,ThitipoS@bot.or.th,ปกติ,ตู้ FHC จำนวน 1 ถัง,ตู้ FHC จำนวน 1 ถัง,11/21/2023 9:46 AM,Thitipong Suebjak-in (ฐิติพงศ์ สืบจากอินทร์)
01CLCBFEX2001,BF2000,15 ปอนด์,อาคาร B ชั้น 2 โซน 0 หน้าลิฟท์(8)ขนของ,1/1/2019,สนญ.,TRUE,11/21/2023 9:50 AM,ฐิติพงศ์ สืบจากอินทร์,ThitipoS@bot.or.th,ปกติ,ตู้ FHC จำนวน 1 ถัง,ตู้ FHC จำนวน 1 ถัง,11/21/2023 9:50 AM,Thitipong Suebjak-in (ฐิติพงศ์ สืบจากอินทร์)
01CLCBFEX2002,BF2000,15 ปอนด์,อาคาร B ชั้น 2 โซน 0 ประตูหนีไฟ หน้าห้องชมรมเทเบิลเทนนิส,1/1/2021,สนญ.,TRUE,11/21/2023 10:26 AM,ฐิติพงศ์ สืบจากอินทร์,ThitipoS@bot.or.th,ปกติ,ตู้ FHC จำนวน 1 ถัง,ตู้ FHC จำนวน 1 ถัง,11/21/2023 10:26 AM,Thitipong Suebjak-in (ฐิติพงศ์ สืบจากอินทร์)
01CLCBFEX3001,BF2000,15 ปอนด์,อาคาร B ชั้น 3 โซน 0 หน้าลิฟท์(8)ขนของ,1/1/2019,สนญ.,TRUE,11/21/2023 9:52 AM,ฐิติพงศ์ สืบจากอินทร์,ThitipoS@bot.or.th,ปกติ,ตู้ FHC จำนวน 1 ถัง,ตู้ FHC จำนวน 1 ถัง,11/21/2023 9:52 AM,Thitipong Suebjak-in (ฐิติพงศ์ สืบจากอินทร์)
01CLCBFEX3002,BF2000,15 ปอนด์,อาคาร B ชั้น 3 โซน 0 ประตูหนีไฟ หน้าห้อง อกสพ. กีฬา,1/1/2019,สนญ.,TRUE,11/21/2023 10:23 AM,ฐิติพงศ์ สืบจากอินทร์,ThitipoS@bot.or.th,ปกติ,ตู้ FHC จำนวน 1 ถัง,ตู้ FHC จำนวน 1 ถัง,11/21/2023 10:23 AM,Thitipong Suebjak-in (ฐิติพงศ์ สืบจากอินทร์)
01CLCBFEX4001,BF2000,15 ปอนด์,อาคาร B ชั้น 4 โซน 0 หน้าลิฟท์(8)ขนของ,1/1/2021,สนญ.,TRUE,11/21/2023 9:57 AM,ฐิติพงศ์ สืบจากอินทร์,ThitipoS@bot.or.th,ปกติ,ตู้ FHC จำนวน 1 ถัง ,ตู้ FHC จำนวน 1 ถัง,11/21/2023 9:57 AM,Thitipong Suebjak-in (ฐิติพงศ์ สืบจากอินทร์)
01CLCBFEX4002,BF2000,15 ปอนด์,อาคาร B ชั้น 4 โซน 0 ภายในห้องฟิตเนส,1/1/2019,สนญ.,TRUE,11/21/2023 10:14 AM,ฐิติพงศ์ สืบจากอินทร์,ThitipoS@bot.or.th,ปกติ,ตู้ FHC จำนวน 1 ถัง,ตู้ FHC จำนวน 1 ถัง,11/21/2023 10:14 AM,Thitipong Suebjak-in (ฐิติพงศ์ สืบจากอินทร์)
01CLCBFEX4003,BF2000,10 ปอนด์,อาคาร B ชั้น 4 โซน 0 หน้าทางเข้าสนามกีฬา,1/1/2022,สนญ.,TRUE,11/21/2023 10:16 AM,ฐิติพงศ์ สืบจากอินทร์,ThitipoS@bot.or.th,ปกติ,ตู้ FHC จำนวน 1 ถัง,ตู้ FHC จำนวน 1 ถัง,11/21/2023 10:16 AM,Thitipong Suebjak-in (ฐิติพงศ์ สืบจากอินทร์)
01CLCBFEX4004,Dry che,15 ปอนด์,อาคาร B ชั้น 4 โซน 0 หลังสนามบาส ,1/1/2017,สนญ.,TRUE,11/21/2023 10:19 AM,ฐิติพงศ์ สืบจากอินทร์,ThitipoS@bot.or.th,จำหน่าย,ตู้ FHC จำนวน 1 ถัง,ตู้ FHC จำนวน 1 ถัง,12/26/2025 4:17 PM,Watcharakron Pualek (วัชรกรณ์ พั่วเหล็ก)
01CLCBFEX5001,BF2000,15 ปอนด์,อาคาร B ชั้น 5 โซน 0 หน้าห้องครัวจัดเลี้ยง ,1/1/2019,สนญ.,TRUE,11/21/2023 10:05 AM,ฐิติพงศ์ สืบจากอินทร์,ThitipoS@bot.or.th,ปกติ,ตู้ FHC จำนวน 1 ถัง,ตู้ FHC จำนวน 1 ถัง,11/21/2023 10:05 AM,Thitipong Suebjak-in (ฐิติพงศ์ สืบจากอินทร์)
01CLCBFEX5002,BF2000,15 ปอนด์,อาคาร B ชั้น 5 โซน 0 หน้าลิฟท์(8)ขนของ ,1/1/2019,สนญ.,TRUE,11/21/2023 9:59 AM,ฐิติพงศ์ สืบจากอินทร์,ThitipoS@bot.or.th,ปกติ,ตู้ FHC จำนวน 1 ถัง ,ตู้ FHC จำนวน 1 ถัง,11/21/2023 9:59 AM,Thitipong Suebjak-in (ฐิติพงศ์ สืบจากอินทร์)
01CLCBFEX5003,BF2000,15 ปอนด์,อาคาร B ชั้น 5 โซน 0 ประตูหนีไฟ ห้องบรรยาย (Auditorium),1/1/2021,สนญ.,TRUE,11/21/2023 10:07 AM,ฐิติพงศ์ สืบจากอินทร์,ThitipoS@bot.or.th,ปกติ,ตู้ FHC จำนวน 1 ถัง ,ตู้ FHC จำนวน 1 ถัง,11/21/2023 10:07 AM,Thitipong Suebjak-in (ฐิติพงศ์ สืบจากอินทร์)
01CLCBFEX5004,BF2000,15 ปอนด์,อาคาร B ชั้น 5 โซน 0 ช่องทางขึ้นดาดฟ้า ,1/1/2019,สนญ.,TRUE,11/21/2023 10:09 AM,ฐิติพงศ์ สืบจากอินทร์,ThitipoS@bot.or.th,ปกติ,ตู้ FHC จำนวน 1 ถัง ,ตู้ FHC จำนวน 1 ถัง,11/21/2023 10:09 AM,Thitipong Suebjak-in (ฐิติพงศ์ สืบจากอินทร์)
01CLCBFEX5005,Wet Chemical,6 ลิตร,อาคาร B ชั้น 5 โซน 0 ในห้องครัวจัดเลี้ยง ,1/1/2016,สนญ.,TRUE,11/21/2023 10:11 AM,ฐิติพงศ์ สืบจากอินทร์,ThitipoS@bot.or.th,ปกติ,จำนวน 1 ถัง ,จำนวน 1 ถัง,11/21/2023 10:11 AM,Thitipong Suebjak-in (ฐิติพงศ์ สืบจากอินทร์)
01CLCCFEX1001,BF2000,15 ปอนด์,อาคาร C ชั้น 1 โซน 0 ตู้แขวนผนัง (ตู้1) ห้องเก็บก๊าซหุ้งต้ม,1/1/2018,สนญ.,TRUE,12/4/2023 8:05,ประพันธ์ ช้างเผือกโสภณ,PrapanC@bot.or.th,ปกติ,จำนวน 1 ถัง ,จำนวน 1 ถัง,12/4/2023 8:05,Prapan Changphuaksophon (ประพันธ์ ช้างเผือกโสภณ)
01CLCCFEX1002,BF2000,15 ปอนด์,อาคาร C ชั้น 1 โซน 0 ตู้แขวนผนัง (ตู้1) ห้องเก็บก๊าซหุ้งต้ม,1/1/2018,สนญ.,TRUE,11/29/2023 10:47 AM,ประพันธ์ ช้างเผือกโสภณ,PrapanC@bot.or.th,ปกติ,จำนวน 1 ถัง ,จำนวน 1 ถัง,11/29/2023 10:47 AM,Prapan Changphuaksophon (ประพันธ์ ช้างเผือกโสภณ)
01CLCCFEX1003,BF2000,15 ปอนด์,อาคาร C ชั้น 1 โซน 0 ตู้แขวนผนัง (ตู้2) ห้องเก็บก๊าซหุ้งต้ม,1/1/2022,สนญ.,TRUE,11/29/2023 10:48 AM,ประพันธ์ ช้างเผือกโสภณ,PrapanC@bot.or.th,ปกติ,จำนวน 1 ถัง ,จำนวน 1 ถัง,11/29/2023 10:48 AM,Prapan Changphuaksophon (ประพันธ์ ช้างเผือกโสภณ)
01CLCCFEX1005,BF2000,15 ปอนด์,อาคาร C ชั้น 1 โซน 0 ด้านทิศตะวันตก,1/1/2022,สนญ.,TRUE,12/4/2023 7:59,ประพันธ์ ช้างเผือกโสภณ,PrapanC@bot.or.th,ปกติ,ตู้ FHC จำนวน 1 ถัง,ตู้ FHC จำนวน 1 ถัง,12/4/2023 7:59,Prapan Changphuaksophon (ประพันธ์ ช้างเผือกโสภณ)
01CLCCFEX1A001,BF2000,15 ปอนด์,อาคาร C ชั้น 1A โซน 0 ประตูหนีไฟด้านทิศตะวันออก,1/1/2022,สนญ.,TRUE,11/29/2023 10:41 AM,ประพันธ์ ช้างเผือกโสภณ,PrapanC@bot.or.th,ปกติ,ตู้ FHC จำนวน 1 ถัง,ตู้ FHC จำนวน 1 ถัง,11/29/2023 10:41 AM,Prapan Changphuaksophon (ประพันธ์ ช้างเผือกโสภณ)
01CLCCFEX1B001,BF2000,15 ปอนด์,อาคาร C ชั้น 1B โซน 0 ด้านทิศตะวันตก,1/1/2022,สนญ.,TRUE,11/29/2023 10:39 AM,ประพันธ์ ช้างเผือกโสภณ,PrapanC@bot.or.th,ปกติ,ตู้ FHC จำนวน 1 ถัง ,ตู้ FHC จำนวน 1 ถัง,11/29/2023 10:39 AM,Prapan Changphuaksophon (ประพันธ์ ช้างเผือกโสภณ)
01CLCCFEX1B002,BF2000,15 ปอนด์,อาคาร C ชั้น 1B โซน 0 ด้านทิศตะวันออก ,1/1/2022,สนญ.,TRUE,11/29/2023 10:39 AM,ประพันธ์ ช้างเผือกโสภณ,PrapanC@bot.or.th,ปกติ,ตู้ FHC จำนวน 1 ถัง ,ตู้ FHC จำนวน 1 ถัง,11/29/2023 10:39 AM,Prapan Changphuaksophon (ประพันธ์ ช้างเผือกโสภณ)
01CLCCFEX2A001,BF2000,15 ปอนด์,อาคาร C ชั้น 2A โซน 0 ประตูหนีไฟด้านทิศตะวันออก (GEN),1/1/2022,สนญ.,TRUE,11/29/2023 10:36 AM,ประพันธ์ ช้างเผือกโสภณ,PrapanC@bot.or.th,ปกติ,ตู้ FHC จำนวน 1 ถัง,ตู้ FHC จำนวน 1 ถัง,11/29/2023 10:36 AM,Prapan Changphuaksophon (ประพันธ์ ช้างเผือกโสภณ)
01CLCCFEX2B001,BF2000,15 ปอนด์,อาคาร C ชั้น 2B โซน 0 ด้านทิศตะวันตก,1/1/2022,สนญ.,TRUE,11/29/2023 10:34 AM,ประพันธ์ ช้างเผือกโสภณ,PrapanC@bot.or.th,ปกติ,ตู้ FHC จำนวน 1 ถัง ,ตู้ FHC จำนวน 1 ถัง,11/29/2023 10:34 AM,Prapan Changphuaksophon (ประพันธ์ ช้างเผือกโสภณ)
01CLCCFEX3A001,BF2000,15 ปอนด์,อาคาร C ชั้น 3A โซน 0 ประตูหนีไฟด้านทิศตะวันออก,1/1/2022,สนญ.,TRUE,11/29/2023 10:32 AM,ประพันธ์ ช้างเผือกโสภณ,PrapanC@bot.or.th,ปกติ,ตู้ FHC จำนวน 1 ถัง,ตู้ FHC จำนวน 1 ถัง,11/29/2023 10:32 AM,Prapan Changphuaksophon (ประพันธ์ ช้างเผือกโสภณ)
01CLCCFEX3B001,BF2000,15 ปอนด์,อาคาร C ชั้น 3B โซน 0 ด้านทิศตะวันตก,1/1/2022,สนญ.,TRUE,11/29/2023 10:30 AM,ประพันธ์ ช้างเผือกโสภณ,PrapanC@bot.or.th,ปกติ,ตู้ FHC จำนวน 1 ถัง,ตู้ FHC จำนวน 1 ถัง,11/29/2023 10:30 AM,Prapan Changphuaksophon (ประพันธ์ ช้างเผือกโสภณ)
01CLCCFEX4A001,BF2000,15 ปอนด์,อาคาร C ชั้น 4A โซน 0 ประตูหนีไฟด้านทิศตะวันออก,1/1/2022,สนญ.,TRUE,12/4/2023 8:00,ประพันธ์ ช้างเผือกโสภณ,PrapanC@bot.or.th,ปกติ,ตู้ FHC จำนวน 1 ถัง,ตู้ FHC จำนวน 1 ถัง,12/4/2023 8:00,Prapan Changphuaksophon (ประพันธ์ ช้างเผือกโสภณ)
01CBFEX0002,BF2000,15 ปอนด์,ป้อมรักษาการณ์ ชั้น 0 โซน 0 ป้อมแนวรั้วสามเสน,1/1/2022,สนญ.,TRUE,12/1/2023 9:49,ประพันธ์ ช้างเผือกโสภณ,PrapanC@bot.or.th,ปกติ,จำนวน 1 ถัง,จำนวน 1 ถัง,12/1/2023 9:49,Prapan Changphuaksophon (ประพันธ์ ช้างเผือกโสภณ)
01CBFEX0003,Dry che,15 ปอนด์,ป้อมรักษาการณ์ ชั้น 0 โซน 0 ป้อมแนวรั้วสามเสน,1/1/2015,สนญ.,TRUE,12/1/2023 9:49,ประพันธ์ ช้างเผือกโสภณ,PrapanC@bot.or.th,ปกติ,จำนวน 1 ถัง,จำนวน 1 ถัง,12/1/2023 9:49,Prapan Changphuaksophon (ประพันธ์ ช้างเผือกโสภณ)
01CBFEX0004,Dry che,15 ปอนด์,ป้อมรักษาการณ์ ชั้น 0 โซน 0 ป้อมแนวรั้วสามเสน,1/1/2015,สนญ.,TRUE,12/1/2023 9:49,ประพันธ์ ช้างเผือกโสภณ,PrapanC@bot.or.th,ปกติ,จำนวน 1 ถัง,จำนวน 1 ถัง,12/1/2023 9:49,Prapan Changphuaksophon (ประพันธ์ ช้างเผือกโสภณ)
01CBFEX0005,Dry che,15 ปอนด์,ป้อมรักษาการณ์ ชั้น 0 โซน 0 ป้อมแนวรั้วสามเสน,1/1/2025,สนญ.,TRUE,12/1/2023 9:49,ประพันธ์ ช้างเผือกโสภณ,PrapanC@bot.or.th,ปกติ,จำนวน 1 ถัง,จำนวน 1 ถัง,12/25/2025 12:35 PM,Watcharakron Pualek (วัชรกรณ์ พั่วเหล็ก)
01CBFEX0006,Dry che,15 ปอนด์,ป้อมรักษาการณ์ ชั้น 0 โซน 0 ป้อมแนวรั้วสามเสน,1/1/2025,สนญ.,TRUE,12/1/2023 9:50,ประพันธ์ ช้างเผือกโสภณ,PrapanC@bot.or.th,ปกติ,จำนวน 1 ถัง,จำนวน 1 ถัง,12/25/2025 12:36 PM,Watcharakron Pualek (วัชรกรณ์ พั่วเหล็ก)
01CBFEX0007,Dry che,15 ปอนด์,ป้อมรักษาการณ์ ชั้น 0 โซน 0 หัวมุมศาลพระภัทรเทวะ,1/1/2015,สนญ.,TRUE,12/1/2023 9:58,ประพันธ์ ช้างเผือกโสภณ,PrapanC@bot.or.th,จำหน่าย,จำนวน 1 ถัง,จำนวน 1 ถัง,12/26/2025 3:41 PM,Watcharakron Pualek (วัชรกรณ์ พั่วเหล็ก)
01CBFEX0008,Dry che,15 ปอนด์,ป้อมรักษาการณ์ ชั้น 0 โซน 0 หัวมุมศาลพระภัทรเทวะ,1/1/2015,สนญ.,TRUE,12/1/2023 9:58,ประพันธ์ ช้างเผือกโสภณ,PrapanC@bot.or.th,จำหน่าย,จำนวน 1 ถัง,จำนวน 1 ถัง,12/26/2025 3:42 PM,Watcharakron Pualek (วัชรกรณ์ พั่วเหล็ก)
01CBFEX0009,BF2000,15 ปอนด์,ป้อมรักษาการณ์ ชั้น 0 โซน 0 หัวมุมอ.2 ด้านติดอาคารการกำลัง,1/1/2015,สนญ.,TRUE,12/1/2023 9:52,ประพันธ์ ช้างเผือกโสภณ,PrapanC@bot.or.th,ปกติ,จำนวน 1 ถัง,จำนวน 1 ถัง,9/30/2024 2:37 PM,Thitipong Suebjak-in (ฐิติพงศ์ สืบจากอินทร์)
01CBFEX0010,Dry che,15 ปอนด์,ป้อมรักษาการณ์ ชั้น 0 โซน 0 ป้อม ต.1,1/1/2015,สนญ.,TRUE,12/1/2023 9:39,ประพันธ์ ช้างเผือกโสภณ,PrapanC@bot.or.th,จำหน่าย,จำนวน 1 ถัง,จำนวน 1 ถัง,12/26/2025 3:46 PM,Watcharakron Pualek (วัชรกรณ์ พั่วเหล็ก)
01CBFEX0011,Dry che,15 ปอนด์,ป้อมรักษาการณ์ ชั้น 0 โซน 0 ป้อม ต.1,1/1/2015,สนญ.,TRUE,12/4/2023 8:00,ประพันธ์ ช้างเผือกโสภณ,PrapanC@bot.or.th,ปกติ,จำนวน 1 ถัง,จำนวน 1 ถัง,12/26/2025 3:46 PM,Watcharakron Pualek (วัชรกรณ์ พั่วเหล็ก)
01CBFEX0013,Dry che,15 ปอนด์,ป้อมรักษาการณ์ ชั้น 0 โซน 0 ป้อม ต.3,1/1/2017,สนญ.,TRUE,12/1/2023 10:00,ประพันธ์ ช้างเผือกโสภณ,PrapanC@bot.or.th,ปกติ,จำนวน 1 ถัง,จำนวน 1 ถัง,12/1/2023 10:00,Prapan Changphuaksophon (ประพันธ์ ช้างเผือกโสภณ)
01CBFEX0014,Dry che,15 ปอนด์,ป้อมรักษาการณ์ ชั้น 0 โซน 0 ป้อม ต.3,1/1/2017,สนญ.,TRUE,12/1/2023 10:00,ประพันธ์ ช้างเผือกโสภณ,PrapanC@bot.or.th,ปกติ,จำนวน 1 ถัง,จำนวน 1 ถัง,12/1/2023 10:00,Prapan Changphuaksophon (ประพันธ์ ช้างเผือกโสภณ)
01CBFEX0015,Dry che,15 ปอนด์,ป้อมรักษาการณ์ ชั้น 0 โซน 0 ป้อม ต.3,1/1/2017,สนญ.,TRUE,12/1/2023 10:00,ประพันธ์ ช้างเผือกโสภณ,PrapanC@bot.or.th,ปกติ,จำนวน 1 ถัง,จำนวน 1 ถัง,12/1/2023 10:00,Prapan Changphuaksophon (ประพันธ์ ช้างเผือกโสภณ)
01CBFEX0016,Dry che,15 ปอนด์,ป้อมรักษาการณ์ ชั้น 0 โซน 0 ป้อม ต.4,1/1/2015,สนญ.,TRUE,12/1/2023 10:03,ประพันธ์ ช้างเผือกโสภณ,PrapanC@bot.or.th,จำหน่าย,จำนวน 1 ถัง,จำนวน 1 ถัง,12/26/2025 3:47 PM,Watcharakron Pualek (วัชรกรณ์ พั่วเหล็ก)
01CBFEX0017,Dry che,15 ปอนด์,ป้อมรักษาการณ์ ชั้น 0 โซน 0 ป้อม ต.4,1/1/2015,สนญ.,TRUE,12/1/2023 10:03,ประพันธ์ ช้างเผือกโสภณ,PrapanC@bot.or.th,จำหน่าย,จำนวน 1 ถัง,จำนวน 1 ถัง,12/26/2025 3:48 PM,Watcharakron Pualek (วัชรกรณ์ พั่วเหล็ก)
01CBFEX0018,BF2000,15 ปอนด์,ป้อมรักษาการณ์ ชั้น 0 โซน 0 ป้อม ต.4,1/1/2017,สนญ.,TRUE,12/1/2023 10:04,ประพันธ์ ช้างเผือกโสภณ,PrapanC@bot.or.th,จำหน่าย,จำนวน 1 ถัง,จำนวน 1 ถัง,12/26/2025 3:49 PM,Watcharakron Pualek (วัชรกรณ์ พั่วเหล็ก)
01CBFEX0019,BF2000,15 ปอนด์,ป้อมรักษาการณ์ ชั้น 0 โซน 0 ป้อม ต.4,1/1/2018,สนญ.,TRUE,12/1/2023 10:04,ประพันธ์ ช้างเผือกโสภณ,PrapanC@bot.or.th,จำหน่าย,จำนวน 1 ถัง,จำนวน 1 ถัง,12/26/2025 3:50 PM,Watcharakron Pualek (วัชรกรณ์ พั่วเหล็ก)
01CBFEX0020,BF2000,15 ปอนด์,ป้อมรักษาการณ์ ชั้น 0 โซน 0 ศาลาริมน้ำติดศาล,1/1/2022,สนญ.,TRUE,12/1/2023 10:04,ประพันธ์ ช้างเผือกโสภณ,PrapanC@bot.or.th,ปกติ,จำนวน 1 ถัง,จำนวน 1 ถัง,6/21/2024 2:01 PM,Thitipong Suebjak-in (ฐิติพงศ์ สืบจากอินทร์)
01CBFEX0021,Dry che,15 ปอนด์,ป้อมรักษาการณ์ ชั้น 0 โซน 0 ศาลาป้อม2,1/1/2017,สนญ.,TRUE,12/1/2023 10:05,ประพันธ์ ช้างเผือกโสภณ,PrapanC@bot.or.th,ปกติ,จำนวน 1 ถัง,จำนวน 1 ถัง,12/1/2023 10:05,Prapan Changphuaksophon (ประพันธ์ ช้างเผือกโสภณ)
50F1EF02,CO2,10 ปอนด์,ในห้อง MBD แขวนอยู่ผนังข้างฝา,1/1/2021,ทอศ.,FALSE,,,,ปกติ,12 KG,,7/23/2023 9:22 AM,Suraphas Muenkun (สุรพัศ หมื่นคุณ)
50F1FE03,CO2,10 ปอนด์,ในห้อง MBD แขวนอยู่ผนังข้างฝา,1/1/2021,ทอศ.,FALSE,,,,ปกติ,12 KG,,7/23/2023 9:23 AM,Suraphas Muenkun (สุรพัศ หมื่นคุณ)
50INK1FE01,CO2,10 ปอนด์,ห้องเครื่อง หลังเครื่องกวนหมึก Tank Farm,10/1/2024,ทอศ.,FALSE,,,,ปกติ,,12.11 KG,2/19/2025 1:19 PM,Nattaphat Prachaplang (ณัฏฐ์พัฒน์ ประชาแปลง)
50H1-1FHC02,Dry che,10 ปอนด์,ภายในอาคารกีฬา (ด้านหลัง),9/21/2022,ทอศ.,FALSE,,,,ปกติ,-,,7/23/2023 12:35 PM,Suraphas Muenkun (สุรพัศ หมื่นคุณ)
50H1-1FE01,CO2,10 ปอนด์,ข้างห้องเครื่องสูบน้ำ (สนามเปตอง),10/1/2024,ทอศ.,FALSE,,,,ปกติ,,12.11 KG,2/19/2025 1:09 PM,Nattaphat Prachaplang (ณัฏฐ์พัฒน์ ประชาแปลง)
50A1FE38,CO2,10 ปอนด์,ห้องเคลือบธนบัตร,10/1/2024,ทอศ.,FALSE,,,,ปกติ,,12.11 KG,2/19/2025 12:32 PM,Nattaphat Prachaplang (ณัฏฐ์พัฒน์ ประชาแปลง)
50A1FE39,BF2000,10 ปอนด์,ห้องพิมพ์เส้นนูน หลังเครื่องสกรีน,1/1/2019,ทอศ.,FALSE,,,,ปกติ,-,,7/23/2023 1:55 PM,Suraphas Muenkun (สุรพัศ หมื่นคุณ)
20BC4FEX0201,CO2,10 ปอนด์,หน้าห้องหม้อแปลง อ.5/2 ชั้น G,1/1/1996,สภน.,FALSE,,,,,,,7/25/2023 3:01 PM,Suphap Wattanajarussang (สุภาพ วัฒนาจรัสแสง)
20BE1FEX0206,BF2000,10 ปอนด์,ในห้องควบคุมระบบไฟฟ้าสำรอง อ.2/G,8/23/2021,สภน.,FALSE,,,,,,,7/25/2023 3:05 PM,Suphap Wattanajarussang (สุภาพ วัฒนาจรัสแสง)
01B01FEX6601,CO2,15 ปอนด์,อาคาร 1 ชั้น 1 โซน 2 ในส่วนงาน ศูนย์แลกเอกสาร (เก่า),8/31/2023,สนญ.,TRUE,11/21/2023 12:59 AM,ธีระพงศ์ หีบแก้ว,TeeraphH@bot.or.th,ปกติ,,,10/1/2024 8:19,Thitipong Suebjak-in (ฐิติพงศ์ สืบจากอินทร์)
01B01FEX6602,Ade2000,15 ปอนด์,อาคาร 1 ชั้น 1 โซน 7 บันไดทางขึ้นสโมสร (นอกอาคาร),8/31/2023,สนญ.,TRUE,12/12/2023 14:23,วุฒิชาติ สนชัย,WuttichS@bot.or.th,ปกติ,,จัดซื้อทดแทน 2560 01B01FEX1704,12/12/2023 14:23,Wuttichart Sonchai (วุฒิชาติ สนชัย)
01B01FEX6603,Ade2000,15 ปอนด์,อาคาร 1 ชั้น 2 โซน 1 ทางเข้าห้องน้ำ ช/ญ หน้าห้องระบบไฟฟ้า/แอร์,8/31/2023,สนญ.,TRUE,12/3/2023 15:18,มโนทัย แสงสุวรรณ์,ManothaS@bot.or.th,ปกติ,,จัดซื้อทดแทน 2560 01B01FEX2105,12/3/2023 15:18,Manothai Sangsuwan (มโนทัย แสงสุวรรณ์)
01B01FEX6604,Ade2000,15 ปอนด์,อาคาร 1 ชั้น 2 โซน 2 โถงหน้าลิฟ์ ผู้ว่าฯ,8/31/2023,สนญ.,TRUE,12/3/2023 15:29,มโนทัย แสงสุวรรณ์,ManothaS@bot.or.th,ปกติ,,จัดซื้อทดแทน 2560 01B01FEX2205,12/3/2023 15:29,Manothai Sangsuwan (มโนทัย แสงสุวรรณ์)
01B01FEX6605,Ade2000,15 ปอนด์,อาคาร 1 ชั้น 2 โซน 2 ทางเข้าห้องน้ำ ช/ญ หน้าห้องระบบไฟฟ้า/แอร์,8/31/2023,สนญ.,TRUE,12/3/2023 15:30,มโนทัย แสงสุวรรณ์,ManothaS@bot.or.th,ปกติ,,จัดซื้อทดแทน 2560 01B01FEX2206,12/3/2023 15:30,Manothai Sangsuwan (มโนทัย แสงสุวรรณ์)
01B01FEX6606,Ade2000,15 ปอนด์,อาคาร 1 ชั้น 2 โซน 3 ทางเข้าห้องน้ำ ช/ญ หน้าห้องระบบไฟฟ้า/แอร์,8/31/2023,สนญ.,TRUE,12/3/2023 15:00,มโนทัย แสงสุวรรณ์,ManothaS@bot.or.th,ปกติ,,จัดซื้อทดแทน 2560 01B01FEX2305,12/3/2023 15:00,Manothai Sangsuwan (มโนทัย แสงสุวรรณ์)
01B01FEX6607,Ade2000,15 ปอนด์,อาคาร 1 ชั้น 2 โซน 4 ข้างลิฟท์ ตัวที่ 16 (ลิฟท์ พนง.ดับเพลิง),8/31/2023,สนญ.,TRUE,12/3/2023 14:58,มโนทัย แสงสุวรรณ์,ManothaS@bot.or.th,ปกติ,,จัดซื้อทดแทน 2560 01B01FEX2402,12/3/2023 14:58,Manothai Sangsuwan (มโนทัย แสงสุวรรณ์)
01B01FEX6608,Ade2000,15 ปอนด์,อาคาร 1 ชั้น 2 โซน 4 ข้างประตูหนีไฟใน ส่วนจัดการคอมพิวเตอร์ฯ,8/31/2023,สนญ.,TRUE,12/3/2023 15:03,มโนทัย แสงสุวรรณ์,ManothaS@bot.or.th,ปกติ,,จัดซื้อทดแทน 2560 01B01FEX2404,12/3/2023 15:03,Manothai Sangsuwan (มโนทัย แสงสุวรรณ์)
01B01FEX6609,Ade2000,15 ปอนด์,อาคาร 1 ชั้น 2 โซน 4 ทางเข้าห้องน้ำ ช/ญ หน้าห้องระบบไฟฟ้า/แอร์,8/31/2023,สนญ.,TRUE,12/3/2023 15:05,มโนทัย แสงสุวรรณ์,ManothaS@bot.or.th,ปกติ,,จัดซื้อทดแทน 2560 01B01FEX2405,12/3/2023 15:05,Manothai Sangsuwan (มโนทัย แสงสุวรรณ์)
01B01FEX6610,Ade2000,15 ปอนด์,อาคาร 1 ชั้น 3 โซน 2 ทางเข้าห้องน้ำ ช/ญ หน้าห้องระบบไฟฟ้า/แอร์,8/31/2023,สนญ.,TRUE,12/2/2023 15:47,มโนทัย แสงสุวรรณ์,ManothaS@bot.or.th,ปกติ,,จัดซื้อทดแทน 2560 01B01FEX3202,12/2/2023 15:47,Manothai Sangsuwan (มโนทัย แสงสุวรรณ์)
01B01FEX6611,Ade2000,15 ปอนด์,อาคาร 1 ชั้น Roof โซน 1 ตู้ FHC ด้านทิศตะวันตก,8/31/2023,สนญ.,TRUE,12/5/2023 6:36,มโนทัย แสงสุวรรณ์,ManothaS@bot.or.th,ปกติ,,จัดซื้อทดแทน 2560 01B01FEXR102,12/5/2023 6:36,Manothai Sangsuwan (มโนทัย แสงสุวรรณ์)
01B01FEX6612,Ade2000,15 ปอนด์,อาคาร 1 ชั้น Roof โซน 1 ตู้ FHC ด้านทิศใต้,8/31/2023,สนญ.,TRUE,12/5/2023 6:38,มโนทัย แสงสุวรรณ์,ManothaS@bot.or.th,ปกติ,,จัดซื้อทดแทน 2560 01B01FEXR103,12/5/2023 6:38,Manothai Sangsuwan (มโนทัย แสงสุวรรณ์)
01B01FEX6613,Ade2000,15 ปอนด์,อาคาร 1 ชั้น Roof โซน 2 ตู้ FHC ห้องควบคุมระบบไฟฟ้า,8/31/2023,สนญ.,TRUE,12/5/2023 6:58,มโนทัย แสงสุวรรณ์,ManothaS@bot.or.th,ปกติ,,จัดซื้อทดแทน 2560 01B01FEXR201,12/5/2023 6:58,Manothai Sangsuwan (มโนทัย แสงสุวรรณ์)
01B01FEX6614,Ade2000,15 ปอนด์,อาคาร 1 ชั้น Roof โซน 2 ตู้ FHC R2-3 ด้านทิศใต้,8/31/2023,สนญ.,TRUE,12/4/2023 6:32,มโนทัย แสงสุวรรณ์,ManothaS@bot.or.th,ปกติ,,,12/10/2025 18:29,Thitipong Suebjak-in (ฐิติพงศ์ สืบจากอินทร์)
01B01FEX6615,Ade2000,15 ปอนด์,อาคาร 1 ชั้น Roof โซน 2 ตู้ FHC ด้านทิศตะวันตก,8/31/2023,สนญ.,TRUE,12/5/2023 7:05,มโนทัย แสงสุวรรณ์,ManothaS@bot.or.th,ปกติ,,จัดซื้อทดแทน 2560 01B01FEXR203,12/5/2023 7:05,Manothai Sangsuwan (มโนทัย แสงสุวรรณ์)
01B01FEX6616,Ade2000,15 ปอนด์,อาคาร 1 ชั้น Roof โซน 3 ตู้ FHC ห้องควบคุมระบบไฟฟ้า,8/31/2023,สนญ.,TRUE,12/5/2023 6:44,มโนทัย แสงสุวรรณ์,ManothaS@bot.or.th,ปกติ,,จัดซื้อทดแทน 2560 01B01FEXR301,12/5/2023 6:44,Manothai Sangsuwan (มโนทัย แสงสุวรรณ์)
01B01FEX6617,Ade2000,15 ปอนด์,อาคาร 1 ชั้น Roof โซน 3 ตู้ FHC ด้านทิศตะวันออก,8/31/2023,สนญ.,TRUE,12/5/2023 7:11,มโนทัย แสงสุวรรณ์,ManothaS@bot.or.th,ปกติ,,จัดซื้อทดแทน 2560 01B01FEXR302,12/5/2023 7:11,Manothai Sangsuwan (มโนทัย แสงสุวรรณ์)
01B01FEX6618,Ade2000,15 ปอนด์,อาคาร 1 ชั้น Roof โซน 3 ตู้ FHC ด้านทิศใต้,8/31/2023,สนญ.,TRUE,12/5/2023 6:40,มโนทัย แสงสุวรรณ์,ManothaS@bot.or.th,ปกติ,,จัดซื้อทดแทน 2560 01B01FEXR303,12/5/2023 6:40,Manothai Sangsuwan (มโนทัย แสงสุวรรณ์)
01B01FEX6619,Ade2000,15 ปอนด์,อาคาร 1 ชั้น P1 โซน 1 F3,8/31/2023,สนญ.,TRUE,11/19/2023 3:09 PM,ธีระพงศ์ หีบแก้ว,TeeraphH@bot.or.th,ปกติ,,จัดซื้อทดแทน 2560 01B01FEXP1101,11/19/2023 3:09 PM,Teeraphong Heepgaew (ธีระพงศ์ หีบแก้ว)
01B01FEX6620,Ade2000,15 ปอนด์,อาคาร 1 ชั้น P1 โซน 1 C4,8/31/2023,สนญ.,TRUE,11/19/2023 3:03 PM,ธีระพงศ์ หีบแก้ว,TeeraphH@bot.or.th,ปกติ,,จัดซื้อทดแทน 2560 01B01FEXP102,11/19/2023 3:03 PM,Teeraphong Heepgaew (ธีระพงศ์ หีบแก้ว)
01B01FEX6621,Ade2000,15 ปอนด์,อาคาร 1 ชั้น P1 โซน 1 C1 หน้าประตูหนีไฟ ,8/31/2023,สนญ.,TRUE,11/19/2023 3:05 PM,ธีระพงศ์ หีบแก้ว,TeeraphH@bot.or.th,ปกติ,,จัดซื้อทดแทน 2560 01B01FEXP103,11/19/2023 3:05 PM,Teeraphong Heepgaew (ธีระพงศ์ หีบแก้ว)
01B01FEX6622,Ade2000,15 ปอนด์,อาคาร 1 ชั้น P1 โซน 1 หน้าประตูหนีไฟ (ทางขึ้น-ลง2),8/31/2023,สนญ.,TRUE,11/19/2023 3:08 PM,ธีระพงศ์ หีบแก้ว,TeeraphH@bot.or.th,ปกติ,,จัดซื้อทดแทน 2560 01B01FEXP104,11/19/2023 3:08 PM,Teeraphong Heepgaew (ธีระพงศ์ หีบแก้ว)
01B01FEX6623,Ade2000,15 ปอนด์,อาคาร 1 ชั้น P1 โซน 2 F8,8/31/2023,สนญ.,TRUE,11/19/2023 3:35 PM,ธีระพงศ์ หีบแก้ว,TeeraphH@bot.or.th,ปกติ,,จัดซื้อทดแทน 2560 01B01FEXP1201,11/19/2023 3:35 PM,Teeraphong Heepgaew (ธีระพงศ์ หีบแก้ว)
01B01FEX6624,Ade2000,15 ปอนด์,อาคาร 1 ชั้น P1 โซน 2 E11 หน้าประตูหนีไฟ,8/31/2023,สนญ.,TRUE,11/19/2023 3:00 PM,ธีระพงศ์ หีบแก้ว,TeeraphH@bot.or.th,ปกติ,,จัดซื้อทดแทน 2560 01B01FEXP1203,11/19/2023 3:00 PM,Teeraphong Heepgaew (ธีระพงศ์ หีบแก้ว)
01B01FEX6625,Ade2000,15 ปอนด์,อาคาร 1 ชั้น P1 โซน 2 C5 หน้าประตูหนีไฟ,8/31/2023,สนญ.,TRUE,11/19/2023 3:01 PM,ธีระพงศ์ หีบแก้ว,TeeraphH@bot.or.th,ปกติ,,จัดซื้อทดแทน 2560 01B01FEXP1205,11/19/2023 3:01 PM,Teeraphong Heepgaew (ธีระพงศ์ หีบแก้ว)
01B01FEX6626,Ade2000,15 ปอนด์,อาคาร 1 ชั้น P1 โซน 3 H3,8/31/2023,สนญ.,TRUE,11/19/2023 3:11 PM,ธีระพงศ์ หีบแก้ว,TeeraphH@bot.or.th,ปกติ,,จัดซื้อทดแทน 2560 01B01FEXP1301,11/19/2023 3:11 PM,Teeraphong Heepgaew (ธีระพงศ์ หีบแก้ว)
01B01FEX6627,Ade2000,15 ปอนด์,อาคาร 1 ชั้น P1 โซน 3 หน้าประตูหนีไฟ (ทางขึ้น-ลง2),8/31/2023,สนญ.,TRUE,11/19/2023 3:29 PM,ธีระพงศ์ หีบแก้ว,TeeraphH@bot.or.th,ปกติ,,จัดซื้อทดแทน 2560 01B01FEXP1302,11/19/2023 3:29 PM,Teeraphong Heepgaew (ธีระพงศ์ หีบแก้ว)
01B01FEX6628,Ade2000,15 ปอนด์,อาคาร 1 ชั้น P1 โซน 4 H6 หน้าประตูหนีไฟ / ประตู ACCESS,8/31/2023,สนญ.,TRUE,11/19/2023 3:12 PM,ธีระพงศ์ หีบแก้ว,TeeraphH@bot.or.th,ปกติ,,จัดซื้อทดแทน 2560 01B01FEXP1401,11/19/2023 3:12 PM,Teeraphong Heepgaew (ธีระพงศ์ หีบแก้ว)
01B01FEX6629,Ade2000,15 ปอนด์,อาคาร 1 ชั้น P1 โซน 4 H6 หน้าประตูหนีไฟ / ประตู ACCESS,8/31/2023,สนญ.,TRUE,11/19/2023 3:13 PM,ธีระพงศ์ หีบแก้ว,TeeraphH@bot.or.th,ปกติ,,จัดซื้อทดแทน 2560 01B01FEXP1402,11/19/2023 3:13 PM,Teeraphong Heepgaew (ธีระพงศ์ หีบแก้ว)
01B01FEX6630,Ade2000,15 ปอนด์,อาคาร 1 ชั้น P1 โซน 7 I15 (ทางขึ้น-ลง 1),8/31/2023,สนญ.,TRUE,11/19/2023 3:23 PM,ธีระพงศ์ หีบแก้ว,TeeraphH@bot.or.th,ปกติ,,จัดซื้อทดแทน 2560 01B01FEXP1701,11/19/2023 3:23 PM,Teeraphong Heepgaew (ธีระพงศ์ หีบแก้ว)
01B01FEX6631,Ade2000,15 ปอนด์,อาคาร 1 ชั้น P2 โซน 1 F3,8/31/2023,สนญ.,TRUE,11/19/2023 3:51 PM,ธีระพงศ์ หีบแก้ว,TeeraphH@bot.or.th,ปกติ,,จัดซื้อทดแทน 2560 01B01FEXP2101,11/19/2023 3:51 PM,Teeraphong Heepgaew (ธีระพงศ์ หีบแก้ว)
01B01FEX6632,Ade2000,15 ปอนด์,อาคาร 1 ชั้น P2 โซน 1 C4,8/31/2023,สนญ.,TRUE,11/19/2023 3:46 PM,ธีระพงศ์ หีบแก้ว,TeeraphH@bot.or.th,ปกติ,,จัดซื้อทดแทน 2560 01B01FEXP2102,11/19/2023 3:46 PM,Teeraphong Heepgaew (ธีระพงศ์ หีบแก้ว)
01B01FEX6633,Ade2000,15 ปอนด์,อาคาร 1 ชั้น P2 โซน 1 C1 หน้าประตูหนีไฟ ,8/31/2023,สนญ.,TRUE,11/19/2023 3:47 PM,ธีระพงศ์ หีบแก้ว,TeeraphH@bot.or.th,ปกติ,,จัดซื้อทดแทน 2560 01B01FEXP2103,11/19/2023 3:47 PM,Teeraphong Heepgaew (ธีระพงศ์ หีบแก้ว)
01B01FEX6634,Ade2000,15 ปอนด์,อาคาร 1 ชั้น P2 โซน 1 หน้าประตูหนีไฟ (ทางขึ้น-ลง2),8/31/2023,สนญ.,TRUE,11/19/2023 3:50 PM,ธีระพงศ์ หีบแก้ว,TeeraphH@bot.or.th,ปกติ,,จัดซื้อทดแทน 2560 01B01FEXP2104,11/19/2023 3:50 PM,Teeraphong Heepgaew (ธีระพงศ์ หีบแก้ว)
01B01FEX6635,Ade2000,15 ปอนด์,อาคาร 1 ชั้น P2 โซน 2 F8,8/31/2023,สนญ.,TRUE,11/19/2023 3:59 PM,ธีระพงศ์ หีบแก้ว,TeeraphH@bot.or.th,ปกติ,,จัดซื้อทดแทน 2560 01B01FEXP2202,11/19/2023 3:59 PM,Teeraphong Heepgaew (ธีระพงศ์ หีบแก้ว)
01B01FEX6636,Ade2000,15 ปอนด์,อาคาร 1 ชั้น P2 โซน 2 E11 หน้าประตูหนีไฟ,8/31/2023,สนญ.,TRUE,11/19/2023 3:41 PM,ธีระพงศ์ หีบแก้ว,TeeraphH@bot.or.th,ปกติ,,จัดซื้อทดแทน 2560 01B01FEXP2203,11/19/2023 3:41 PM,Teeraphong Heepgaew (ธีระพงศ์ หีบแก้ว)
01B01FEX6637,Ade2000,15 ปอนด์,อาคาร 1 ชั้น P2 โซน 2 C5 หน้าประตูหนีไฟ,8/31/2023,สนญ.,TRUE,11/19/2023 3:42 PM,ธีระพงศ์ หีบแก้ว,TeeraphH@bot.or.th,ปกติ,,จัดซื้อทดแทน 2560 01B01FEXP2205,11/19/2023 3:42 PM,Teeraphong Heepgaew (ธีระพงศ์ หีบแก้ว)
01B01FEX6638,Ade2000,15 ปอนด์,อาคาร 1 ชั้น P2 โซน 3 H3,8/31/2023,สนญ.,TRUE,11/19/2023 3:52 PM,ธีระพงศ์ หีบแก้ว,TeeraphH@bot.or.th,ปกติ,,จัดซื้อทดแทน 2560 01B01FEXP2301,11/19/2023 3:52 PM,Teeraphong Heepgaew (ธีระพงศ์ หีบแก้ว)
01B01FEX6639,Ade2000,15 ปอนด์,อาคาร 1 ชั้น P2 โซน 3 หน้าประตูหนีไฟ (ทางขึ้น-ลง2),8/31/2023,สนญ.,TRUE,11/19/2023 4:08 PM,ธีระพงศ์ หีบแก้ว,TeeraphH@bot.or.th,ปกติ,,จัดซื้อทดแทน 2560 01B01FEXP2302,11/19/2023 4:08 PM,Teeraphong Heepgaew (ธีระพงศ์ หีบแก้ว)
01B01FEX6640,Ade2000,15 ปอนด์,อาคาร 1 ชั้น P2 โซน 3 K4 หน้าประตูหนีไฟ,8/31/2023,สนญ.,TRUE,11/19/2023 4:04 PM,ธีระพงศ์ หีบแก้ว,TeeraphH@bot.or.th,ปกติ,,จัดซื้อทดแทน 2560 01B01FEXP2303,11/19/2023 4:04 PM,Teeraphong Heepgaew (ธีระพงศ์ หีบแก้ว)
01B01FEX6641,Ade2000,15 ปอนด์,อาคาร 1 ชั้น P2 โซน 4 H6 หน้าประตูหนีไฟ / ประตู ACCESS,8/31/2023,สนญ.,TRUE,11/19/2023 3:56 PM,ธีระพงศ์ หีบแก้ว,TeeraphH@bot.or.th,ปกติ,,จัดซื้อทดแทน 2560 01B01FEXP2401,11/19/2023 3:56 PM,Teeraphong Heepgaew (ธีระพงศ์ หีบแก้ว)
01B01FEX6642,Ade2000,15 ปอนด์,อาคาร 1 ชั้น P2 โซน 4 ข้างลิฟท์ตัวที่ 16 (ลิฟท์ พนง.ดับเพลิง),8/31/2023,สนญ.,TRUE,11/19/2023 3:57 PM,ธีระพงศ์ หีบแก้ว,TeeraphH@bot.or.th,ปกติ,,จัดซื้อทดแทน 2560 01B01FEXP2403,11/19/2023 3:57 PM,Teeraphong Heepgaew (ธีระพงศ์ หีบแก้ว)
01B01FEX6643,Ade2000,15 ปอนด์,อาคาร 1 ชั้น P2 โซน 4 J10 หน้าประตูหนีไฟ,8/31/2023,สนญ.,TRUE,11/19/2023 4:02 PM,ธีระพงศ์ หีบแก้ว,TeeraphH@bot.or.th,ปกติ,,จัดซื้อทดแทน 2560 01B01FEXP2404,11/19/2023 4:02 PM,Teeraphong Heepgaew (ธีระพงศ์ หีบแก้ว)
01B01FEX6644,Ade2000,15 ปอนด์,อาคาร 1 ชั้น P2 โซน 6 E14 (ทางขึ้น-ลง 1),8/31/2023,สนญ.,TRUE,11/19/2023 3:39 PM,ธีระพงศ์ หีบแก้ว,TeeraphH@bot.or.th,ปกติ,,จัดซื้อทดแทน 2560 01B01FEXP2601,11/19/2023 3:39 PM,Teeraphong Heepgaew (ธีระพงศ์ หีบแก้ว)
01B01FEX6645,Ade2000,15 ปอนด์,อาคาร 1 ชั้น P2 โซน 7 I15 (ทางขึ้น-ลง 1),8/31/2023,สนญ.,TRUE,11/19/2023 4:01 PM,ธีระพงศ์ หีบแก้ว,TeeraphH@bot.or.th,ปกติ,,จัดซื้อทดแทน 2560 01B01FEXP2701,11/19/2023 4:01 PM,Teeraphong Heepgaew (ธีระพงศ์ หีบแก้ว)
01B01FEX6646,Ade2000,15 ปอนด์,อาคาร 1 ชั้น P3 โซน 1 C4,8/31/2023,สนญ.,TRUE,11/19/2023 5:19 PM,วิทยา ใจพยุงตน,WitayaJ@bot.or.th,ปกติ,,จัดซื้อทดแทน 2560 01B01FEXP3102,11/19/2023 5:19 PM,Witaya Jaipayungton (วิทยา ใจพยุงตน)
01B01FEX6647,Ade2000,15 ปอนด์,อาคาร 1 ชั้น P3 โซน 1 C1 หน้าประตูหนีไฟ ,8/31/2023,สนญ.,TRUE,11/19/2023 5:22 PM,วิทยา ใจพยุงตน,WitayaJ@bot.or.th,ปกติ,,จัดซื้อทดแทน 2560 01B01FEXP3103,11/19/2023 5:22 PM,Witaya Jaipayungton (วิทยา ใจพยุงตน)
01B01FEX6648,Ade2000,15 ปอนด์,อาคาร 1 ชั้น P3 โซน 1 หน้าประตูหนีไฟ (ทางขึ้น-ลง2),8/31/2023,สนญ.,FALSE,,,,ปกติ,,จัดซื้อทดแทน 2560 01B01FEXP3104,10/3/2023 15:25,Rohman Hanirae (เร๊าะมัน หะนิแร)
01B01FEX6649,Ade2000,15 ปอนด์,อาคาร 1 ชั้น P3 โซน 2 F8,8/31/2023,สนญ.,TRUE,11/19/2023 5:13 PM,วิทยา ใจพยุงตน,WitayaJ@bot.or.th,ปกติ,,จัดซื้อทดแทน 2560 01B01FEXP3202,11/19/2023 5:13 PM,Witaya Jaipayungton (วิทยา ใจพยุงตน)
01B01FEX6650,Ade2000,15 ปอนด์,อาคาร 1 ชั้น P3 โซน 2 E11 หน้าประตูหนีไฟ,8/31/2023,สนญ.,TRUE,11/19/2023 5:40 PM,วิทยา ใจพยุงตน,WitayaJ@bot.or.th,ปกติ,,จัดซื้อทดแทน 2560 01B01FEXP3203,11/19/2023 5:40 PM,Witaya Jaipayungton (วิทยา ใจพยุงตน)
01B01FEX6651,Ade2000,15 ปอนด์,อาคาร 1 ชั้น P3 โซน 2 C5 หน้าประตูหนีไฟ,8/31/2023,สนญ.,TRUE,11/19/2023 5:16 PM,วิทยา ใจพยุงตน,WitayaJ@bot.or.th,ปกติ,,จัดซื้อทดแทน 2560 01B01FEXP3205,11/19/2023 5:16 PM,Witaya Jaipayungton (วิทยา ใจพยุงตน)
01B01FEX6652,Ade2000,15 ปอนด์,อาคาร 1 ชั้น P3 โซน 3 H3,8/31/2023,สนญ.,TRUE,11/19/2023 5:27 PM,วิทยา ใจพยุงตน,WitayaJ@bot.or.th,ปกติ,,จัดซื้อทดแทน 2560 01B01FEXP3301,11/19/2023 5:27 PM,Witaya Jaipayungton (วิทยา ใจพยุงตน)
01B01FEX6653,Ade2000,15 ปอนด์,อาคาร 1 ชั้น P3 โซน 3 หน้าประตูหนีไฟ (ทางขึ้น-ลง2),8/31/2023,สนญ.,TRUE,11/19/2023 5:31 PM,วิทยา ใจพยุงตน,WitayaJ@bot.or.th,ปกติ,,จัดซื้อทดแทน 2560 01B01FEXP3302,11/19/2023 5:31 PM,Witaya Jaipayungton (วิทยา ใจพยุงตน)
01B01FEX6654,Ade2000,15 ปอนด์,อาคาร 1 ชั้น P3 โซน 3 K4 หน้าประตูหนีไฟ,8/31/2023,สนญ.,TRUE,11/19/2023 5:28 PM,วิทยา ใจพยุงตน,WitayaJ@bot.or.th,ปกติ,,จัดซื้อทดแทน 2560 01B01FEXP3303,11/19/2023 5:28 PM,Witaya Jaipayungton (วิทยา ใจพยุงตน)
01B01FEX6655,Ade2000,15 ปอนด์,อาคาร 1 ชั้น P3 โซน 4 H6 หน้าประตูหนีไฟ / ประตู ACCESS,8/31/2023,สนญ.,TRUE,11/19/2023 5:10 PM,วิทยา ใจพยุงตน,WitayaJ@bot.or.th,ปกติ,,จัดซื้อทดแทน 2560 01B01FEXP3401,11/19/2023 5:10 PM,Witaya Jaipayungton (วิทยา ใจพยุงตน)
01B01FEX6656,Ade2000,15 ปอนด์,อาคาร 1 ชั้น P3 โซน 4 ข้างลิฟท์ตัวที่ 16 (ลิฟท์ พนง.ดับเพลิง),8/31/2023,สนญ.,TRUE,11/19/2023 5:03 PM,วิทยา ใจพยุงตน,WitayaJ@bot.or.th,ปกติ,,จัดซื้อทดแทน 2560 01B01FEXP3403,11/19/2023 5:03 PM,Witaya Jaipayungton (วิทยา ใจพยุงตน)
01B01FEX6657,Ade2000,15 ปอนด์,อาคาร 1 ชั้น P3 โซน 4 J10 หน้าประตูหนีไฟ,8/31/2023,สนญ.,TRUE,11/19/2023 5:35 PM,วิทยา ใจพยุงตน,WitayaJ@bot.or.th,ปกติ,,จัดซื้อทดแทน 2560 01B01FEXP3404,11/19/2023 5:35 PM,Witaya Jaipayungton (วิทยา ใจพยุงตน)
01B01FEX6658,Ade2000,15 ปอนด์,อาคาร 1 ชั้น P3 โซน 6 E14 (ทางขึ้น-ลง 1),8/31/2023,สนญ.,TRUE,11/19/2023 5:38 PM,วิทยา ใจพยุงตน,WitayaJ@bot.or.th,ปกติ,,จัดซื้อทดแทน 2560 01B01FEXP3601,11/19/2023 5:38 PM,Witaya Jaipayungton (วิทยา ใจพยุงตน)
01B01FEX6659,Ade2000,15 ปอนด์,อาคาร 1 ชั้น P3 โซน 7 I15 (ทางขึ้น-ลง 1),8/31/2023,สนญ.,TRUE,11/19/2023 5:36 PM,วิทยา ใจพยุงตน,WitayaJ@bot.or.th,ปกติ,,จัดซื้อทดแทน 2560 01B01FEXP3701,11/19/2023 5:36 PM,Witaya Jaipayungton (วิทยา ใจพยุงตน)
01B01FEX6660,Ade2000,15 ปอนด์,อาคาร 1 ชั้น P4 โซน 1 F3,8/31/2023,สนญ.,TRUE,11/19/2023 6:12 PM,วิทยา ใจพยุงตน,WitayaJ@bot.or.th,ปกติ,,จัดซื้อทดแทน 2560 01B01FEXP4101,11/19/2023 6:12 PM,Witaya Jaipayungton (วิทยา ใจพยุงตน)
01B01FEX6661,Ade2000,15 ปอนด์,อาคาร 1 ชั้น P4 โซน 1 C4,8/31/2023,สนญ.,TRUE,11/19/2023 6:35 PM,วิทยา ใจพยุงตน,WitayaJ@bot.or.th,ปกติ,,จัดซื้อทดแทน 2560 01B01FEXP4102,11/19/2023 6:35 PM,Witaya Jaipayungton (วิทยา ใจพยุงตน)
01B01FEX6662,Ade2000,15 ปอนด์,อาคาร 1 ชั้น P4 โซน 1 C1 หน้าประตูหนีไฟ ,8/31/2023,สนญ.,TRUE,11/19/2023 6:09 PM,วิทยา ใจพยุงตน,WitayaJ@bot.or.th,ปกติ,,จัดซื้อทดแทน 2560 01B01FEXP4103,11/19/2023 6:09 PM,Witaya Jaipayungton (วิทยา ใจพยุงตน)
01B01FEX6663,Ade2000,15 ปอนด์,อาคาร 1 ชั้น P4 โซน 1 หน้าประตูหนีไฟ (ทางขึ้น-ลง2),8/31/2023,สนญ.,TRUE,11/19/2023 6:27 PM,วิทยา ใจพยุงตน,WitayaJ@bot.or.th,ปกติ,,จัดซื้อทดแทน 2560 01B01FEXP4104,11/19/2023 6:27 PM,Witaya Jaipayungton (วิทยา ใจพยุงตน)
01B01FEX6664,Ade2000,15 ปอนด์,อาคาร 1 ชั้น P4 โซน 2 F8,8/31/2023,สนญ.,TRUE,11/19/2023 6:03 PM,วิทยา ใจพยุงตน,WitayaJ@bot.or.th,ปกติ,,จัดซื้อทดแทน 2560 01B01FEXP4202,11/19/2023 6:03 PM,Witaya Jaipayungton (วิทยา ใจพยุงตน)
01B01FEX6665,Ade2000,15 ปอนด์,อาคาร 1 ชั้น P4 โซน 2 E11 หน้าประตูหนีไฟ,8/31/2023,สนญ.,TRUE,11/19/2023 6:26 PM,วิทยา ใจพยุงตน,WitayaJ@bot.or.th,ปกติ,,จัดซื้อทดแทน 2560 01B01FEXP4203,11/19/2023 6:26 PM,Witaya Jaipayungton (วิทยา ใจพยุงตน)
01B01FEX6666,Ade2000,15 ปอนด์,อาคาร 1 ชั้น P4 โซน 2 C5 หน้าประตูหนีไฟ,8/31/2023,สนญ.,TRUE,11/19/2023 6:06 PM,วิทยา ใจพยุงตน,WitayaJ@bot.or.th,ปกติ,,จัดซื้อทดแทน 2560 01B01FEXP4205,11/19/2023 6:06 PM,Witaya Jaipayungton (วิทยา ใจพยุงตน)
01B01FEX6667,Ade2000,15 ปอนด์,อาคาร 1 ชั้น P4 โซน 3 H3,8/31/2023,สนญ.,TRUE,11/19/2023 6:16 PM,วิทยา ใจพยุงตน,WitayaJ@bot.or.th,ปกติ,,จัดซื้อทดแทน 2560 01B01FEXP4301,11/19/2023 6:16 PM,Witaya Jaipayungton (วิทยา ใจพยุงตน)
01B01FEX6668,Ade2000,15 ปอนด์,อาคาร 1 ชั้น P4 โซน 3 หน้าประตูหนีไฟ (ทางขึ้น-ลง2),8/31/2023,สนญ.,TRUE,11/19/2023 6:19 PM,วิทยา ใจพยุงตน,WitayaJ@bot.or.th,ปกติ,,จัดซื้อทดแทน 2560 01B01FEXP4302,11/19/2023 6:19 PM,Witaya Jaipayungton (วิทยา ใจพยุงตน)
01B01FEX6669,Ade2000,15 ปอนด์,อาคาร 1 ชั้น P4 โซน 3 K4 หน้าประตูหนีไฟ,8/31/2023,สนญ.,TRUE,11/19/2023 6:18 PM,วิทยา ใจพยุงตน,WitayaJ@bot.or.th,ปกติ,,จัดซื้อทดแทน 2560 01B01FEXP4303,11/19/2023 6:18 PM,Witaya Jaipayungton (วิทยา ใจพยุงตน)
01B01FEX6670,Ade2000,15 ปอนด์,อาคาร 1 ชั้น P4 โซน 4 ข้างลิฟท์ตัวที่ 16 (ลิฟท์ พนง.ดับเพลิง),8/31/2023,สนญ.,TRUE,11/19/2023 5:56 PM,วิทยา ใจพยุงตน,WitayaJ@bot.or.th,ปกติ,,จัดซื้อทดแทน 2560 01B01FEXP4403,11/19/2023 5:56 PM,Witaya Jaipayungton (วิทยา ใจพยุงตน)
50D1FE11,CO2,10 ปอนด์,ประจำรถตัดซีล (อยู่ในคอกชุดอุปกรณ์ตัดแก็สเคลื่อนที่),10/1/2024,ทอศ.,FALSE,,,,ปกติ,10.20 KG,12.11 KG,2/19/2025 10:02 AM,Nattaphat Prachaplang (ณัฏฐ์พัฒน์ ประชาแปลง)
41B01FEX1004,BF2000,15 ปอนด์,หน้าประตูห้องไฟฟ้า 2,1/1/2019,ศหญ.,FALSE,5/23/2024 3:28 PM,เลิศพงษ์ วงษ์บุตรดี,LeartphW@bot.or.th,ปกติ,,,5/25/2024 10:47 AM,Chakri Suwankrajang (จักรี สุวรรณกระจ่าง)
41B01FEX1002,BF2000,15 ปอนด์,ทางเข้าพนักงาน(D2),1/1/2020,ศหญ.,FALSE,5/23/2024 3:28 PM,เลิศพงษ์ วงษ์บุตรดี,LeartphW@bot.or.th,ปกติ,,,5/25/2024 10:47 AM,Chakri Suwankrajang (จักรี สุวรรณกระจ่าง)
01B01FEX1205,Dry che,15 ปอนด์,อาคาร 1 ชั้น 1 โซน 2 ในส่วนงาน ศูนย์แลกเอกสาร (เก่า),1/1/2016,สนญ.,FALSE,,,,จำหน่าย,,,5/24/2024 11:59 AM,Thitipong Suebjak-in (ฐิติพงศ์ สืบจากอินทร์)
01B01FEX1704,Dry che,15 ปอนด์,อาคาร 1 ชั้น 1 โซน 7 บันไดทางขึ้นสโมสร (นอกอาคาร),1/1/2016,สนญ.,FALSE,,,,จำหน่าย,,,5/24/2024 12:01 PM,Thitipong Suebjak-in (ฐิติพงศ์ สืบจากอินทร์)
01B01FEX2105,Dry che,10 ปอนด์,อาคาร 1 ชั้น 2 โซน 1 ทางเข้าห้องน้ำ ช/ญ หน้าห้องระบบไฟฟ้า/แอร์,1/1/2017,สนญ.,FALSE,,,,จำหน่าย,,,5/24/2024 12:04 PM,Thitipong Suebjak-in (ฐิติพงศ์ สืบจากอินทร์)
01B01FEX2205,Dry che,10 ปอนด์,อาคาร 1 ชั้น 2 โซน 2 โถงหน้าลิฟ์ ผู้ว่าฯ,1/1/2007,สนญ.,FALSE,,,,จำหน่าย,,,5/24/2024 12:10 PM,Thitipong Suebjak-in (ฐิติพงศ์ สืบจากอินทร์)
01B01FEX2206,Dry che,10 ปอนด์,อาคาร 1 ชั้น 2 โซน 2 ทางเข้าห้องน้ำ ช/ญ หน้าห้องระบบไฟฟ้า/แอร์,1/1/2007,สนญ.,FALSE,,,,จำหน่าย,,,5/24/2024 12:11 PM,Thitipong Suebjak-in (ฐิติพงศ์ สืบจากอินทร์)
01B01FEX2305,Dry che,10 ปอนด์,อาคาร 1 ชั้น 2 โซน 3 ทางเข้าห้องน้ำ ช/ญ หน้าห้องระบบไฟฟ้า/แอร์,1/1/2007,สนญ.,FALSE,,,,จำหน่าย,,,5/24/2024 12:15 PM,Thitipong Suebjak-in (ฐิติพงศ์ สืบจากอินทร์)
01B01FEX2402,Dry che,10 ปอนด์,อาคาร 1 ชั้น 2 โซน 4 ข้างลิฟท์ ตัวที่ 16 (ลิฟท์ พนง.ดับเพลิง),1/1/2005,สนญ.,FALSE,,,,จำหน่าย,,,5/24/2024 12:41 PM,Thitipong Suebjak-in (ฐิติพงศ์ สืบจากอินทร์)
01B01FEX2404,Dry che,15 ปอนด์,อาคาร 1 ชั้น 2 โซน 4 ข้างประตูหนีไฟใน ส่วนจัดการคอมพิวเตอร์ฯ,1/1/2005,สนญ.,FALSE,,,,จำหน่าย,,,5/24/2024 1:49 PM,Thitipong Suebjak-in (ฐิติพงศ์ สืบจากอินทร์)
01B01FEX2405,Dry che,10 ปอนด์,อาคาร 1 ชั้น 2 โซน 4 ทางเข้าห้องน้ำ ช/ญ หน้าห้องระบบไฟฟ้า/แอร์,1/1/2007,สนญ.,FALSE,,,,จำหน่าย,,,5/24/2024 12:45 PM,Thitipong Suebjak-in (ฐิติพงศ์ สืบจากอินทร์)
01B01FEX3202,Dry che,10 ปอนด์,อาคาร 1 ชั้น 3 โซน 2 ทางเข้าห้องน้ำ ช/ญ หน้าห้องระบบไฟฟ้า/แอร์,1/1/2007,สนญ.,FALSE,,,,จำหน่าย,,,5/24/2024 12:47 PM,Thitipong Suebjak-in (ฐิติพงศ์ สืบจากอินทร์)
01B01FEXR102,Dry che,10 ปอนด์,อาคาร 1 ชั้น Roof โซน 1 ตู้ FHC ด้านทิศตะวันตก,1/1/2006,สนญ.,FALSE,,,,จำหน่าย,,,5/24/2024 12:48 PM,Thitipong Suebjak-in (ฐิติพงศ์ สืบจากอินทร์)
01B01FEXR103,Dry che,10 ปอนด์,อาคาร 1 ชั้น Roof โซน 1 ตู้ FHC ด้านทิศใต้,1/1/2006,สนญ.,FALSE,,,,จำหน่าย,,,5/24/2024 12:49 PM,Thitipong Suebjak-in (ฐิติพงศ์ สืบจากอินทร์)
01B01FEXR201,Dry che,10 ปอนด์,อาคาร 1 ชั้น Roof โซน 2 ตู้ FHC ห้องควบคุมระบบไฟฟ้า,1/1/2006,สนญ.,FALSE,,,,จำหน่าย,,,5/24/2024 12:52 PM,Thitipong Suebjak-in (ฐิติพงศ์ สืบจากอินทร์)
01B01FEXR203,Dry che,10 ปอนด์,อาคาร 1 ชั้น Roof โซน 2 ตู้ FHC ด้านทิศตะวันตก,1/1/2006,สนญ.,FALSE,,,,จำหน่าย,,,5/24/2024 12:57 PM,Thitipong Suebjak-in (ฐิติพงศ์ สืบจากอินทร์)
01B01FEXR301,Dry che,10 ปอนด์,อาคาร 1 ชั้น Roof โซน 3 ตู้ FHC ห้องควบคุมระบบไฟฟ้า,1/1/2006,สนญ.,FALSE,,,,จำหน่าย,,,5/24/2024 1:37 PM,Thitipong Suebjak-in (ฐิติพงศ์ สืบจากอินทร์)
01B01FEXR302,Dry che,10 ปอนด์,อาคาร 1 ชั้น Roof โซน 3 ตู้ FHC ด้านทิศตะวันออก,1/1/2006,สนญ.,FALSE,,,,จำหน่าย,,,5/24/2024 1:37 PM,Thitipong Suebjak-in (ฐิติพงศ์ สืบจากอินทร์)
01B01FEXR303,Dry che,10 ปอนด์,อาคาร 1 ชั้น Roof โซน 3 ตู้ FHC ด้านทิศใต้,1/1/2006,สนญ.,FALSE,,,,จำหน่าย,,,5/24/2024 1:38 PM,Thitipong Suebjak-in (ฐิติพงศ์ สืบจากอินทร์)
01B01FEXP1101,Dry che,10 ปอนด์,อาคาร 1 ชั้น P1 โซน 1 F3,1/1/2006,สนญ.,FALSE,,,,จำหน่าย,,,5/24/2024 1:38 PM,Thitipong Suebjak-in (ฐิติพงศ์ สืบจากอินทร์)
01B01FEXP102,Dry che,10 ปอนด์,อาคาร 1 ชั้น P1 โซน 1 C4,1/1/2006,สนญ.,FALSE,,,,จำหน่าย,,,5/24/2024 1:38 PM,Thitipong Suebjak-in (ฐิติพงศ์ สืบจากอินทร์)
01B01FEXP103,Dry che,10 ปอนด์,อาคาร 1 ชั้น P1 โซน 1 C1 หน้าประตูหนีไฟ,1/1/2006,สนญ.,FALSE,,,,จำหน่าย,,,5/24/2024 1:51 PM,Thitipong Suebjak-in (ฐิติพงศ์ สืบจากอินทร์)
01B01FEXP104,Dry che,10 ปอนด์,อาคาร 1 ชั้น P1 โซน 1 หน้าประตูหนีไฟ (ทางขึ้น-ลง2),1/1/2006,สนญ.,FALSE,,,,จำหน่าย,,,5/24/2024 1:38 PM,Thitipong Suebjak-in (ฐิติพงศ์ สืบจากอินทร์)
01B01FEXP1201,Dry che,10 ปอนด์,อาคาร 1 ชั้น P1 โซน 2 F8,1/1/2006,สนญ.,FALSE,,,,จำหน่าย,,,5/24/2024 1:38 PM,Thitipong Suebjak-in (ฐิติพงศ์ สืบจากอินทร์)
01B01FEXP1203,Dry che,10 ปอนด์,อาคาร 1 ชั้น P1 โซน 2 E11 หน้าประตูหนีไฟ,1/1/2006,สนญ.,FALSE,,,,จำหน่าย,,,5/24/2024 1:39 PM,Thitipong Suebjak-in (ฐิติพงศ์ สืบจากอินทร์)
01B01FEXP1205,Dry che,10 ปอนด์,อาคาร 1 ชั้น P1 โซน 2 C5 หน้าประตูหนีไฟ,1/1/2006,สนญ.,FALSE,,,,จำหน่าย,,,5/24/2024 1:39 PM,Thitipong Suebjak-in (ฐิติพงศ์ สืบจากอินทร์)
01B01FEXP1301,Dry che,10 ปอนด์,อาคาร 1 ชั้น P1 โซน 3 H3,1/1/2006,สนญ.,FALSE,,,,จำหน่าย,,,5/24/2024 1:39 PM,Thitipong Suebjak-in (ฐิติพงศ์ สืบจากอินทร์)
01B01FEXP1302,Dry che,10 ปอนด์,อาคาร 1 ชั้น P1 โซน 3 หน้าประตูหนีไฟ (ทางขึ้น-ลง2),1/1/2006,สนญ.,FALSE,,,,จำหน่าย,,,5/24/2024 1:39 PM,Thitipong Suebjak-in (ฐิติพงศ์ สืบจากอินทร์)
01B01FEXP1401,Dry che,10 ปอนด์,อาคาร 1 ชั้น P1 โซน 4 H6 หน้าประตูหนีไฟ / ประตู ACCESS,1/1/2006,สนญ.,FALSE,,,,จำหน่าย,,,5/24/2024 1:39 PM,Thitipong Suebjak-in (ฐิติพงศ์ สืบจากอินทร์)
01B01FEXP1402,Dry che,10 ปอนด์,อาคาร 1 ชั้น P1 โซน 4 H6 หน้าประตูหนีไฟ / ประตู ACCESS,1/1/2006,สนญ.,FALSE,,,,จำหน่าย,,,5/24/2024 1:40 PM,Thitipong Suebjak-in (ฐิติพงศ์ สืบจากอินทร์)
01B01FEXP1701,Dry che,10 ปอนด์,อาคาร 1 ชั้น P1 โซน 7 I15 (ทางขึ้น-ลง 1),1/1/2006,สนญ.,FALSE,,,,จำหน่าย,,,5/24/2024 1:40 PM,Thitipong Suebjak-in (ฐิติพงศ์ สืบจากอินทร์)
01B01FEXP2101,Dry che,10 ปอนด์,อาคาร 1 ชั้น P2 โซน 1 F3,1/1/2006,สนญ.,FALSE,,,,จำหน่าย,,,5/24/2024 1:40 PM,Thitipong Suebjak-in (ฐิติพงศ์ สืบจากอินทร์)
01B01FEXP2102,Dry che,10 ปอนด์,อาคาร 1 ชั้น P2 โซน 1 C4,1/1/2006,สนญ.,FALSE,,,,จำหน่าย,,,5/24/2024 1:40 PM,Thitipong Suebjak-in (ฐิติพงศ์ สืบจากอินทร์)
01B01FEXP2103,Dry che,10 ปอนด์,อาคาร 1 ชั้น P2 โซน 1 C1 หน้าประตูหนีไฟ,1/1/2006,สนญ.,FALSE,,,,จำหน่าย,,,5/24/2024 1:40 PM,Thitipong Suebjak-in (ฐิติพงศ์ สืบจากอินทร์)
01B01FEXP2104,Dry che,10 ปอนด์,อาคาร 1 ชั้น P2 โซน 1 หน้าประตูหนีไฟ (ทางขึ้น-ลง2),1/1/2006,สนญ.,FALSE,,,,จำหน่าย,,,5/24/2024 1:41 PM,Thitipong Suebjak-in (ฐิติพงศ์ สืบจากอินทร์)
01B01FEXP2202,Dry che,10 ปอนด์,อาคาร 1 ชั้น P2 โซน 2 F8,1/1/2006,สนญ.,FALSE,,,,จำหน่าย,,,5/24/2024 1:41 PM,Thitipong Suebjak-in (ฐิติพงศ์ สืบจากอินทร์)
01B01FEXP2203,Dry che,10 ปอนด์,อาคาร 1 ชั้น P2 โซน 2 E11 หน้าประตูหนีไฟ,1/1/2006,สนญ.,FALSE,,,,จำหน่าย,,,5/24/2024 1:41 PM,Thitipong Suebjak-in (ฐิติพงศ์ สืบจากอินทร์)
01B01FEXP2205,Dry che,10 ปอนด์,อาคาร 1 ชั้น P2 โซน 2 C5 หน้าประตูหนีไฟ,1/1/2008,สนญ.,FALSE,,,,จำหน่าย,,,5/24/2024 1:42 PM,Thitipong Suebjak-in (ฐิติพงศ์ สืบจากอินทร์)
01B01FEXP2301,Dry che,10 ปอนด์,อาคาร 1 ชั้น P2 โซน 3 H3,1/1/2008,สนญ.,FALSE,,,,จำหน่าย,,,5/24/2024 1:42 PM,Thitipong Suebjak-in (ฐิติพงศ์ สืบจากอินทร์)
01B01FEXP2302,Dry che,10 ปอนด์,อาคาร 1 ชั้น P2 โซน 3 หน้าประตูหนีไฟ (ทางขึ้น-ลง2),1/1/2007,สนญ.,FALSE,,,,จำหน่าย,,,5/24/2024 1:42 PM,Thitipong Suebjak-in (ฐิติพงศ์ สืบจากอินทร์)
01B01FEXP2303,Dry che,10 ปอนด์,อาคาร 1 ชั้น P2 โซน 3 K4 หน้าประตูหนีไฟ,1/1/2006,สนญ.,FALSE,,,,จำหน่าย,,,5/24/2024 1:42 PM,Thitipong Suebjak-in (ฐิติพงศ์ สืบจากอินทร์)
01B01FEXP2401,Dry che,10 ปอนด์,อาคาร 1 ชั้น P2 โซน 4 H6 หน้าประตูหนีไฟ / ประตู ACCESS,1/1/2007,สนญ.,FALSE,,,,จำหน่าย,,,5/24/2024 1:42 PM,Thitipong Suebjak-in (ฐิติพงศ์ สืบจากอินทร์)
01B01FEXP2403,Dry che,10 ปอนด์,อาคาร 1 ชั้น P2 โซน 4 ข้างลิฟท์ตัวที่ 16 (ลิฟท์ พนง.ดับเพลิง),1/1/2006,สนญ.,FALSE,,,,จำหน่าย,,,5/24/2024 1:42 PM,Thitipong Suebjak-in (ฐิติพงศ์ สืบจากอินทร์)
01B01FEXP2404,Dry che,10 ปอนด์,อาคาร 1 ชั้น P2 โซน 4 J10 หน้าประตูหนีไฟ,1/1/2006,สนญ.,FALSE,,,,จำหน่าย,,,5/24/2024 1:43 PM,Thitipong Suebjak-in (ฐิติพงศ์ สืบจากอินทร์)
01B01FEXP2601,Dry che,10 ปอนด์,อาคาร 1 ชั้น P2 โซน 6 E14 (ทางขึ้น-ลง 1),1/1/2006,สนญ.,FALSE,,,,จำหน่าย,,,5/24/2024 1:43 PM,Thitipong Suebjak-in (ฐิติพงศ์ สืบจากอินทร์)
01B01FEXP2701,Dry che,10 ปอนด์,อาคาร 1 ชั้น P2 โซน 7 I15 (ทางขึ้น-ลง 1),1/1/2006,สนญ.,FALSE,,,,จำหน่าย,,,5/24/2024 1:43 PM,Thitipong Suebjak-in (ฐิติพงศ์ สืบจากอินทร์)
01B01FEXP3102,Dry che,10 ปอนด์,อาคาร 1 ชั้น P3 โซน 1 C4,1/1/2006,สนญ.,FALSE,,,,จำหน่าย,,,5/24/2024 1:43 PM,Thitipong Suebjak-in (ฐิติพงศ์ สืบจากอินทร์)
01B01FEXP3103,Dry che,10 ปอนด์,อาคาร 1 ชั้น P3 โซน 1 C1 หน้าประตูหนีไฟ,1/1/2006,สนญ.,FALSE,,,,จำหน่าย,,,5/24/2024 1:43 PM,Thitipong Suebjak-in (ฐิติพงศ์ สืบจากอินทร์)
01B01FEXP3104,Dry che,10 ปอนด์,อาคาร 1 ชั้น P3 โซน 1 หน้าประตูหนีไฟ (ทางขึ้น-ลง2),1/1/2006,สนญ.,FALSE,,,,จำหน่าย,,,5/24/2024 1:43 PM,Thitipong Suebjak-in (ฐิติพงศ์ สืบจากอินทร์)
1B01FEXP3202,Dry che,10 ปอนด์,อาคาร 1 ชั้น P3 โซน 2 F8,1/1/2006,สนญ.,FALSE,,,,จำหน่าย,,,5/24/2024 1:44 PM,Thitipong Suebjak-in (ฐิติพงศ์ สืบจากอินทร์)
01B01FEXP3203,Dry che,10 ปอนด์,อาคาร 1 ชั้น P3 โซน 2 E11 หน้าประตูหนีไฟ,1/1/2006,สนญ.,FALSE,,,,จำหน่าย,,,5/24/2024 1:44 PM,Thitipong Suebjak-in (ฐิติพงศ์ สืบจากอินทร์)
01B01FEXP3205,Dry che,10 ปอนด์,อาคาร 1 ชั้น P3 โซน 2 C5 หน้าประตูหนีไฟ,1/1/2006,สนญ.,FALSE,,,,จำหน่าย,,,5/24/2024 1:44 PM,Thitipong Suebjak-in (ฐิติพงศ์ สืบจากอินทร์)
01B01FEXP3301,Dry che,10 ปอนด์,อาคาร 1 ชั้น P3 โซน 3 H3,1/1/2006,สนญ.,FALSE,,,,จำหน่าย,,,5/24/2024 1:44 PM,Thitipong Suebjak-in (ฐิติพงศ์ สืบจากอินทร์)
01B01FEXP3302,Dry che,10 ปอนด์,อาคาร 1 ชั้น P3 โซน 3 หน้าประตูหนีไฟ (ทางขึ้น-ลง2),1/1/2006,สนญ.,FALSE,,,,จำหน่าย,,,5/24/2024 1:44 PM,Thitipong Suebjak-in (ฐิติพงศ์ สืบจากอินทร์)
01B01FEXP3303,Dry che,10 ปอนด์,อาคาร 1 ชั้น P3 โซน 3 K4 หน้าประตูหนีไฟ,1/1/2006,สนญ.,FALSE,,,,จำหน่าย,,,5/24/2024 1:44 PM,Thitipong Suebjak-in (ฐิติพงศ์ สืบจากอินทร์)
01B01FEXP3401,Dry che,10 ปอนด์,อาคาร 1 ชั้น P3 โซน 4 H6 หน้าประตูหนีไฟ / ประตู ACCESS,1/1/2006,สนญ.,FALSE,,,,จำหน่าย,,,5/24/2024 1:44 PM,Thitipong Suebjak-in (ฐิติพงศ์ สืบจากอินทร์)
01B01FEXP3403,Dry che,10 ปอนด์,อาคาร 1 ชั้น P3 โซน 4 ข้างลิฟท์ตัวที่ 16 (ลิฟท์ พนง.ดับเพลิง),1/1/2006,สนญ.,FALSE,,,,จำหน่าย,,,5/24/2024 1:45 PM,Thitipong Suebjak-in (ฐิติพงศ์ สืบจากอินทร์)
01B01FEXP3404,Dry che,10 ปอนด์,อาคาร 1 ชั้น P3 โซน 4 J10 หน้าประตูหนีไฟ,1/1/2006,สนญ.,FALSE,,,,จำหน่าย,,,5/24/2024 1:45 PM,Thitipong Suebjak-in (ฐิติพงศ์ สืบจากอินทร์)
01B01FEXP3601,Dry che,10 ปอนด์,อาคาร 1 ชั้น P3 โซน 6 E14 (ทางขึ้น-ลง 1),1/1/2006,สนญ.,FALSE,,,,จำหน่าย,,,5/24/2024 1:45 PM,Thitipong Suebjak-in (ฐิติพงศ์ สืบจากอินทร์)
01B01FEXP3701,Dry che,10 ปอนด์,อาคาร 1 ชั้น P3 โซน 7 I15 (ทางขึ้น-ลง 1),1/1/2006,สนญ.,FALSE,,,,จำหน่าย,,,5/24/2024 1:45 PM,Thitipong Suebjak-in (ฐิติพงศ์ สืบจากอินทร์)
01B01FEXP4101,Dry che,10 ปอนด์,อาคาร 1 ชั้น P4 โซน 1 F3,1/1/2006,สนญ.,FALSE,,,,จำหน่าย,,,5/24/2024 1:45 PM,Thitipong Suebjak-in (ฐิติพงศ์ สืบจากอินทร์)
01B01FEXP4102,Dry che,10 ปอนด์,อาคาร 1 ชั้น P4 โซน 1 C4,1/1/2006,สนญ.,FALSE,,,,จำหน่าย,,,5/24/2024 1:45 PM,Thitipong Suebjak-in (ฐิติพงศ์ สืบจากอินทร์)
01B01FEXP4103,Dry che,10 ปอนด์,อาคาร 1 ชั้น P4 โซน 1 C1 หน้าประตูหนีไฟ,1/1/2006,สนญ.,FALSE,,,,จำหน่าย,,,5/24/2024 1:45 PM,Thitipong Suebjak-in (ฐิติพงศ์ สืบจากอินทร์)
01B01FEXP4104,Dry che,10 ปอนด์,อาคาร 1 ชั้น P4 โซน 1 หน้าประตูหนีไฟ (ทางขึ้น-ลง2),1/1/2006,สนญ.,FALSE,,,,จำหน่าย,,,5/24/2024 1:46 PM,Thitipong Suebjak-in (ฐิติพงศ์ สืบจากอินทร์)
01B01FEXP4202,Dry che,10 ปอนด์,อาคาร 1 ชั้น P4 โซน 2 F8,1/1/2006,สนญ.,FALSE,,,,จำหน่าย,,,5/24/2024 1:46 PM,Thitipong Suebjak-in (ฐิติพงศ์ สืบจากอินทร์)
01B01FEXP4203,Dry che,10 ปอนด์,อาคาร 1 ชั้น P4 โซน 2 E11 หน้าประตูหนีไฟ,1/1/2006,สนญ.,FALSE,,,,จำหน่าย,,,5/24/2024 1:46 PM,Thitipong Suebjak-in (ฐิติพงศ์ สืบจากอินทร์)
01B01FEXP4205,Dry che,10 ปอนด์,อาคาร 1 ชั้น P4 โซน 2 C5 หน้าประตูหนีไฟ,1/1/2006,สนญ.,FALSE,,,,จำหน่าย,,,5/24/2024 1:46 PM,Thitipong Suebjak-in (ฐิติพงศ์ สืบจากอินทร์)
01B01FEXP4301,Dry che,10 ปอนด์,อาคาร 1 ชั้น P4 โซน 3 H3,1/1/2006,สนญ.,FALSE,,,,จำหน่าย,,,5/24/2024 1:46 PM,Thitipong Suebjak-in (ฐิติพงศ์ สืบจากอินทร์)
01B01FEXP4302,Dry che,10 ปอนด์,อาคาร 1 ชั้น P4 โซน 3 หน้าประตูหนีไฟ (ทางขึ้น-ลง2),1/1/2006,สนญ.,FALSE,,,,จำหน่าย,,,5/24/2024 1:46 PM,Thitipong Suebjak-in (ฐิติพงศ์ สืบจากอินทร์)
01B01FEXP4303,Dry che,10 ปอนด์,อาคาร 1 ชั้น P4 โซน 3 K4 หน้าประตูหนีไฟ,1/1/2006,สนญ.,FALSE,,,,จำหน่าย,,,5/24/2024 1:46 PM,Thitipong Suebjak-in (ฐิติพงศ์ สืบจากอินทร์)
01B01FEXP4403,Dry che,10 ปอนด์,อาคาร 1 ชั้น P4 โซน 4 ข้างลิฟท์ตัวที่ 16 (ลิฟท์ พนง.ดับเพลิง),1/1/2006,สนญ.,FALSE,,,,จำหน่าย,,,5/24/2024 1:47 PM,Thitipong Suebjak-in (ฐิติพงศ์ สืบจากอินทร์)
01B03FEX6672,Ade2000,15 ปอนด์,อาคาร 3 ชั้น 2 ตู้ FHC หน้าลิฟท์,1/1/2023,สนญ.,FALSE,,,,ปกติ,,,6/28/2024 2:32 PM,Rohman Hanirae (เร๊าะมัน หะนิแร)
01B03FEX6671,Ade2000,15 ปอนด์,อาคาร 3 ชั้น 1 หน้าห้องไฟฟ้า (ภายนอกอาคาร),1/1/2023,สนญ.,FALSE,,,,ปกติ,,,6/28/2024 2:32 PM,Rohman Hanirae (เร๊าะมัน หะนิแร)
01B03FEX6673,Ade2000,15 ปอนด์,อาคาร 3 ชั้น 3 ตู้ FHC หน้าลิฟท์,1/1/2023,สนญ.,FALSE,,,,ปกติ,,,6/28/2024 2:32 PM,Rohman Hanirae (เร๊าะมัน หะนิแร)
01B03FEX6674,Ade2000,15 ปอนด์,อาคาร 3 ชั้น 3 ประตูหนีไฟในส่วนงาน,1/1/2023,สนญ.,FALSE,,,,ปกติ,,,6/28/2024 2:32 PM,Rohman Hanirae (เร๊าะมัน หะนิแร)
01B03FEX6675,Ade2000,15 ปอนด์,อาคาร 3 ชั้น 4 ตู้ FHC หน้าลิฟท์,1/1/2023,สนญ.,FALSE,,,,ปกติ,,,6/28/2024 2:32 PM,Rohman Hanirae (เร๊าะมัน หะนิแร)
01B03FEX6676,Ade2000,15 ปอนด์,อาคาร 3 ชั้น 4 ประตูหนีไฟในส่วนงาน,1/1/2023,สนญ.,FALSE,,,,ปกติ,,,6/28/2024 2:32 PM,Rohman Hanirae (เร๊าะมัน หะนิแร)
01B03FEX6677,Ade2000,15 ปอนด์,อาคาร 3 ชั้น 5 ตู้ FHC หน้าลิฟท์,1/1/2023,สนญ.,FALSE,,,,ปกติ,,,6/28/2024 2:32 PM,Rohman Hanirae (เร๊าะมัน หะนิแร)
01B03FEX6678,Ade2000,15 ปอนด์,อาคาร 3 ชั้น 5 ประตูหนีไฟในส่วนงาน,1/1/2023,สนญ.,FALSE,,,,ปกติ,,,6/28/2024 2:32 PM,Rohman Hanirae (เร๊าะมัน หะนิแร)
01B03FEX6679,Ade2000,15 ปอนด์,อาคาร 3 ชั้น 6 ตู้ FHC หน้าลิฟท์,1/1/2023,สนญ.,FALSE,,,,ปกติ,,,6/28/2024 2:32 PM,Rohman Hanirae (เร๊าะมัน หะนิแร)
01B03FEX6680,Ade2000,15 ปอนด์,อาคาร 3 ชั้น 6 ประตูหนีไฟในส่วนงาน,1/1/2023,สนญ.,FALSE,,,,ปกติ,,,6/28/2024 2:32 PM,Rohman Hanirae (เร๊าะมัน หะนิแร)
01B03FEX6681,Ade2000,15 ปอนด์,อาคาร 3 ชั้น 7 ตู้ FHC หน้าลิฟท์,1/1/2023,สนญ.,FALSE,,,,ปกติ,,,6/28/2024 2:32 PM,Rohman Hanirae (เร๊าะมัน หะนิแร)
01B03FEX6682,Ade2000,15 ปอนด์,อาคาร 3 ชั้น 8 ตู้ FHC หน้าลิฟท์,1/1/2023,สนญ.,FALSE,,,,ปกติ,,,6/28/2024 2:32 PM,Rohman Hanirae (เร๊าะมัน หะนิแร)
01B03FEX6683,Ade2000,15 ปอนด์,อาคาร 3 ชั้น 8 ประตูหนีไฟหลังเวที,1/1/2023,สนญ.,FALSE,,,,ปกติ,,,6/28/2024 2:32 PM,Rohman Hanirae (เร๊าะมัน หะนิแร)
01B04FEX6684,Ade2000,15 ปอนด์,อาคาร 4 ชั้น 1 ตู้ FHC หน้าห้องน้ำ,1/1/2023,สนญ.,FALSE,,,,ปกติ,,,6/28/2024 2:32 PM,Rohman Hanirae (เร๊าะมัน หะนิแร)
01B04FEX6685,Ade2000,15 ปอนด์,อาคาร 4 ชั้น 1 ตู้ FHC ภายในห้องควบคุมระบบไฟฟ้า,1/1/2023,สนญ.,FALSE,,,,ปกติ,,,6/28/2024 2:32 PM,Rohman Hanirae (เร๊าะมัน หะนิแร)
01B04FEX6686,Ade2000,15 ปอนด์,อาคาร 4 ชั้น 2 ตู้ FHC หน้าห้องน้ำ,1/1/2023,สนญ.,FALSE,,,,ปกติ,,,6/28/2024 2:32 PM,Rohman Hanirae (เร๊าะมัน หะนิแร)
01B04FEX6687,Ade2000,15 ปอนด์,อาคาร 4 ชั้น 3 ตู้ FHC หน้าห้องน้ำ,1/1/2023,สนญ.,FALSE,,,,ปกติ,,,6/28/2024 2:32 PM,Rohman Hanirae (เร๊าะมัน หะนิแร)
01B06FEX6688,Ade2000,15 ปอนด์,อาคาร 6 ชั้น 1 ห้องไฟฟ้า,1/1/2023,สนญ.,FALSE,,,,ปกติ,,,6/28/2024 2:32 PM,Rohman Hanirae (เร๊าะมัน หะนิแร)
01B06FEX6689,Ade2000,15 ปอนด์,อาคาร 6 ชั้น 2 ห้องเตรียมอาหาร,1/1/2023,สนญ.,FALSE,,,,ปกติ,,,6/28/2024 2:32 PM,Rohman Hanirae (เร๊าะมัน หะนิแร)
01B06FEX6690,Ade2000,15 ปอนด์,อาคาร 6 ชั้น 2 ห้องเตรียมอาหาร,1/1/2023,สนญ.,FALSE,,,,ปกติ,,,6/28/2024 2:32 PM,Rohman Hanirae (เร๊าะมัน หะนิแร)
01B06FEX6691,Ade2000,15 ปอนด์,อาคาร 6 ชั้น 3 ห้องเตรียมอาหาร,1/1/2023,สนญ.,FALSE,,,,ปกติ,,,6/28/2024 2:32 PM,Rohman Hanirae (เร๊าะมัน หะนิแร)
01B06FEX6692,Ade2000,15 ปอนด์,อาคาร 6 ชั้น 3 ห้องเตรียมอาหาร,1/1/2023,สนญ.,FALSE,,,,ปกติ,,,6/28/2024 2:32 PM,Rohman Hanirae (เร๊าะมัน หะนิแร)
01B06FEX6693,Ade2000,15 ปอนด์,อาคาร 6 ชั้น ใต้ดิน ห้องปั๊มน้ำ,1/1/2023,สนญ.,FALSE,,,,ปกติ,,,6/28/2024 2:32 PM,Rohman Hanirae (เร๊าะมัน หะนิแร)
01B08FEX6694,Ade2000,15 ปอนด์,อาคาร 8 ชั้น 1 ในตู้หน้าประตูเข้าอาคาร ,1/1/2023,สนญ.,FALSE,,,,ปกติ,,,6/28/2024 2:32 PM,Rohman Hanirae (เร๊าะมัน หะนิแร)
01B09FEX6695,Ade2000,15 ปอนด์,อาคาร 9 ชั้น 2 หน้าบันไดขึ้น-ลง,1/1/2023,สนญ.,FALSE,,,,ปกติ,,,6/28/2024 2:32 PM,Rohman Hanirae (เร๊าะมัน หะนิแร)
01B09FEX6696,Ade2000,15 ปอนด์,อาคาร 9 ชั้น 3 หน้าบันไดขึ้น-ลง,1/1/2023,สนญ.,FALSE,,,,ปกติ,,,6/28/2024 2:32 PM,Rohman Hanirae (เร๊าะมัน หะนิแร)
01B03FEX1005,Ade2000,15 ปอนด์,อาคาร 3 ชั้น 1 ในห้องปั๊มน้ำ (ประตูเขียว),1/1/2024,สนญ.,FALSE,,,,ปกติ,,,7/27/2026 5:14 PM,Watcharakron Pualek (วัชรกรณ์ พั่วเหล็ก)
01B03FEX1006,Ade2000,15 ปอนด์,อาคาร 3 ชั้น 1 ในห้องปั๊มน้ำ (ประตูเขียว),1/1/2022,สนญ.,FALSE,,,,ปกติ,,,7/27/2026 5:14 PM,Watcharakron Pualek (วัชรกรณ์ พั่วเหล็ก)
01B03FEX1007,Ade2000,15 ปอนด์,อาคาร 3 ชั้น 1 ในห้องปั๊มน้ำ (ประตูเขียว),1/1/2022,สนญ.,FALSE,,,,ปกติ,,,7/27/2026 5:14 PM,Watcharakron Pualek (วัชรกรณ์ พั่วเหล็ก)
01B01FEXCR01,BF2000,15 ปอนด์,ห้องควบคุม บก.ขุนพรหม,1/1/2022,สนญ.,FALSE,,,,ปกติ,,,6/28/2024 2:32 PM,Rohman Hanirae (เร๊าะมัน หะนิแร)
01B01FEXCR02,BF2000,15 ปอนด์,ห้องควบคุม บก.ขุนพรหม,1/1/2019,สนญ.,FALSE,,,,ปกติ,,,6/28/2024 2:32 PM,Rohman Hanirae (เร๊าะมัน หะนิแร)
01B01FEXCR03,BF2000,10 ปอนด์,ห้องควบคุม บก.ขุนพรหม,1/1/2022,สนญ.,FALSE,,,,ปกติ,,,6/28/2024 2:32 PM,Rohman Hanirae (เร๊าะมัน หะนิแร)
01B01FEXCR04,BF2000,10 ปอนด์,ห้องควบคุม บก.ขุนพรหม,1/1/2019,สนญ.,FALSE,,,,ปกติ,,,6/28/2024 2:32 PM,Rohman Hanirae (เร๊าะมัน หะนิแร)
50G1C04,Dry che,10 ปอนด์,อาคารระบายน้ำ,9/9/2022,ทอศ.,FALSE,,,,ปกติ,,,2/20/2025 9:17 PM,Nattaphat Prachaplang (ณัฏฐ์พัฒน์ ประชาแปลง)
01B011FEX6701,Ade2000,15 ปอนด์,อาคาร 1 ชั้น 1 โซน 6 ทางเข้า-ออกประตูม้วน ส่วนงานวิศวกรรม,12/2/2024,สนญ.,FALSE,,,,,,,12/2/2024 22:50,Thanakon Thotthawin (ธนากร ทศถวิล)
01B011FEX6702,Ade2000,15 ปอนด์,อาคาร 1 ชั้น 1 โซน 6 หน้าประตูระบบไฟฟ้าสำนักงาน,12/2/2024,สนญ.,FALSE,,,,,,,12/2/2024 22:52,Thanakon Thotthawin (ธนากร ทศถวิล)
01B011FEX6703,Ade2000,15 ปอนด์,อาคาร 1 ชั้น 1 โซน 7 ในห้องสีเขียว,12/2/2024,สนญ.,FALSE,,,,,,,12/2/2024 22:53,Thanakon Thotthawin (ธนากร ทศถวิล)
01B011FEX6704,Ade2000,15 ปอนด์,อาคาร 1 ชั้น 1 โซน 7 ในห้องสีเขียว,12/2/2024,สนญ.,FALSE,,,,,,,12/2/2024 22:55,Thanakon Thotthawin (ธนากร ทศถวิล)
01B011FEX6705,Ade2000,15 ปอนด์,อาคาร 1 ชั้น 1 โซน 7 หน้าห้องเครื่องกำเนิดไฟฟ้า,12/2/2024,สนญ.,FALSE,,,,,,,12/2/2024 22:56,Thanakon Thotthawin (ธนากร ทศถวิล)
01B011FEX6706,Ade2000,15 ปอนด์,อาคาร 1 ชั้น 1 โซน 7 หน้าห้องเครื่องกำเนิดไฟฟ้า,12/2/2024,สนญ.,FALSE,,,,,,,12/2/2024 22:57,Thanakon Thotthawin (ธนากร ทศถวิล)
01B011FEX6707,Ade2000,15 ปอนด์,อาคาร 1 ชั้น 1 โซน 7 หน้าห้อง UPS,12/2/2024,สนญ.,FALSE,,,,,,,12/2/2024 23:01,Thanakon Thotthawin (ธนากร ทศถวิล)
01B011FEX6708,Ade2000,15 ปอนด์,อาคาร 1 ชั้น 1 โซน 7 หน้าห้อง UPS,12/2/2024,สนญ.,FALSE,,,,,,,12/2/2024 23:01,Thanakon Thotthawin (ธนากร ทศถวิล)
01B011FEX6709,Ade2000,15 ปอนด์,อาคาร 1 ชั้น 1 โซน 7 หน้าห้อง UPS,12/2/2024,สนญ.,FALSE,,,,,,,12/2/2024 23:02,Thanakon Thotthawin (ธนากร ทศถวิล)
01B011FEX6710,Ade2000,15 ปอนด์,อาคาร 1 ชั้น 1 โซน 7 หน้าห้องเครื่องกำเนิดไฟฟ้าสำรอง (1-2) 1,12/2/2024,สนญ.,FALSE,,,,,,,12/2/2024 23:04,Thanakon Thotthawin (ธนากร ทศถวิล)
01B011FEX6711,Ade2000,15 ปอนด์,อาคาร 1 ชั้น 1 โซน 7 หน้าห้องเครื่องกำเนิดไฟฟ้าสำรอง (1-2) 2,12/2/2024,สนญ.,FALSE,,,,,,,12/2/2024 23:05,Thanakon Thotthawin (ธนากร ทศถวิล)
01B011FEX6712,Ade2000,15 ปอนด์,อาคาร 1 ชั้น 1 โซน 7 ห้องเครื่องกำเนิดไฟฟ้าสำรอง(2),12/2/2024,สนญ.,FALSE,,,,,,,12/2/2024 23:06,Thanakon Thotthawin (ธนากร ทศถวิล)
01B011FEX6713,Ade2000,15 ปอนด์,อาคาร 1 ชั้น 1 โซน 7 ห้องเครื่องกำเนิดไฟฟ้าสำรอง(2),12/2/2024,สนญ.,FALSE,,,,,,,12/2/2024 23:07,Thanakon Thotthawin (ธนากร ทศถวิล)
01B011FEX6714,Ade2000,15 ปอนด์,อาคาร 1 ชั้น 1 โซน 7 ห้องเครื่องกำเนิดไฟฟ้าสำรอง (2),12/2/2024,สนญ.,FALSE,,,,,,,12/2/2024 23:09,Thanakon Thotthawin (ธนากร ทศถวิล)
01B012FEX6715,Ade2000,15 ปอนด์,อาคาร 1 ชั้น 2 โซน 1 ในฝ่ายตรวจสอบ 1 สกส.,12/2/2024,สนญ.,FALSE,,,,,,,12/2/2024 23:10,Thanakon Thotthawin (ธนากร ทศถวิล)
01B012FEX6716,Ade2000,15 ปอนด์,อาคาร 1 ชั้น 2 โซน 1 ข้างประตูหนีไฟใน ฝ่ายตรวจสอบ 1 สกส.,12/2/2024,สนญ.,FALSE,,,,,,,12/2/2024 23:11,Thanakon Thotthawin (ธนากร ทศถวิล)
01B012FEX6717,Ade2000,15 ปอนด์,อาคาร 1 ชั้น 2 โซน 1 ข้างประตูหนีไฟใน ฝ่ายตรวจสอบ 1 สกส.,12/2/2024,สนญ.,FALSE,,,,,,,12/2/2024 23:12,Thanakon Thotthawin (ธนากร ทศถวิล)
01B012FEX6718,Ade2000,15 ปอนด์,อาคาร 1 ชั้น 2 โซน 2 ข้างประตูหนีไฟใน ฝ่ายตรวจสอบ 2 สกส.,12/2/2024,สนญ.,FALSE,,,,,,,12/2/2024 23:14,Thanakon Thotthawin (ธนากร ทศถวิล)
01B012FEX6719,Ade2000,15 ปอนด์,อาคาร 1 ชั้น 2 โซน 2 ข้างประตูหนีไฟใน ฝ่ายตรวจสอบ 2 สกส.,12/2/2024,สนญ.,FALSE,,,,,,,12/2/2024 23:15,Thanakon Thotthawin (ธนากร ทศถวิล)
01B012FEX6720,Ade2000,15 ปอนด์,อาคาร 1 ชั้น 2 โซน 2 ข้างประตูหนีไฟใน ฝ่ายตรวจสอบ 2 สกส.,12/2/2024,สนญ.,FALSE,,,,,,,12/2/2024 23:15,Thanakon Thotthawin (ธนากร ทศถวิล)
01B012FEX6721,Ade2000,15 ปอนด์,อาคาร 1 ชั้น 2 โซน 3 ข้างประตูหนีไฟใน ฝ่ายวิเคราะห์/วางแผน สกส.,12/2/2024,สนญ.,FALSE,,,,,,,12/2/2024 23:16,Thanakon Thotthawin (ธนากร ทศถวิล)
01B012FEX6722,Ade2000,15 ปอนด์,อาคาร 1 ชั้น 2 โซน 3 ข้างประตูหนีไฟใน ฝ่ายวิเคราะห์/วางแผน สกส.,12/2/2024,สนญ.,FALSE,,,,,,,12/2/2024 23:17,Thanakon Thotthawin (ธนากร ทศถวิล)
01B012FEX6723,Ade2000,15 ปอนด์,อาคาร 1 ชั้น 2 โซน 3 ในฝ่ายวิเคราะห์/วางแผน สกส.,12/2/2024,สนญ.,FALSE,,,,,,,12/2/2024 23:18,Thanakon Thotthawin (ธนากร ทศถวิล)
01B012FEX6724,Ade2000,15 ปอนด์,อาคาร 1 ชั้น 2 โซน 4 ข้างประตูหนีไฟใน ส่วนจัดการคอมพิวเตอร์ฯ,12/2/2024,สนญ.,FALSE,,,,,,,12/2/2024 23:19,Thanakon Thotthawin (ธนากร ทศถวิล)
01B013FEX6725,Ade2000,15 ปอนด์,อาคาร 1 ชั้น 3 โซน 1 ทางเข้าห้องน้ำ ช/ญ หน้าห้องระบบไฟฟ้า/แอร์,12/2/2024,สนญ.,FALSE,,,,,,,12/2/2024 23:20,Thanakon Thotthawin (ธนากร ทศถวิล)
01B013FEX6726,Ade2000,15 ปอนด์,อาคาร 1 ชั้น 3 โซน 1 ส่วนงาน ฝ.นโยบายฯ,12/2/2024,สนญ.,FALSE,,,,,,,12/2/2024 23:20,Thanakon Thotthawin (ธนากร ทศถวิล)
01B013FEX6727,Ade2000,15 ปอนด์,อาคาร 1 ชั้น 3 โซน 1 ข้างประตูหนีไฟ ฝ.เศรษฐกิจในประเทศฯ,12/2/2024,สนญ.,FALSE,,,,,,,12/2/2024 23:21,Thanakon Thotthawin (ธนากร ทศถวิล)
01B013FEX6728,Ade2000,15 ปอนด์,อาคาร 1 ชั้น 3 โซน 2 ข้างประตูหนีไฟ สายนโยบายการเงิน,12/2/2024,สนญ.,FALSE,,,,,,,12/2/2024 23:22,Thanakon Thotthawin (ธนากร ทศถวิล)
01B013FEX6729,Ade2000,15 ปอนด์,อาคาร 1 ชั้น 3 โซน 2 ข้างประตูหนีไฟ สายนโยบายการเงิน,12/2/2024,สนญ.,FALSE,,,,,,,12/2/2024 23:23,Thanakon Thotthawin (ธนากร ทศถวิล)
01B013FEX6730,Ade2000,15 ปอนด์,อาคาร 1 ชั้น 3 โซน 2 ข้างประตูหนีไฟ สายนโยบายการเงิน,12/2/2024,สนญ.,FALSE,,,,,,,12/2/2024 23:23,Thanakon Thotthawin (ธนากร ทศถวิล)
01B013FEX6731,Ade2000,15 ปอนด์,อาคาร 1 ชั้น 3 โซน 3 ข้างลิฟท์ ตัวที่ 7-8,12/2/2024,สนญ.,FALSE,,,,,,,12/2/2024 23:24,Thanakon Thotthawin (ธนากร ทศถวิล)
01B013FEX6732,Ade2000,15 ปอนด์,อาคาร 1 ชั้น 3 โซน 3 ทางเข้าห้องน้ำ ช/ญ หน้าห้องระบบไฟฟ้า/แอร์,12/2/2024,สนญ.,FALSE,,,,,,,12/2/2024 23:25,Thanakon Thotthawin (ธนากร ทศถวิล)
01B013FEX6733,Ade2000,15 ปอนด์,อาคาร 1 ชั้น 3 โซน 3 สายตลาดเงิน,12/2/2024,สนญ.,FALSE,,,,,,,12/2/2024 23:26,Thanakon Thotthawin (ธนากร ทศถวิล)
01B013FEX6734,Ade2000,15 ปอนด์,อาคาร 1 ชั้น 3 โซน 3 สายตลาดเงิน,12/2/2024,สนญ.,FALSE,,,,,,,12/2/2024 23:27,Thanakon Thotthawin (ธนากร ทศถวิล)
01B013FEX6735,Ade2000,15 ปอนด์,อาคาร 1 ชั้น 3 โซน 3 สายตลาดเงิน,12/2/2024,สนญ.,FALSE,,,,,,,12/2/2024 23:28,Thanakon Thotthawin (ธนากร ทศถวิล)
01B013FEX6736,Ade2000,15 ปอนด์,อาคาร 1 ชั้น 3 โซน 3 สายตลาดเงิน,12/2/2024,สนญ.,FALSE,,,,,,,12/2/2024 23:29,Thanakon Thotthawin (ธนากร ทศถวิล)
01B013FEX6737,Ade2000,15 ปอนด์,อาคาร 1 ชั้น 3 โซน 4 ข้างลิฟท์ ตัวที่ 10-11,12/2/2024,สนญ.,FALSE,,,,,,,12/2/2024 23:30,Thanakon Thotthawin (ธนากร ทศถวิล)
01B013FEX6738,Ade2000,15 ปอนด์,อาคาร 1 ชั้น 3 โซน 4 ทางเข้าห้องน้ำ ช/ญ หน้าห้องระบบไฟฟ้า/แอร์,12/2/2024,สนญ.,FALSE,,,,,,,12/2/2024 23:30,Thanakon Thotthawin (ธนากร ทศถวิล)
01B013FEX6739,Ade2000,15 ปอนด์,อาคาร 1 ชั้น 3 โซน 4 ข้างประตูหนีไฟ ฝ.เทคโนโลยีสารสนเทศ,12/2/2024,สนญ.,FALSE,,,,,,,12/2/2024 23:31,Thanakon Thotthawin (ธนากร ทศถวิล)
01B013FEX6740,Ade2000,15 ปอนด์,อาคาร 1 ชั้น 3 โซน 4 ข้างประตูหนีไฟ ฝ.เทคโนโลยีสารสนเทศ,12/2/2024,สนญ.,FALSE,,,,,,,12/2/2024 23:32,Thanakon Thotthawin (ธนากร ทศถวิล)
01B014FEX6741,Ade2000,15 ปอนด์,อาคาร 1 ชั้น 4 โซน 1 ทางเข้าห้องน้ำ ช/ญ หน้าห้องระบบไฟฟ้า/แอร์,12/2/2024,สนญ.,FALSE,,,,,,,12/2/2024 23:34,Thanakon Thotthawin (ธนากร ทศถวิล)
01B014FEX6742,Ade2000,15 ปอนด์,อาคาร 1 ชั้น 4 โซน 1 ข้างประตูหนีไฟ ในสายนโยบายสถาบันการเงิน,12/2/2024,สนญ.,FALSE,,,,,,,12/2/2024 23:34,Thanakon Thotthawin (ธนากร ทศถวิล)
01B014FEX6743,Ade2000,15 ปอนด์,อาคาร 1 ชั้น 4 โซน 1 ข้างประตูหนีไฟ ในสายนโยบายสถาบันการเงิน,12/2/2024,สนญ.,FALSE,,,,,,,12/2/2024 23:35,Thanakon Thotthawin (ธนากร ทศถวิล)
01B014FEX6744,Ade2000,15 ปอนด์,อาคาร 1 ชั้น 4 โซน 1 ข้างประตูหนีไฟ ในสายนโยบายสถาบันการเงิน,12/2/2024,สนญ.,FALSE,,,,,,,12/2/2024 23:36,Thanakon Thotthawin (ธนากร ทศถวิล)
01B014FEX6745,Ade2000,15 ปอนด์,อาคาร 1 ชั้น 4 โซน 2 ทางเข้าห้องน้ำ ช/ญ หน้าห้องระบบไฟฟ้า/แอร์,12/2/2024,สนญ.,FALSE,,,,,,,12/2/2024 23:37,Thanakon Thotthawin (ธนากร ทศถวิล)
01B014FEX6746,Ade2000,15 ปอนด์,อาคาร 1 ชั้น 4 โซน 2 หน้าลิฟท์ผู้บริหาร (หน้าห้องน้ำ),12/2/2024,สนญ.,FALSE,,,,,,,12/2/2024 23:37,Thanakon Thotthawin (ธนากร ทศถวิล)
01B014FEX6747,Ade2000,15 ปอนด์,อาคาร 1 ชั้น 4 โซน 2 ในสายนโยบายสถาบันการเงิน,12/2/2024,สนญ.,FALSE,,,,,,,12/2/2024 23:38,Thanakon Thotthawin (ธนากร ทศถวิล)
01B014FEX6748,Ade2000,15 ปอนด์,อาคาร 1 ชั้น 4 โซน 2 ข้างประตูหนีไฟ ในสายนโยบายสถาบันการเงิน,12/2/2024,สนญ.,FALSE,,,,,,,12/2/2024 23:39,Thanakon Thotthawin (ธนากร ทศถวิล)
01B014FEX6749,Ade2000,15 ปอนด์,อาคาร 1 ชั้น 4 โซน 2 ทางเดินเชื่อมห้องประชุมป๋วยฯ,12/2/2024,สนญ.,FALSE,,,,,,,12/2/2024 23:39,Thanakon Thotthawin (ธนากร ทศถวิล)
01B014FEX6750,Ade2000,15 ปอนด์,อาคาร 1 ชั้น 4 โซน 3 ข้างลิฟท์ ตัวที่ 7-8,12/2/2024,สนญ.,FALSE,,,,,,,12/2/2024 23:41,Thanakon Thotthawin (ธนากร ทศถวิล)
01B014FEX6751,Ade2000,15 ปอนด์,อาคาร 1 ชั้น 4 โซน 3 ทางเข้าห้องน้ำ ช/ญ หน้าห้องระบบไฟฟ้า/แอร์,12/2/2024,สนญ.,FALSE,,,,,,,12/2/2024 23:41,Thanakon Thotthawin (ธนากร ทศถวิล)
01B014FEX6752,Ade2000,15 ปอนด์,อาคาร 1 ชั้น 4 โซน 3 ข้างประตูหนีไฟ ในสายกำกับสถาบันการเงิน,12/2/2024,สนญ.,FALSE,,,,,,,12/2/2024 23:42,Thanakon Thotthawin (ธนากร ทศถวิล)
01B014FEX6753,Ade2000,15 ปอนด์,อาคาร 1 ชั้น 4 โซน 3 ข้างประตูหนีไฟ ในสายกำกับสถาบันการเงิน,12/2/2024,สนญ.,FALSE,,,,,,,12/2/2024 23:42,Thanakon Thotthawin (ธนากร ทศถวิล)
01B014FEX6754,Ade2000,15 ปอนด์,อาคาร 1 ชั้น 4 โซน 3 ข้างประตูหนีไฟ ในสายกำกับสถาบันการเงิน,12/2/2024,สนญ.,FALSE,,,,,,,12/2/2024 23:43,Thanakon Thotthawin (ธนากร ทศถวิล)
01B014FEX6755,Ade2000,15 ปอนด์,อาคาร 1 ชั้น 4 โซน 4 ข้างลิฟท์ ตัวที่ 10-11,12/2/2024,สนญ.,FALSE,,,,,,,12/2/2024 23:44,Thanakon Thotthawin (ธนากร ทศถวิล)
01B014FEX6756,Ade2000,15 ปอนด์,อาคาร 1 ชั้น 4 โซน 4 ทางเข้าห้องน้ำ ช/ญ หน้าห้องระบบไฟฟ้า/แอร์,12/2/2024,สนญ.,FALSE,,,,,,,12/2/2024 23:45,Thanakon Thotthawin (ธนากร ทศถวิล)
01B014FEX6757,Ade2000,15 ปอนด์,อาคาร 1 ชั้น 4 โซน 4 ข้างประตูหนีไฟ ใน ฝ.เทคโนโลยี สารสนเทศ,12/2/2024,สนญ.,FALSE,,,,,,,12/2/2024 23:45,Thanakon Thotthawin (ธนากร ทศถวิล)
01B014FEX6758,Ade2000,15 ปอนด์,อาคาร 1 ชั้น 4 โซน 4 ข้างประตูหนีไฟ ใน ฝ.เทคโนโลยี สารสนเทศ,12/2/2024,สนญ.,FALSE,,,,,,,12/2/2024 23:47,Thanakon Thotthawin (ธนากร ทศถวิล)
01B014FEX6759,Ade2000,15 ปอนด์,อาคาร 1 ชั้น 4 โซน 6 ประตูหนีไฟหลังห้องประชุมป๋วยฯ,12/2/2024,สนญ.,FALSE,,,,,,,12/2/2024 23:47,Thanakon Thotthawin (ธนากร ทศถวิล)
01B014FEX6760,Ade2000,15 ปอนด์,อาคาร 1 ชั้น 4 โซน 7 หลังห้องประชุมป๋วยฯ หน้าห้องจัดเลี้ยง,12/2/2024,สนญ.,FALSE,,,,,,,12/2/2024 23:49,Thanakon Thotthawin (ธนากร ทศถวิล)
01B014FEX6761,Ade2000,15 ปอนด์,อาคาร 1 ชั้น 4 โซน 7 ข้างลิฟท์ ตัวที่ 12-13,12/2/2024,สนญ.,FALSE,,,,,,,12/2/2024 23:50,Thanakon Thotthawin (ธนากร ทศถวิล)
01B014FEX6762,Ade2000,15 ปอนด์,อาคาร 1 ชั้น 4 โซน 7 หน้าห้องระบบไฟฟ้า,12/2/2024,สนญ.,FALSE,,,,,,,12/2/2024 23:51,Thanakon Thotthawin (ธนากร ทศถวิล)
01B015FEX6763,Ade2000,15 ปอนด์,อาคาร 1 ชั้น 5 โซน 1 ข้าง ลิฟท์ตัวที่ 3-4,12/2/2024,สนญ.,FALSE,,,,,,,12/2/2024 23:51,Thanakon Thotthawin (ธนากร ทศถวิล)
01B015FEX6764,Ade2000,15 ปอนด์,อาคาร 1 ชั้น 5 โซน 1 ทางเข้าห้องน้ำ ช/ญ หน้าห้องระบบไฟฟ้า/แอร์,12/2/2024,สนญ.,FALSE,,,,,,,12/2/2024 23:52,Thanakon Thotthawin (ธนากร ทศถวิล)
01B015FEX6765,Ade2000,15 ปอนด์,อาคาร 1 ชั้น 5 โซน 1 ข้างประตูหนีไฟ ฝ.บริหารสื่อสารองค์กร,12/2/2024,สนญ.,FALSE,,,,,,,12/2/2024 23:53,Thanakon Thotthawin (ธนากร ทศถวิล)
01B015FEX6766,Ade2000,15 ปอนด์,อาคาร 1 ชั้น 5 โซน 1 ข้างประตูหนีไฟ ฝ.บริหารสื่อสารองค์กร,12/2/2024,สนญ.,FALSE,,,,,,,12/2/2024 23:53,Thanakon Thotthawin (ธนากร ทศถวิล)
01B015FEX6767,Ade2000,15 ปอนด์,อาคาร 1 ชั้น 5 โซน 1 ใน ฝบร.(ทางเชื่อมไปโซน2),12/2/2024,สนญ.,FALSE,,,,,,,12/2/2024 23:54,Thanakon Thotthawin (ธนากร ทศถวิล)
01B015FEX6768,Ade2000,15 ปอนด์,อาคาร 1 ชั้น 5 โซน 2 ข้างลิฟท์ ตัวที่ 5-6,12/2/2024,สนญ.,FALSE,,,,,,,12/2/2024 23:55,Thanakon Thotthawin (ธนากร ทศถวิล)
01B015FEX6770,Ade2000,15 ปอนด์,อาคาร 1 ชั้น 5 โซน 2 ข้างประตูหนีไฟ หน้าห้องประชุมวิวัฒน์ไชย,12/2/2024,สนญ.,FALSE,,,,,,,12/2/2024 23:56,Thanakon Thotthawin (ธนากร ทศถวิล)
01B015FEX6769,Ade2000,15 ปอนด์,อาคาร 1 ชั้น 5 โซน 2 ทางเข้าห้องน้ำ ช/ญ หน้าห้องระบบไฟฟ้า/แอร์,12/2/2024,สนญ.,FALSE,,,,,,,12/2/2024 23:56,Thanakon Thotthawin (ธนากร ทศถวิล)
01B015FEX6771,Ade2000,15 ปอนด์,อาคาร 1 ชั้น 5 โซน 2 หน้าลิฟท์ผู้บริหาร (หน้าห้องน้ำ),12/2/2024,สนญ.,FALSE,,,,,,,12/2/2024 23:57,Thanakon Thotthawin (ธนากร ทศถวิล)
01B015FEX6772,Ade2000,15 ปอนด์,อาคาร 1 ชั้น 5 โซน 3 ข้าง ลิฟท์ตัวที่ 7-8,12/2/2024,สนญ.,FALSE,,,,,,,12/2/2024 23:57,Thanakon Thotthawin (ธนากร ทศถวิล)
01B015FEX6773,Ade2000,15 ปอนด์,อาคาร 1 ชั้น 5 โซน 3 ทางเข้าห้องน้ำ ช/ญ หน้าห้องระบบไฟฟ้า/แอร์,12/2/2024,สนญ.,FALSE,,,,,,,12/2/2024 23:58,Thanakon Thotthawin (ธนากร ทศถวิล)
01B015FEX6774,Ade2000,15 ปอนด์,อาคาร 1 ชั้น 5 โซน 3 ข้างประตูหนีไฟ ฝ.นโยบายระบบการชำระเงิน,12/2/2024,สนญ.,FALSE,,,,,,,12/2/2024 23:59,Thanakon Thotthawin (ธนากร ทศถวิล)
01B015FEX6775,Ade2000,15 ปอนด์,อาคาร 1 ชั้น 5 โซน 3 ข้างประตูหนีไฟ ฝ.นโยบายระบบการชำระเงิน,12/3/2024,สนญ.,FALSE,,,,,,,12/3/2024 0:00,Thanakon Thotthawin (ธนากร ทศถวิล)
01B015FEX6776,Ade2000,15 ปอนด์,อาคาร 1 ชั้น 5 โซน 4 ข้าง ลิฟท์ตัวที่ 10-11,12/3/2024,สนญ.,FALSE,,,,,,,12/3/2024 0:01,Thanakon Thotthawin (ธนากร ทศถวิล)
01B015FEX6777,Ade2000,15 ปอนด์,อาคาร 1 ชั้น 5 โซน 4 ทางเข้าห้องน้ำ ช/ญ หน้าห้องระบบไฟฟ้า/แอร์,12/3/2024,สนญ.,FALSE,,,,,,,12/3/2024 0:02,Thanakon Thotthawin (ธนากร ทศถวิล)
01B015FEX6778,Ade2000,15 ปอนด์,อาคาร 1 ชั้น 5 โซน 4 ข้างประตูหนีไฟ ฝ.เทคโนโลยีสารสนเทศ,12/3/2024,สนญ.,FALSE,,,,,,,12/3/2024 0:02,Thanakon Thotthawin (ธนากร ทศถวิล)
01B015FEX6779,Ade2000,15 ปอนด์,อาคาร 1 ชั้น 5 โซน 6 ข้างประตูหนีไฟ (ห้องแอร์ 2),12/3/2024,สนญ.,FALSE,,,,,,,12/3/2024 0:03,Thanakon Thotthawin (ธนากร ทศถวิล)
01B015FEX6780,Ade2000,15 ปอนด์,อาคาร 1 ชั้น 5 โซน 7 ข้าง ลิฟท์ตัวที่ 14,12/3/2024,สนญ.,FALSE,,,,,,,12/3/2024 0:03,Thanakon Thotthawin (ธนากร ทศถวิล)
01B015FEX6781,Ade2000,15 ปอนด์,อาคาร 1 ชั้น 5 โซน 7 หน้าห้องไฟฟ้า,12/3/2024,สนญ.,FALSE,,,,,,,12/3/2024 0:04,Thanakon Thotthawin (ธนากร ทศถวิล)
01B015FEX6782,Ade2000,15 ปอนด์,อาคาร 1 ชั้น 5 โซน 7 หน้าห้องไฟฟ้า,12/3/2024,สนญ.,FALSE,,,,,,,12/3/2024 0:05,Thanakon Thotthawin (ธนากร ทศถวิล)
01B01P4FEX6783,Ade2000,15 ปอนด์,อาคาร 1 ชั้น P4 โซน 4 ข้างลิฟท์ตัวที่ 16 (ลิฟท์ พนง.ดับเพลิง),12/3/2024,สนญ.,FALSE,,,,,,,12/3/2024 0:06,Thanakon Thotthawin (ธนากร ทศถวิล)
01B01P4FEX6784,Ade2000,15 ปอนด์,อาคาร 1 ชั้น P4 โซน 4 J10 หน้าประตูหนีไฟ,12/3/2024,สนญ.,FALSE,,,,,,,12/3/2024 0:06,Thanakon Thotthawin (ธนากร ทศถวิล)
01B01P4FEX6785,Ade2000,15 ปอนด์,อาคาร 1 ชั้น P4 โซน 6 E14 (ทางขึ้น-ลง 1),12/3/2024,สนญ.,FALSE,,,,,,,12/3/2024 0:07,Thanakon Thotthawin (ธนากร ทศถวิล)
01B01P4FEX6786,Ade2000,15 ปอนด์,อาคาร 1 ชั้น P4 โซน 7 I15 (ทางขึ้น-ลง 1),12/3/2024,สนญ.,FALSE,,,,,,,12/3/2024 0:08,Thanakon Thotthawin (ธนากร ทศถวิล)
01B041FEX6787,Ade2000,15 ปอนด์,อาคาร 4 ชั้น 1 โซน - ภายในห้องควบคุมระบบไฟฟ้า,12/3/2024,สนญ.,FALSE,,,,,,,12/3/2024 0:10,Thanakon Thotthawin (ธนากร ทศถวิล)
01B041FEX6788,Ade2000,15 ปอนด์,อาคาร 4 ชั้น 1 โซน - ภายในห้องควบคุมระบบไฟฟ้า,12/3/2024,สนญ.,FALSE,,,,,,,12/3/2024 0:11,Thanakon Thotthawin (ธนากร ทศถวิล)
01B041FEX6789,Ade2000,15 ปอนด์,อาคาร 4 ชั้น 1 โซน - ภายในห้องควบคุมระบบไฟฟ้า,12/3/2024,สนญ.,FALSE,,,,,,,12/3/2024 0:12,Thanakon Thotthawin (ธนากร ทศถวิล)
01B041FEX6790,Ade2000,15 ปอนด์,อาคาร 4 ชั้น 1 โซน - ภายในห้องควบคุมระบบไฟฟ้า,12/3/2024,สนญ.,FALSE,,,,,,,12/3/2024 0:13,Thanakon Thotthawin (ธนากร ทศถวิล)
01B041FEX6791,Ade2000,15 ปอนด์,อาคาร 4 ชั้น 1 โซน - ภายในห้องควบคุมระบบไฟฟ้า,12/3/2024,สนญ.,FALSE,,,,,,,12/3/2024 0:13,Thanakon Thotthawin (ธนากร ทศถวิล)
01B051FEX6792,Ade2000,15 ปอนด์,อาคาร 5 ชั้น 1 โซน 0 ประตูหนีไฟ/ข้างลิฟท์,12/3/2024,สนญ.,FALSE,,,,,,,12/3/2024 0:14,Thanakon Thotthawin (ธนากร ทศถวิล)
01B051FEX6793,Ade2000,15 ปอนด์,อาคาร 5 ชั้น 1 โซน 0 ประตูหนีไฟ/ข้างลิฟท์,12/3/2024,สนญ.,FALSE,,,,,,,12/3/2024 0:16,Thanakon Thotthawin (ธนากร ทศถวิล)
01B051FEX6794,Ade2000,15 ปอนด์,อาคาร 5 ชั้น 1 โซน 0 ตู้ FHC หน้าห้องระบบวิศวกรรม,12/3/2024,สนญ.,FALSE,,,,,,,12/3/2024 0:17,Thanakon Thotthawin (ธนากร ทศถวิล)
01B051FEX6795,Ade2000,15 ปอนด์,อาคาร 5 ชั้น 1 โซน 0 ในห้องระบบวิศวกรรม,12/3/2024,สนญ.,FALSE,,,,,,,12/3/2024 0:18,Thanakon Thotthawin (ธนากร ทศถวิล)
01B052FEX6796,Ade2000,15 ปอนด์,อาคาร 5 ชั้น 2 โซน 0 ประตูหนีไฟ/ข้างลิฟท์,12/3/2024,สนญ.,FALSE,,,,,,,12/3/2024 0:19,Thanakon Thotthawin (ธนากร ทศถวิล)
01B052FEX6797,Ade2000,15 ปอนด์,อาคาร 5 ชั้น 2 โซน 0 ห้องจ่ายยา,12/3/2024,สนญ.,FALSE,,,,,,,12/3/2024 0:20,Thanakon Thotthawin (ธนากร ทศถวิล)
01B052FEX6798,Ade2000,15 ปอนด์,อาคาร 5 ชั้น 2 โซน 0 ห้องจ่ายยา,12/3/2024,สนญ.,FALSE,,,,,,,12/3/2024 0:21,Thanakon Thotthawin (ธนากร ทศถวิล)
01B052FEX6799,Ade2000,15 ปอนด์,อาคาร 5 ชั้น 2 โซน 0 ตู้ FHC ห้องจ่ายยา,12/3/2024,สนญ.,FALSE,,,,,,,12/3/2024 0:22,Thanakon Thotthawin (ธนากร ทศถวิล)
01B053FEX67100,Ade2000,15 ปอนด์,อาคาร 5 ชั้น 3 โซน 0 ประตูหนีไฟ/ข้างลิฟท์,12/3/2024,สนญ.,FALSE,,,,,,,12/3/2024 0:25,Thanakon Thotthawin (ธนากร ทศถวิล)
01B053FEX67101,Ade2000,15 ปอนด์,อาคาร 5 ชั้น 3 โซน 0 ประตูหนีไฟ/ข้างลิฟท์,12/3/2024,สนญ.,FALSE,,,,,,,12/3/2024 0:25,Thanakon Thotthawin (ธนากร ทศถวิล)
01B053FEX67102,Ade2000,15 ปอนด์,อาคาร 5 ชั้น 3 โซน 0 ตู้ FHC หน้าลิฟท์,12/3/2024,สนญ.,FALSE,,,,,,,12/3/2024 0:27,Thanakon Thotthawin (ธนากร ทศถวิล)
01B053FEX67103,Ade2000,15 ปอนด์,อาคาร 5 ชั้น 3 โซน 0 ประตูหนีไฟ/ในฝ่ายวางแผนองค์กร,12/3/2024,สนญ.,FALSE,,,,,,,12/3/2024 0:28,Thanakon Thotthawin (ธนากร ทศถวิล)
01B053FEX67104,Ade2000,15 ปอนด์,อาคาร 5 ชั้น 3 โซน 0 ประตูหนีไฟ/ในฝ่ายวางแผนองค์กร,12/3/2024,สนญ.,FALSE,,,,,,,12/3/2024 0:29,Thanakon Thotthawin (ธนากร ทศถวิล)
01B053FEX67105,Ade2000,15 ปอนด์,อาคาร 5 ชั้น 3 โซน 0 ตู้ FHC ในฝ่ายวางแผนองค์กร,12/3/2024,สนญ.,FALSE,,,,,,,12/3/2024 0:29,Thanakon Thotthawin (ธนากร ทศถวิล)
01B054FEX67106,Ade2000,15 ปอนด์,อาคาร 5 ชั้น 4 โซน 0 ประตูหนีไฟ/ข้างลิฟท์,12/3/2024,สนญ.,FALSE,,,,,,,12/3/2024 0:30,Thanakon Thotthawin (ธนากร ทศถวิล)
01B054FEX67107,Ade2000,15 ปอนด์,อาคาร 5 ชั้น 4 โซน 0 ประตูหนีไฟ/ข้างลิฟท์,12/3/2024,สนญ.,FALSE,,,,,,,12/3/2024 0:31,Thanakon Thotthawin (ธนากร ทศถวิล)
01B054FEX67108,Ade2000,15 ปอนด์,อาคาร 5 ชั้น 4 โซน 0 ตู้ FHC หน้าลิฟท์,12/3/2024,สนญ.,FALSE,,,,,,,12/3/2024 0:32,Thanakon Thotthawin (ธนากร ทศถวิล)
01B054FEX67109,Ade2000,15 ปอนด์,อาคาร 5 ชั้น 4 โซน 0 ประตูหนีไฟ/ในฝ่ายตรวจสอบกิจการภายในฯ,12/3/2024,สนญ.,FALSE,,,,,,,12/3/2024 0:33,Thanakon Thotthawin (ธนากร ทศถวิล)
01B054FEX67110,Ade2000,15 ปอนด์,อาคาร 5 ชั้น 4 โซน 0 ประตูหนีไฟ/ในฝ่ายตรวจสอบกิจการภายในฯ,12/3/2024,สนญ.,FALSE,,,,,,,12/3/2024 0:34,Thanakon Thotthawin (ธนากร ทศถวิล)
01B054FEX67111,Ade2000,15 ปอนด์,อาคาร 5 ชั้น 4 โซน 0 ตู้ FHC ในฝ่ายตรวจสอบกิจการภายในฯ,12/3/2024,สนญ.,FALSE,,,,,,,12/3/2024 1:17,Thanakon Thotthawin (ธนากร ทศถวิล)
01B054FEX67112,Ade2000,15 ปอนด์,อาคาร 5 ชั้น 5 โซน 0 ประตูหนีไฟ/ข้างลิฟท์,12/3/2024,สนญ.,FALSE,,,,,,,12/3/2024 1:18,Thanakon Thotthawin (ธนากร ทศถวิล)
01B054FEX67113,Ade2000,15 ปอนด์,อาคาร 5 ชั้น 5 โซน 0 ประตูหนีไฟ/ข้างลิฟท์,12/3/2024,สนญ.,FALSE,,,,,,,12/3/2024 1:18,Thanakon Thotthawin (ธนากร ทศถวิล)
01B054FEX67114,Ade2000,15 ปอนด์,อาคาร 5 ชั้น 5 โซน 0 ตู้ FHC หน้าลิฟท์,12/3/2024,สนญ.,FALSE,,,,,,,12/3/2024 1:19,Thanakon Thotthawin (ธนากร ทศถวิล)
01B054FEX67115,Ade2000,15 ปอนด์,อาคาร 5 ชั้น 5 โซน 0 ประตูหนีไฟ/ในฝ่ายตรวจสอบกิจการภายในฯ,12/3/2024,สนญ.,FALSE,,,,,,,12/3/2024 1:20,Thanakon Thotthawin (ธนากร ทศถวิล)
01B054FEX67116,Ade2000,15 ปอนด์,อาคาร 5 ชั้น 5 โซน 0 ประตูหนีไฟ/ในฝ่ายตรวจสอบกิจการภายในฯ,12/3/2024,สนญ.,FALSE,,,,,,,12/3/2024 1:20,Thanakon Thotthawin (ธนากร ทศถวิล)
01B054FEX67117,Ade2000,15 ปอนด์,อาคาร 5 ชั้น 5 โซน 0 ตู้ FHC ในฝ่ายตรวจสอบกิจการภายในฯ,12/3/2024,สนญ.,FALSE,,,,,,,12/3/2024 1:21,Thanakon Thotthawin (ธนากร ทศถวิล)
01B056FEX67118,Ade2000,15 ปอนด์,อาคาร 5 ชั้น 6 โซน 0 ประตูหนีไฟ/ข้างลิฟท์,12/3/2024,สนญ.,FALSE,,,,,,,12/3/2024 1:22,Thanakon Thotthawin (ธนากร ทศถวิล)
01B056FEX67119,Ade2000,15 ปอนด์,อาคาร 5 ชั้น 6 โซน 0 ประตูหนีไฟ/ข้างลิฟท์,12/3/2024,สนญ.,FALSE,,,,,,,12/3/2024 1:23,Thanakon Thotthawin (ธนากร ทศถวิล)
01B056FEX67120,Ade2000,15 ปอนด์,อาคาร 5 ชั้น 6 โซน 0 ตู้ FHC หน้าลิฟท์,12/3/2024,สนญ.,FALSE,,,,,,,12/3/2024 1:23,Thanakon Thotthawin (ธนากร ทศถวิล)
01B056FEX67121,Ade2000,15 ปอนด์,อาคาร 5 ชั้น 6 โซน 0 ประตูหนีไฟ/ในฝ่ายธุรการและอาคารฯ,12/3/2024,สนญ.,FALSE,,,,,,,12/3/2024 1:24,Thanakon Thotthawin (ธนากร ทศถวิล)
01B056FEX67122,Ade2000,15 ปอนด์,อาคาร 5 ชั้น 6 โซน 0 ประตูหนีไฟ/ในฝ่ายธุรการและอาคารฯ,12/3/2024,สนญ.,FALSE,,,,,,,12/3/2024 1:25,Thanakon Thotthawin (ธนากร ทศถวิล)
01B056FEX67123,Ade2000,15 ปอนด์,อาคาร 5 ชั้น 6 โซน 0 ตู้ FHC ในฝ่ายธุรการและอาคารฯ,12/3/2024,สนญ.,FALSE,,,,,,,12/3/2024 1:26,Thanakon Thotthawin (ธนากร ทศถวิล)
01B057FEX67124,Ade2000,15 ปอนด์,อาคาร 5 ชั้น 7 โซน 0 ประตูหนีไฟ/ข้างลิฟท์,12/3/2024,สนญ.,FALSE,,,,,,,12/3/2024 1:26,Thanakon Thotthawin (ธนากร ทศถวิล)
01B057FEX67125,Ade2000,15 ปอนด์,อาคาร 5 ชั้น 7 โซน ตู้ FHC หน้าลิฟท์,12/3/2024,สนญ.,FALSE,,,,,,,12/3/2024 1:27,Thanakon Thotthawin (ธนากร ทศถวิล)
01B057FEX67126,Ade2000,15 ปอนด์,อาคาร 5 ชั้น 7 โซน 0 ตู้ FHC หน้าลิฟท์,12/3/2024,สนญ.,FALSE,,,,,,,12/3/2024 1:28,Thanakon Thotthawin (ธนากร ทศถวิล)
01B057FEX67127,Ade2000,15 ปอนด์,อาคาร 5 ชั้น 7 โซน 0 ประตูหนีไฟ/ในฝ่ายธุรการและอาคารฯ,12/3/2024,สนญ.,FALSE,,,,,,,12/3/2024 1:29,Thanakon Thotthawin (ธนากร ทศถวิล)
01B057FEX67128,Ade2000,15 ปอนด์,อาคาร 5 ชั้น 7 โซน 0 ประตูหนีไฟ/ในฝ่ายธุรการและอาคารฯ,12/3/2024,สนญ.,FALSE,,,,,,,12/3/2024 1:29,Thanakon Thotthawin (ธนากร ทศถวิล)
01B057FEX67129,Ade2000,15 ปอนด์,อาคาร 5 ชั้น 7 โซน 0 ตู้ FHC ในฝ่ายธุรการและอาคารฯ,12/3/2024,สนญ.,FALSE,,,,,,,12/3/2024 1:30,Thanakon Thotthawin (ธนากร ทศถวิล)
01B058FEX67130,Ade2000,15 ปอนด์,อาคาร 5 ชั้น 8 โซน 0 ประตูหนีไฟ/ข้างลิฟท์,12/3/2024,สนญ.,FALSE,,,,,,,12/3/2024 1:31,Thanakon Thotthawin (ธนากร ทศถวิล)
01B058FEX67131,Ade2000,15 ปอนด์,อาคาร 5 ชั้น 8 โซน 0 ตู้ FHC หน้าลิฟท์,12/3/2024,สนญ.,FALSE,,,,,,,12/3/2024 1:32,Thanakon Thotthawin (ธนากร ทศถวิล)
01B058FEX67132,Ade2000,15 ปอนด์,อาคาร 5 ชั้น 8 โซน 0 ประตูหนีไฟ/ในฝ่ายจัดการกองทุน,12/3/2024,สนญ.,FALSE,,,,,,,12/3/2024 1:33,Thanakon Thotthawin (ธนากร ทศถวิล)
01B058FEX67133,Ade2000,15 ปอนด์,อาคาร 5 ชั้น 8 โซน 0 ประตูหนีไฟ/ในฝ่ายจัดการกองทุน,12/3/2024,สนญ.,FALSE,,,,,,,12/3/2024 1:33,Thanakon Thotthawin (ธนากร ทศถวิล)
01B058FEX67134,Ade2000,15 ปอนด์,อาคาร 5 ชั้น 8 โซน 0 ตู้ FHC ในฝ่ายจัดการกองทุน,12/3/2024,สนญ.,FALSE,,,,,,,12/3/2024 1:34,Thanakon Thotthawin (ธนากร ทศถวิล)
01B059FEX67135,Ade2000,15 ปอนด์,อาคาร 5 ชั้น 9 โซน 0 ประตูหนีไฟ/ข้างลิฟท์,12/3/2024,สนญ.,FALSE,,,,,,,12/3/2024 1:35,Thanakon Thotthawin (ธนากร ทศถวิล)
01B059FEX67136,Ade2000,15 ปอนด์,อาคาร 5 ชั้น 9 โซน 0 ประตูหนีไฟ/ข้างลิฟท์,12/3/2024,สนญ.,FALSE,,,,,,,12/3/2024 1:35,Thanakon Thotthawin (ธนากร ทศถวิล)
01B059FEX67137,Ade2000,15 ปอนด์,อาคาร 5 ชั้น 9 โซน 0 ตู้ FHC หน้าลิฟท์,12/3/2024,สนญ.,FALSE,,,,,,,12/3/2024 1:36,Thanakon Thotthawin (ธนากร ทศถวิล)
01B059FEX67138,Ade2000,15 ปอนด์,อาคาร 5 ชั้น 9 โซน 0 ประตูหนีไฟ/ในฝ่ายจัดการกองทุนฯ,12/3/2024,สนญ.,FALSE,,,,,,,12/3/2024 1:37,Thanakon Thotthawin (ธนากร ทศถวิล)
01B059FEX67139,Ade2000,15 ปอนด์,อาคาร 5 ชั้น 9 โซน 0 ตู้ FHC ในฝ่ายจัดการกองทุนฯ,12/3/2024,สนญ.,FALSE,,,,,,,12/3/2024 1:37,Thanakon Thotthawin (ธนากร ทศถวิล)
01B06BMFEX67140,Ade2000,15 ปอนด์,อาคาร 6 ชั้น B โซน 0 ห้องปั๊มน้ำ,12/3/2024,สนญ.,FALSE,,,,,,,12/3/2024 1:38,Thanakon Thotthawin (ธนากร ทศถวิล)
01B06BMFEX67141,Ade2000,15 ปอนด์,อาคาร 6 ชั้น B โซน 0 ห้องปั๊มน้ำ,12/3/2024,สนญ.,FALSE,,,,,,,12/3/2024 1:39,Thanakon Thotthawin (ธนากร ทศถวิล)
01B07BMFEX67142,Ade2000,15 ปอนด์,อาคาร 7 ชั้น ชั้นใต้ดิน โซน 0 เสาห้องเก็บเอกสาร,12/3/2024,สนญ.,FALSE,,,,,,,12/3/2024 1:40,Thanakon Thotthawin (ธนากร ทศถวิล)
01B07BMFEX67143,Ade2000,15 ปอนด์,อาคาร 7 ชั้น ชั้นใต้ดิน โซน 0 เสาห้องเก็บเอกสาร,12/3/2024,สนญ.,FALSE,,,,,,,12/3/2024 1:41,Thanakon Thotthawin (ธนากร ทศถวิล)
01B07BMFEX67144,Ade2000,15 ปอนด์,อาคาร 7 ชั้น ชั้นใต้ดิน โซน 0 เสาห้องเก็บเอกสาร,12/3/2024,สนญ.,FALSE,,,,,,,12/3/2024 1:42,Thanakon Thotthawin (ธนากร ทศถวิล)
01B07BMFEX67145,Ade2000,15 ปอนด์,อาคาร 7 ชั้น ชั้นใต้ดิน โซน 0 เสาห้องเก็บเอกสาร,12/3/2024,สนญ.,FALSE,,,,,,,12/3/2024 1:43,Thanakon Thotthawin (ธนากร ทศถวิล)
01BKP1FEX67146,Ade2000,15 ปอนด์,วังบางขุนพรหม ชั้น 1 โซน 1 ห้องพักแม่บ้าน/ระบบควบคุมไฟฟ้า,12/3/2024,สนญ.,FALSE,,,,,,,12/3/2024 1:44,Thanakon Thotthawin (ธนากร ทศถวิล)
01BTV1FEX67147,Ade2000,15 ปอนด์,วังเทวะเวสม์ ชั้น 1 โซน 0 เคาน์เตอร์ ปชส.,12/3/2024,สนญ.,FALSE,,,,,,,12/3/2024 1:45,Thanakon Thotthawin (ธนากร ทศถวิล)
01BTV1FEX67148,Ade2000,15 ปอนด์,วังเทวะเวสม์ ชั้น 1 โซน 0 ตู้ไม้ขาตั้ง (หน้าบันได),12/3/2024,สนญ.,FALSE,,,,,,,12/3/2024 1:46,Thanakon Thotthawin (ธนากร ทศถวิล)
01BTV1FEX6719,Ade2000,15 ปอนด์,วังเทวะเวสม์ ชั้น 2 โซน 0 ตู้ไม้ขาตั้ง,12/3/2024,สนญ.,FALSE,,,,,,,12/3/2024 1:46,Thanakon Thotthawin (ธนากร ทศถวิล)
01BTV1FEX67150,Ade2000,15 ปอนด์,วังเทวะเวสม์ ชั้น 2 โซน 0 ตู้ไม้ขาตั้ง,12/3/2024,สนญ.,FALSE,,,,,,,12/3/2024 1:47,Thanakon Thotthawin (ธนากร ทศถวิล)
01BTV1FEX67151,Ade2000,15 ปอนด์,วังเทวะเวสม์ ชั้น 3 โซน 0 ตู้ไม้ขาตั้ง,12/3/2024,สนญ.,FALSE,,,,,,,12/3/2024 1:48,Thanakon Thotthawin (ธนากร ทศถวิล)
01BTV1FEX67152,Ade2000,15 ปอนด์,วังเทวะเวสม์ ชั้น 3 โซน 0 ตู้ไม้ขาตั้ง,12/3/2024,สนญ.,FALSE,,,,,,,12/3/2024 1:49,Thanakon Thotthawin (ธนากร ทศถวิล)
01BTV1FEX67153,Ade2000,15 ปอนด์,ป้อมรักษาการณ์ ตร. ต.1,12/3/2024,สนญ.,FALSE,,,,,,,12/3/2024 1:50,Thanakon Thotthawin (ธนากร ทศถวิล)
01BTV1FEX67154,Ade2000,15 ปอนด์,ป้อมรักษาการณ์ ชั้น 0 โซน 0 ป้อม ต.3,12/3/2024,สนญ.,FALSE,,,,,,,12/3/2024 1:51,Thanakon Thotthawin (ธนากร ทศถวิล)
01B01P3FEX6697,Ade2000,15 ปอนด์,อาคาร 1 ชั้น P3 โซน 2F8 (ตู้ FHC-P3/2-1),8/31/2023,สนญ.,FALSE,,,,,,,12/19/2024 3:23 AM,Thanakon Thotthawin (ธนากร ทศถวิล)
01BMCFEX67155,Ade2000,15 ปอนด์,อาคารการกำลัง ชั้น 1 โซน 1 ตู้เก็บถังดับเพลิงชานขนถ่าย      ,1/1/2024,สนญ.,FALSE,,,,,,,12/19/2024 3:26 AM,Thanakon Thotthawin (ธนากร ทศถวิล)
01BMCFEX67156,Ade2000,15 ปอนด์,อาคารการกำลัง ชั้น 1 โซน 1 ตู้เก็บถังดับเพลิงชานขนถ่าย      ,1/1/2024,สนญ.,FALSE,,,,,,,12/19/2024 3:27 AM,Thanakon Thotthawin (ธนากร ทศถวิล)
01BCLCCFEX67157,Ade2000,15 ปอนด์,"อาคาร C	ชั้น 1	โซน 0	ตู้แขวนผนัง (ตู้2) ห้องเก็บก๊าซหุ้งต้ม    ",1/1/2024,สนญ.,FALSE,,,,,,,12/19/2024 3:29 AM,Thanakon Thotthawin (ธนากร ทศถวิล)
01BCLCCFEX67158,Ade2000,15 ปอนด์,อาคาร C ชั้น 4B ทิศตะวันตก       ,1/1/2024,สนญ.,FALSE,,,,,,,12/19/2024 3:30 AM,Thanakon Thotthawin (ธนากร ทศถวิล)
50G1FE05,Dry che,15 ปอนด์,ในห้องเครื่องกำเนิดไฟฟ้า หลังอาคาร 7,7/14/2025,ทอศ.,FALSE,,,,ปกติ,,,10/14/2025 3:28 PM,Narong Hantragool (ณรงค์ หาญตระกูล)
50G1FE06,Dry che,15 ปอนด์,ในห้องเครื่องกำเนิดไฟฟ้า หลังอาคาร 7 ,7/14/2025,ทอศ.,FALSE,,,,ปกติ,,,10/14/2025 3:28 PM,Narong Hantragool (ณรงค์ หาญตระกูล)
50M2FE05,Dry che,15 ปอนด์,หน้าห้องเครื่องกำเนิดไฟฟ้า,7/14/2025,ทอศ.,FALSE,,,,ปกติ,,,1/9/2026 1:42,Nattaphat Prachaplang (ณัฏฐ์พัฒน์ ประชาแปลง)
50M2FE06,Dry che,15 ปอนด์,หน้าห้องเครื่องกำเนิดไฟฟ้า,7/14/2025,ทอศ.,FALSE,,,,ปกติ,,,1/9/2026 1:42,Nattaphat Prachaplang (ณัฏฐ์พัฒน์ ประชาแปลง)
50E1FE06,Dry che,15 ปอนด์,หน้าห้องเครื่องกำเนิดไฟฟ้า,7/14/2025,ทอศ.,FALSE,,,,ปกติ,,,10/19/2025 6:48 PM,Nattaphat Prachaplang (ณัฏฐ์พัฒน์ ประชาแปลง)
50E1FE07,Dry che,15 ปอนด์,หน้าห้องเครื่องกำเนิดไฟฟ้า,7/14/2025,ทอศ.,FALSE,,,,ปกติ,,,10/19/2025 6:48 PM,Nattaphat Prachaplang (ณัฏฐ์พัฒน์ ประชาแปลง)
50G1FE07,Dry che,15 ปอนด์,หน้าห้องหม้อแปลงไฟฟ้า หลังอาคาร 7,7/14/2025,ทอศ.,FALSE,,,,ปกติ,,,10/19/2025 6:48 PM,Nattaphat Prachaplang (ณัฏฐ์พัฒน์ ประชาแปลง)
50G1FE08,Dry che,15 ปอนด์,หน้าห้องหม้อแปลงไฟฟ้า หลังอาคาร 7,7/14/2025,ทอศ.,FALSE,,,,ปกติ,,,10/19/2025 6:48 PM,Nattaphat Prachaplang (ณัฏฐ์พัฒน์ ประชาแปลง)
50G1FE09,Dry che,15 ปอนด์,หน้าห้องหม้อแปลงไฟฟ้า หลังอาคาร 7,7/14/2025,ทอศ.,FALSE,,,,ปกติ,,,10/19/2025 6:47 PM,Nattaphat Prachaplang (ณัฏฐ์พัฒน์ ประชาแปลง)
50G1FE10,Dry che,15 ปอนด์,หน้าห้องหม้อแปลงไฟฟ้า หลังอาคาร 7,7/14/2025,ทอศ.,FALSE,,,,ปกติ,,,10/19/2025 6:47 PM,Nattaphat Prachaplang (ณัฏฐ์พัฒน์ ประชาแปลง)
50G1FE11,Dry che,15 ปอนด์,หน้าห้องหม้อแปลงไฟฟ้า หลังอาคาร 7,7/14/2025,ทอศ.,FALSE,,,,ปกติ,,,10/19/2025 6:47 PM,Nattaphat Prachaplang (ณัฏฐ์พัฒน์ ประชาแปลง)
50G1FE12,Dry che,15 ปอนด์,หน้าห้องหม้อแปลงไฟฟ้า หลังอาคาร 7,7/14/2025,ทอศ.,FALSE,,,,ปกติ,,,10/19/2025 6:47 PM,Nattaphat Prachaplang (ณัฏฐ์พัฒน์ ประชาแปลง)
50F1FE04,Dry che,15 ปอนด์,หน้าห้องเครื่องกำเนิดไฟฟ้า 1,7/14/2025,ทอศ.,FALSE,,,,ปกติ,,,10/19/2025 6:47 PM,Nattaphat Prachaplang (ณัฏฐ์พัฒน์ ประชาแปลง)
50F1FE05,Dry che,15 ปอนด์,หน้าห้องเครื่องกำเนิดไฟฟ้า 1,7/14/2025,ทอศ.,FALSE,,,,ปกติ,,,10/19/2025 6:46 PM,Nattaphat Prachaplang (ณัฏฐ์พัฒน์ ประชาแปลง)
50F1FE06,Dry che,15 ปอนด์,หน้าห้องเครื่องกำเนิดไฟฟ้า 2,7/14/2025,ทอศ.,FALSE,,,,ปกติ,,,10/19/2025 6:46 PM,Nattaphat Prachaplang (ณัฏฐ์พัฒน์ ประชาแปลง)
50F1FE07,Dry che,15 ปอนด์,หน้าห้องเครื่องกำเนิดไฟฟ้า 2,7/14/2025,ทอศ.,FALSE,,,,ปกติ,,,10/19/2025 6:46 PM,Nattaphat Prachaplang (ณัฏฐ์พัฒน์ ประชาแปลง)
50INK1FE16,Dry che,15 ปอนด์,ในห้องเครื่องกำเนิดไฟฟ้า,7/14/2025,ทอศ.,FALSE,,,,ปกติ,,,10/19/2025 6:46 PM,Nattaphat Prachaplang (ณัฏฐ์พัฒน์ ประชาแปลง)
50INK1FE17,Dry che,15 ปอนด์,ในห้องเครื่องกำเนิดไฟฟ้า,7/14/2025,ทอศ.,FALSE,,,,ปกติ,,,10/19/2025 6:46 PM,Nattaphat Prachaplang (ณัฏฐ์พัฒน์ ประชาแปลง)
50J1FE02,Dry che,15 ปอนด์,ภายในอาคารน้ำดับเพลิง,7/14/2025,ทอศ.,FALSE,,,,ปกติ,,,10/19/2025 6:45 PM,Nattaphat Prachaplang (ณัฏฐ์พัฒน์ ประชาแปลง)
50J1FE03,Dry che,15 ปอนด์,ภายในอาคารน้ำดับเพลิง,7/14/2025,ทอศ.,FALSE,,,,ปกติ,,,10/19/2025 6:45 PM,Nattaphat Prachaplang (ณัฏฐ์พัฒน์ ประชาแปลง)
50G1C05,Dry che,15 ปอนด์,ภายในอาคารสูบระบายน้ำ,7/14/2025,ทอศ.,FALSE,,,,ปกติ,,,10/19/2025 6:45 PM,Nattaphat Prachaplang (ณัฏฐ์พัฒน์ ประชาแปลง)
50G1C06,Dry che,15 ปอนด์,ภายในอาคารสูบระบายน้ำ,7/14/2025,ทอศ.,FALSE,,,,ปกติ,,,10/19/2025 6:45 PM,Nattaphat Prachaplang (ณัฏฐ์พัฒน์ ประชาแปลง)
51B11FEX6801,CO2,10 ปอนด์,ห้องทำงานช่าง อาคาร B1,1/1/2025,ศรย.,FALSE,,,,ปกติ,,,10/19/2025 6:43 PM,Nattaphat Prachaplang (ณัฏฐ์พัฒน์ ประชาแปลง)
51B11FEX6802,CO2,10 ปอนด์,ห้องทำงานช่าง อาคาร B1,1/1/2025,ศรย.,FALSE,,,,ปกติ,,,10/19/2025 6:43 PM,Nattaphat Prachaplang (ณัฏฐ์พัฒน์ ประชาแปลง)
51B11FEX6803,CO2,10 ปอนด์,ห้องทำงานช่าง อาคาร B1,1/1/2025,ศรย.,FALSE,,,,ปกติ,,,10/19/2025 6:40 PM,Nattaphat Prachaplang (ณัฏฐ์พัฒน์ ประชาแปลง)
51B11FEX6804,CO2,10 ปอนด์,ห้องทำงานช่าง อาคาร B1,1/1/2025,ศรย.,FALSE,,,,ปกติ,,,10/19/2025 6:42 PM,Nattaphat Prachaplang (ณัฏฐ์พัฒน์ ประชาแปลง)
51B11FEX6805,CO2,10 ปอนด์,ห้องธุรการ อาคาร B1,1/1/2025,ศรย.,FALSE,,,,ปกติ,,,10/22/2025 12:34 AM,Nattaphat Prachaplang (ณัฏฐ์พัฒน์ ประชาแปลง)
51B11FEX6806,CO2,10 ปอนด์,หน้าห้องล็อคเกอร์พนักงาน อาคาร 1,1/1/2025,ศรย.,FALSE,,,,ปกติ,,,10/22/2025 12:33 AM,Nattaphat Prachaplang (ณัฏฐ์พัฒน์ ประชาแปลง)
51B11FEX6807,CO2,10 ปอนด์,หน้าห้องล็อคเกอร์พนักงาน อาคาร B1,1/1/2025,ศรย.,FALSE,,,,ปกติ,,,10/22/2025 12:34 AM,Nattaphat Prachaplang (ณัฏฐ์พัฒน์ ประชาแปลง)
31B11FEX6701,CO2,10 ปอนด์,ในห้องธุรการ ศขก. ( ห้องรปภ.ศขก.เก่า),1/1/2024,ศขก.,FALSE,,,,ปกติ,,,11/27/2025 8:50 AM,Nipon Anuprasert (นิพนธ์ อนุประเสริฐ)
51B11FEX6808,CO2,10 ปอนด์,ตู้ดับเพลิงหน้าห้อง Server อาคาร B1,1/1/2025,ศรย.,FALSE,,,,ปกติ,,,10/22/2025 12:34 AM,Nattaphat Prachaplang (ณัฏฐ์พัฒน์ ประชาแปลง)
31B11FEX6702,CO2,10 ปอนด์,ในห้องธุรการ ศขก. ( ห้องรปภ.ศขก.เก่า),1/1/2024,ศขก.,FALSE,,,,ปกติ,,,11/27/2025 8:50 AM,Nipon Anuprasert (นิพนธ์ อนุประเสริฐ)
51B11FEX6809,CO2,10 ปอนด์,หน้าห้องชาร์จแบตเตอรี่ งานรับจ่าย อาคาร B1,1/1/2025,ศรย.,FALSE,,,,ปกติ,,,10/22/2025 12:35 AM,Nattaphat Prachaplang (ณัฏฐ์พัฒน์ ประชาแปลง)
51B11FEX6810,CO2,10 ปอนด์,หน้าห้องชาร์จแบตเตอรี่ งานรับจ่าย อาคาร B1,1/1/2025,ศรย.,FALSE,,,,ปกติ,,,10/22/2025 1:08 AM,Nattaphat Prachaplang (ณัฏฐ์พัฒน์ ประชาแปลง)
51B11FEX6811,CO2,10 ปอนด์,ตู้ดับเพลิงหน้าห้องคอนโทรล CCC อาคาร B1,1/1/2025,ศรย.,FALSE,,,,ปกติ,,,10/22/2025 1:08 AM,Nattaphat Prachaplang (ณัฏฐ์พัฒน์ ประชาแปลง)
51B11FEX6812,CO2,10 ปอนด์,ในห้องคอนโทรล CCC อาคาร B1,1/1/2025,ศรย.,FALSE,,,,ปกติ,,,10/22/2025 1:08 AM,Nattaphat Prachaplang (ณัฏฐ์พัฒน์ ประชาแปลง)
51B11FEX6813,CO2,10 ปอนด์,ห้องนับคัดธนบัตร อาคาร B1,1/1/2025,ศรย.,FALSE,,,,ปกติ,,,10/22/2025 1:08 AM,Nattaphat Prachaplang (ณัฏฐ์พัฒน์ ประชาแปลง)
51B11FEX6814,CO2,10 ปอนด์,ตู้ดับเพลิงตรงข้ามห้องทำลายธนบัตร อาคาร B1,1/1/2025,ศรย.,FALSE,,,,ปกติ,,,10/22/2025 1:08 AM,Nattaphat Prachaplang (ณัฏฐ์พัฒน์ ประชาแปลง)
51B11FEX6815,CO2,10 ปอนด์,หน้าห้องปั๊มน้ำกับห้องควบคุมระบบไฟฟ้า,1/1/2025,ศรย.,FALSE,,,,ปกติ,,,10/22/2025 1:08 AM,Nattaphat Prachaplang (ณัฏฐ์พัฒน์ ประชาแปลง)
51B11FEX6816,CO2,10 ปอนด์,หน้าห้องปั๊มน้ำกับห้องควบคุมระบบไฟฟ้า,1/1/2025,ศรย.,FALSE,,,,ปกติ,,,10/22/2025 1:07 AM,Nattaphat Prachaplang (ณัฏฐ์พัฒน์ ประชาแปลง)
51B41FEX6817,CO2,10 ปอนด์,ห้องบีบอัดเศษธนบัตร อาคาร B4,1/1/2025,ศรย.,FALSE,,,,ปกติ,,,10/22/2025 1:07 AM,Nattaphat Prachaplang (ณัฏฐ์พัฒน์ ประชาแปลง)
51B11FEX6818,CO2,10 ปอนด์,ในห้อง Chailler ดาดฟ้า อาคาร B1,1/1/2025,ศรย.,FALSE,,,,ปกติ,,,10/22/2025 1:07 AM,Nattaphat Prachaplang (ณัฏฐ์พัฒน์ ประชาแปลง)
51B21FEX6819,CO2,10 ปอนด์,ห้องประชุมอาคาร B2,1/1/2025,ศรย.,FALSE,,,,ปกติ,,,10/22/2025 1:07 AM,Nattaphat Prachaplang (ณัฏฐ์พัฒน์ ประชาแปลง)
51B11FEX6820,Dry che,10 ปอนด์,ประตูทางหนีไฟ ธพ. งานรับจ่าย อาคาร B1,9/1/2025,ศรย.,FALSE,,,,ปกติ,,,10/22/2025 1:48 AM,Nattaphat Prachaplang (ณัฏฐ์พัฒน์ ประชาแปลง)
51P10FEX6821,Dry che,10 ปอนด์,ที่จอดรถพนักงานทิศตะวันออก,9/1/2025,ศรย.,FALSE,,,,ปกติ,,,10/22/2025 1:48 AM,Nattaphat Prachaplang (ณัฏฐ์พัฒน์ ประชาแปลง)
51P10FEX6822,Dry che,10 ปอนด์,ที่จอดรถพนักงานทิศตะวันออก,9/1/2025,ศรย.,FALSE,,,,ปกติ,,,10/22/2025 1:48 AM,Nattaphat Prachaplang (ณัฏฐ์พัฒน์ ประชาแปลง)
51P10FEX6823,Dry che,10 ปอนด์,ที่จอดรถพนักงานทิศตะวันตก,9/1/2025,ศรย.,FALSE,,,,ปกติ,,,10/22/2025 1:48 AM,Nattaphat Prachaplang (ณัฏฐ์พัฒน์ ประชาแปลง)
51P10FEX6824,Dry che,10 ปอนด์,ที่จอดรถพนักงานทิศตะวันตก,9/1/2025,ศรย.,FALSE,,,,ปกติ,,,10/22/2025 1:47 AM,Nattaphat Prachaplang (ณัฏฐ์พัฒน์ ประชาแปลง)
51B10FEX6825,Dry che,10 ปอนด์,ตู้คอนเทนเนอร์ข้างประตู G5,9/1/2025,ศรย.,FALSE,,,,ปกติ,,,10/22/2025 1:47 AM,Nattaphat Prachaplang (ณัฏฐ์พัฒน์ ประชาแปลง)
51B41FEX6826,Dry che,10 ปอนด์,ห้องบีบอัดเศษธนบัตร ด้านนอกอาคาร B4,9/1/2025,ศรย.,FALSE,,,,ปกติ,,,10/22/2025 1:47 AM,Nattaphat Prachaplang (ณัฏฐ์พัฒน์ ประชาแปลง)
51B11FEX6827,Dry che,10 ปอนด์,ห้องเครื่องกำเนิดไฟฟ้าสำรอง อาคาร B1,9/1/2025,ศรย.,FALSE,,,,ปกติ,,,10/22/2025 1:47 AM,Nattaphat Prachaplang (ณัฏฐ์พัฒน์ ประชาแปลง)
51B11FEX6828,Dry che,10 ปอนด์,ห้องเครื่องกำเนิดไฟฟ้าสำรอง อาคาร B1,9/1/2025,ศรย.,FALSE,,,,ปกติ,,,10/22/2025 1:47 AM,Nattaphat Prachaplang (ณัฏฐ์พัฒน์ ประชาแปลง)
51B11FEX6829,ABFFC,10 ปอนด์,โถงหน้าห้องมั่นคง อาคาร B1,9/1/2025,ศรย.,FALSE,,,,ปกติ,,,10/25/2025 10:20 AM,Nattaphat Prachaplang (ณัฏฐ์พัฒน์ ประชาแปลง)
51B11FEX6830,ABFFC,10 ปอนด์,โถงหน้าห้องมั่นคง อาคาร B1,9/1/2025,ศรย.,FALSE,,,,ปกติ,,,10/25/2025 10:20 AM,Nattaphat Prachaplang (ณัฏฐ์พัฒน์ ประชาแปลง)
51B11FEX6831,ABFFC,10 ปอนด์,ลานจอดรถขนถ่าย อาคาร B1,9/1/2025,ศรย.,FALSE,,,,ปกติ,,,10/25/2025 10:20 AM,Nattaphat Prachaplang (ณัฏฐ์พัฒน์ ประชาแปลง)
51B11FEX6832,ABFFC,10 ปอนด์,ลานจอดรถขนถ่าย อาคาร B1,9/1/2025,ศรย.,FALSE,,,,ปกติ,,,10/25/2025 10:20 AM,Nattaphat Prachaplang (ณัฏฐ์พัฒน์ ประชาแปลง)
51B31FEX6833,ABFFC,10 ปอนด์,ป้อม รปภ.CCC อาคาร B3,9/1/2025,ศรย.,FALSE,,,,ปกติ,,,10/25/2025 10:20 AM,Nattaphat Prachaplang (ณัฏฐ์พัฒน์ ประชาแปลง)
51B31FEX6834,ABFFC,10 ปอนด์,ป้อม ตำรวจรักษาการณ์ อาคาร B3,9/1/2025,ศรย.,FALSE,,,,ปกติ,,,10/25/2025 10:19 AM,Nattaphat Prachaplang (ณัฏฐ์พัฒน์ ประชาแปลง)
41B01FEX6801,CO2,10 ปอนด์,ทางเข้าพนักงาน (D2),9/1/2025,ศหญ.,FALSE,,,,ปกติ,,,10/24/2025 11:06 AM,Amnuay Tongmit (อำนวย ต้องมิตร)
41B01FEX6802,CO2,10 ปอนด์,ทางเข้าพนักงาน (D2),9/1/2025,ศหญ.,FALSE,,,,ปกติ,,,10/24/2025 11:06 AM,Amnuay Tongmit (อำนวย ต้องมิตร)
41B01FEX6803,CO2,10 ปอนด์,ห้องควบคุม CCC,10/24/2025,ศหญ.,FALSE,,,,ปกติ,,,10/24/2025 11:06 AM,Amnuay Tongmit (อำนวย ต้องมิตร)
41B01FEX6804,CO2,10 ปอนด์,หน้าประตูห้องไฟฟ้า 2,9/1/2025,ศหญ.,FALSE,,,,ปกติ,,,10/24/2025 11:06 AM,Amnuay Tongmit (อำนวย ต้องมิตร)
41B01FEX6405,CO2,10 ปอนด์,ห้องนับคัด,1/1/2021,ศหญ.,FALSE,,,,ปกติ,,,10/24/2025 10:00 AM,Amnuay Tongmit (อำนวย ต้องมิตร)
41B01FEX6806,CO2,10 ปอนด์,ห้องนับคัด,9/1/2025,ศหญ.,FALSE,,,,ปกติ,,,10/24/2025 11:06 AM,Amnuay Tongmit (อำนวย ต้องมิตร)
41B01FEX6407,CO2,10 ปอนด์,ห้องบรรจุ ATM,1/1/2021,ศหญ.,FALSE,,,,ปกติ,,,10/24/2025 11:06 AM,Amnuay Tongmit (อำนวย ต้องมิตร)
41B01FEX6808,CO2,10 ปอนด์,ห้องบรรจุ ATM,9/1/2025,ศหญ.,FALSE,,,,ปกติ,,,10/24/2025 11:06 AM,Amnuay Tongmit (อำนวย ต้องมิตร)
41B01FEX6809,CO2,10 ปอนด์,ทางเดินหน้าห้องทำลาย,9/1/2025,ศหญ.,FALSE,,,,ปกติ,,,10/24/2025 11:12 AM,Amnuay Tongmit (อำนวย ต้องมิตร)
41B01FEX6810,CO2,10 ปอนด์,ในห้องทำลาย (หน้าเครื่องทำลาย),9/1/2025,ศหญ.,FALSE,,,,ปกติ,,,10/24/2025 11:07 AM,Amnuay Tongmit (อำนวย ต้องมิตร)
41B01FEX6811,CO2,10 ปอนด์,ภายในห้องทำลาย,9/1/2025,ศหญ.,FALSE,,,,ปกติ,,,10/24/2025 11:12 AM,Amnuay Tongmit (อำนวย ต้องมิตร)
41B01FEX6812,CO2,10 ปอนด์,ภายในห้องอัดเศษ,9/1/2025,ศหญ.,FALSE,,,,ปกติ,,,10/24/2025 11:07 AM,Amnuay Tongmit (อำนวย ต้องมิตร)
41B01FEX6813,CO2,10 ปอนด์,ภายในห้องอัดเศษ,9/1/2025,ศหญ.,FALSE,,,,ปกติ,,,10/24/2025 11:12 AM,Amnuay Tongmit (อำนวย ต้องมิตร)
41B01FEX6414,CO2,10 ปอนด์,ภายในห้องปั๊มลม,1/1/2021,ศหญ.,FALSE,,,,ปกติ,,,10/24/2025 11:07 AM,Amnuay Tongmit (อำนวย ต้องมิตร)
41B01FEX6415,CO2,10 ปอนด์,ภายในห้องไฟฟ้า 3,1/1/2021,ศหญ.,FALSE,,,,ปกติ,,,10/24/2025 11:07 AM,Amnuay Tongmit (อำนวย ต้องมิตร)
41B01FEX6816,CO2,10 ปอนด์,ภายในห้องช่าง,9/1/2025,ศหญ.,FALSE,,,,ปกติ,,,10/24/2025 11:07 AM,Amnuay Tongmit (อำนวย ต้องมิตร)
41B01FEX6817,CO2,10 ปอนด์,ภายในห้องช่าง,9/1/2025,ศหญ.,FALSE,,,,ปกติ,,,10/24/2025 11:07 AM,Amnuay Tongmit (อำนวย ต้องมิตร)
41B01FEX6818,Halotron,10 ปอนด์,โถงหน้าห้องมั่นคง,10/24/2025,ศหญ.,FALSE,,,,ปกติ,,,10/24/2025 11:07 AM,Amnuay Tongmit (อำนวย ต้องมิตร)
41B01FEX6819,Halotron,10 ปอนด์,โถงหน้าห้องมั่นคง,9/1/2025,ศหญ.,FALSE,,,,ปกติ,,,10/24/2025 11:08 AM,Amnuay Tongmit (อำนวย ต้องมิตร)
41B01FEX6820,Halotron,10 ปอนด์,ภายในห้องมั่นคง CCC,9/1/2025,ศหญ.,FALSE,,,,ปกติ,,,10/24/2025 10:17 AM,Amnuay Tongmit (อำนวย ต้องมิตร)
41B01FEX6821,Halotron,10 ปอนด์,ภายในห้องมั่นคง ธปท.,9/1/2025,ศหญ.,FALSE,,,,ปกติ,,,10/24/2025 11:08 AM,Amnuay Tongmit (อำนวย ต้องมิตร)
41B01FEX6822,Halotron,10 ปอนด์,ประตูเหล็กโถงหน้าห้องรับจ่าย,9/1/2025,ศหญ.,FALSE,,,,ปกติ,,,10/24/2025 11:08 AM,Amnuay Tongmit (อำนวย ต้องมิตร)
41B01FEX6823,Halotron,10 ปอนด์,ประตูเหล็กโถงหน้าห้องรับจ่าย,9/1/2025,ศหญ.,FALSE,,,,ปกติ,,,10/24/2025 11:08 AM,Amnuay Tongmit (อำนวย ต้องมิตร)
42B21FEX6801,CO2,10 ปอนด์,ในตู้เก็บอาคาร B2,9/24/2025,ศสร.,FALSE,,,,ปกติ,,,10/24/2025 10:27 AM,Natthaphon Piyarajasakul (ณัฏฐพล ปิยะราษฏร์สกุล)
41B01FEX6824,Halotron,10 ปอนด์,โถงหน้าห้องรับจ่าย,9/1/2025,ศหญ.,FALSE,,,,ปกติ,,,10/24/2025 11:08 AM,Amnuay Tongmit (อำนวย ต้องมิตร)
41B01FEX6825,Halotron,10 ปอนด์,โถงหน้าห้องรับจ่าย,9/1/2025,ศหญ.,FALSE,,,,ปกติ,,,10/24/2025 11:08 AM,Amnuay Tongmit (อำนวย ต้องมิตร)
41B01FEX6826,CO2,10 ปอนด์,ห้องตรวจพิสูจน์ (โถงหน้าห้องรับจ่าย),9/1/2025,ศหญ.,FALSE,,,,ปกติ,,,10/24/2025 11:08 AM,Amnuay Tongmit (อำนวย ต้องมิตร)
41B01FEX6827,Halotron,10 ปอนด์,ชานขนถ่ายธนบัตร,9/1/2025,ศหญ.,FALSE,,,,ปกติ,,,10/24/2025 11:12 AM,Amnuay Tongmit (อำนวย ต้องมิตร)
41B01FEX6828,Halotron,10 ปอนด์,ชานขนถ่ายธนบัตร,9/1/2025,ศหญ.,FALSE,,,,ปกติ,,,10/27/2025 1:54 PM,Amnuay Tongmit (อำนวย ต้องมิตร)
41B01FEX6829,Halotron,10 ปอนด์,ชานขนถ่ายธนบัตร,9/1/2025,ศหญ.,FALSE,,,,ปกติ,,,10/24/2025 11:08 AM,Amnuay Tongmit (อำนวย ต้องมิตร)
41B01FEX6830,Halotron,10 ปอนด์,ชานขนถ่ายธนบัตร,9/1/2025,ศหญ.,FALSE,,,,ปกติ,,,10/24/2025 11:08 AM,Amnuay Tongmit (อำนวย ต้องมิตร)
41B01FEX6831,Halotron,10 ปอนด์,ชานขนถ่ายธนบัตร,9/1/2025,ศหญ.,FALSE,,,,ปกติ,,,10/24/2025 11:09 AM,Amnuay Tongmit (อำนวย ต้องมิตร)
41B01FEX6832,Halotron,10 ปอนด์,ชานขนถ่ายธนบัตร,9/1/2025,ศหญ.,FALSE,,,,ปกติ,,,10/24/2025 11:09 AM,Amnuay Tongmit (อำนวย ต้องมิตร)
41B01FEX6833,CO2,10 ปอนด์,ทางขึ้นห้องเครื่อง,9/1/2025,ศหญ.,FALSE,,,,ปกติ,,,10/24/2025 11:09 AM,Amnuay Tongmit (อำนวย ต้องมิตร)
41B12FEX6834,CO2,10 ปอนด์,ห้องควบคุมงานรักษาความปลอดภัย ศหญ.,9/1/2025,ศหญ.,FALSE,,,,ปกติ,,,10/24/2025 11:09 AM,Amnuay Tongmit (อำนวย ต้องมิตร)
41B12FEX6835,CO2,10 ปอนด์,ห้องควบคุมงานรักษาความปลอดภัย ศหญ.,9/1/2025,ศหญ.,FALSE,,,,ปกติ,,,10/24/2025 11:09 AM,Amnuay Tongmit (อำนวย ต้องมิตร)
42B31FEX6802,Water Mist,10 ปอนด์,ภายในป้อม รปภ. อาคาร B3,9/24/2025,ศสร.,FALSE,,,,ปกติ,,,10/27/2025 2:18 PM,Natthaphon Piyarajasakul (ณัฏฐพล ปิยะราษฏร์สกุล)
41B12FEX6436,CO2,10 ปอนด์,ภายในห้อง MCR,1/1/2021,ศหญ.,FALSE,,,,ปกติ,,,10/24/2025 11:12 AM,Amnuay Tongmit (อำนวย ต้องมิตร)
41B12FEX6437,CO2,10 ปอนด์,ภายในห้องเซิร์ฟเวอร์ EQM,1/1/2021,ศหญ.,FALSE,,,,ปกติ,,,10/24/2025 11:12 AM,Amnuay Tongmit (อำนวย ต้องมิตร)
42B31FEX6803,Water Mist,10 ปอนด์,ภายในป้อมตำรวจรักษาการณ์ อาคาร B3,9/24/2025,ศสร.,FALSE,,,,ปกติ,,,10/27/2025 2:20 PM,Natthaphon Piyarajasakul (ณัฏฐพล ปิยะราษฏร์สกุล)
41B12FEX6438,CO2,10 ปอนด์,ภายในห้องไฟฟ้า ,1/1/2021,ศหญ.,FALSE,,,,ปกติ,,,10/24/2025 11:09 AM,Amnuay Tongmit (อำนวย ต้องมิตร)
41B12FEX6439,CO2,10 ปอนด์,ทางเดินหน้าห้องธุรการ,1/1/2021,ศหญ.,FALSE,,,,ปกติ,,,10/24/2025 11:09 AM,Amnuay Tongmit (อำนวย ต้องมิตร)
42B11FEX6804,CO2,10 ปอนด์,ทางเดินจุตรวจค้นประตูD5 ในตู้ Fire Hose,9/24/2025,ศสร.,FALSE,,,,ปกติ,,,10/27/2025 2:20 PM,Natthaphon Piyarajasakul (ณัฏฐพล ปิยะราษฏร์สกุล)
41B12FEX6840,CO2,10 ปอนด์,ภายในห้องธุรการ,9/1/2025,ศหญ.,FALSE,,,,ปกติ,,,10/24/2025 11:09 AM,Amnuay Tongmit (อำนวย ต้องมิตร)
41B12FEX6841,CO2,10 ปอนด์,ห้องเก็บเอกสาร,9/1/2025,ศหญ.,FALSE,,,,ปกติ,,,10/24/2025 11:10 AM,Amnuay Tongmit (อำนวย ต้องมิตร)
42B11FEX6805,CO2,10 ปอนด์,ห้องควบคุมงาน CCC,9/24/2025,ศสร.,FALSE,,,,ปกติ,,,10/27/2025 2:21 PM,Natthaphon Piyarajasakul (ณัฏฐพล ปิยะราษฏร์สกุล)
41B12FEX6842,CO2,10 ปอนด์,ห้องนันทนาการ,9/1/2025,ศหญ.,FALSE,,,,ปกติ,,,10/24/2025 11:10 AM,Amnuay Tongmit (อำนวย ต้องมิตร)
41B12FEX6843,CO2,10 ปอนด์,ทางเดินหน้าห้องพัดลม,9/1/2025,ศหญ.,FALSE,,,,ปกติ,,,10/24/2025 11:10 AM,Amnuay Tongmit (อำนวย ต้องมิตร)
42B11FEX6806,CO2,10 ปอนด์,ห้องสำนักงาน ธปท.1,9/24/2025,ศสร.,FALSE,,,,ปกติ,,,10/27/2025 2:21 PM,Natthaphon Piyarajasakul (ณัฏฐพล ปิยะราษฏร์สกุล)
41B12FEX6444,CO2,10 ปอนด์,ภายในห้องพัดลม,1/1/2021,ศหญ.,FALSE,,,,ปกติ,,,10/24/2025 11:11 AM,Amnuay Tongmit (อำนวย ต้องมิตร)
42B11FEX6807,CO2,10 ปอนด์,ทางเดินหน้าห้อง Admin,9/24/2025,ศสร.,FALSE,,,,ปกติ,,,10/27/2025 2:21 PM,Natthaphon Piyarajasakul (ณัฏฐพล ปิยะราษฏร์สกุล)
41B12FEX6445,CO2,10 ปอนด์,ภายในห้องควบคุมระบบอาคาร,1/1/2021,ศหญ.,FALSE,,,,ปกติ,,,10/24/2025 11:10 AM,Amnuay Tongmit (อำนวย ต้องมิตร)
41B12FEX6446,CO2,10 ปอนด์,ภายในห้อง UPS,1/1/2021,ศหญ.,FALSE,,,,ปกติ,,,10/24/2025 11:11 AM,Amnuay Tongmit (อำนวย ต้องมิตร)
42B11FEX6808,Water Mist,10 ปอนด์,หน้าห้องมั่นคงรอง,9/24/2025,ศสร.,FALSE,,,,ปกติ,,,10/27/2025 2:21 PM,Natthaphon Piyarajasakul (ณัฏฐพล ปิยะราษฏร์สกุล)
41B12FEX6447,CO2,10 ปอนด์,ภายในห้อง MDB,1/1/2021,ศหญ.,FALSE,,,,ปกติ,,,10/24/2025 11:11 AM,Amnuay Tongmit (อำนวย ต้องมิตร)
42B11FEX6809,Water Mist,10 ปอนด์,หน้าห้องมั่นคงรอง,9/24/2025,ศสร.,FALSE,,,,ปกติ,,,10/27/2025 2:22 PM,Natthaphon Piyarajasakul (ณัฏฐพล ปิยะราษฏร์สกุล)
41B12FEX6848,CO2,10 ปอนด์,ภายในห้อง TRANSFORMER,1/1/2021,ศหญ.,FALSE,,,,ปกติ,,,10/27/2025 1:55 PM,Amnuay Tongmit (อำนวย ต้องมิตร)
42B11FEX6810,CO2,10 ปอนด์,ภายในห้องนับคัดธนบัตร ,9/24/2025,ศสร.,FALSE,,,,ปกติ,,,10/27/2025 2:22 PM,Natthaphon Piyarajasakul (ณัฏฐพล ปิยะราษฏร์สกุล)
41B12FEX6849,Dry che,15 ปอนด์,ภายในห้องไฟฟ้าสำรอง GENERATOR,9/1/2025,ศหญ.,FALSE,,,,ปกติ,,,10/24/2025 11:10 AM,Amnuay Tongmit (อำนวย ต้องมิตร)
41B12FEX6850,Dry che,15 ปอนด์,ภายในห้องไฟฟ้าสำรอง GENERATOR,9/1/2025,ศหญ.,FALSE,,,,ปกติ,,,10/24/2025 11:10 AM,Amnuay Tongmit (อำนวย ต้องมิตร)
41B21FEX6451,CO2,10 ปอนด์,ภายในป้อมรักษาการณ์ รปภ. G1,1/1/2021,ศหญ.,FALSE,,,,ปกติ,,,10/24/2025 11:11 AM,Amnuay Tongmit (อำนวย ต้องมิตร)
41B21FEX6852,CO2,10 ปอนด์,ภายในป้อมรักษาการณ์ รปภ. G1,9/1/2025,ศหญ.,FALSE,,,,ปกติ,,,10/24/2025 11:10 AM,Amnuay Tongmit (อำนวย ต้องมิตร)
41B21FEX6853,CO2,10 ปอนด์,ภายในป้อมรักษาการณ์ ตำรวจ G1,9/1/2025,ศหญ.,FALSE,,,,ปกติ,,,10/24/2025 11:10 AM,Amnuay Tongmit (อำนวย ต้องมิตร)
42B11FEX6811,Water Mist,10 ปอนด์,ลานขนถ่าย,9/24/2025,ศสร.,FALSE,,,,ปกติ,,,10/27/2025 2:22 PM,Natthaphon Piyarajasakul (ณัฏฐพล ปิยะราษฏร์สกุล)
41B21FEX6854,CO2,10 ปอนด์,หน้าห้องพักคอย G1,9/1/2025,ศหญ.,FALSE,,,,ปกติ,,,10/24/2025 11:11 AM,Amnuay Tongmit (อำนวย ต้องมิตร)
42B11FEX6812,Water Mist,10 ปอนด์,ลานขนถ่าย,9/24/2025,ศสร.,FALSE,,,,ปกติ,,,10/27/2025 2:23 PM,Natthaphon Piyarajasakul (ณัฏฐพล ปิยะราษฏร์สกุล)
41B21FEX6855,CO2,10 ปอนด์,ภายในห้องเก็บอาวุธ CCC,9/1/2025,ศหญ.,FALSE,,,,ปกติ,,,10/24/2025 11:10 AM,Amnuay Tongmit (อำนวย ต้องมิตร)
41B31FEX6456,CO2,10 ปอนด์,ภายในห้องเครื่องปั๊มน้ำ,1/1/2021,ศหญ.,FALSE,,,,ปกติ,,,10/24/2025 11:11 AM,Amnuay Tongmit (อำนวย ต้องมิตร)
42B11FEX6813,CO2,10 ปอนด์,หน้าห้องทำลายธนบัตร ในตู้ Fire Hose,9/24/2025,ศสร.,FALSE,,,,ปกติ,,,10/27/2025 2:23 PM,Natthaphon Piyarajasakul (ณัฏฐพล ปิยะราษฏร์สกุล)
41B31FEX6857,CO2,10 ปอนด์,ภายในห้องเก็บพัสดุ,9/1/2025,ศหญ.,FALSE,,,,ปกติ,,,10/24/2025 11:11 AM,Amnuay Tongmit (อำนวย ต้องมิตร)
42B11FEX6814,CO2,10 ปอนด์,หน้าห้องน้ำ ด้านห้องสันทนาการ,9/24/2025,ศสร.,FALSE,,,,ปกติ,,,10/27/2025 2:23 PM,Natthaphon Piyarajasakul (ณัฏฐพล ปิยะราษฏร์สกุล)
42B11FEX6815,CO2,10 ปอนด์,หน้าห้องน้ำ ด้านห้องสันทนาการ,9/24/2025,ศสร.,FALSE,,,,ปกติ,,,10/27/2025 2:23 PM,Natthaphon Piyarajasakul (ณัฏฐพล ปิยะราษฏร์สกุล)
42B11FEX6816,CO2,10 ปอนด์,หน้าห้อง Net Work ในตู้ Fire Hose,9/24/2025,ศสร.,FALSE,,,,ปกติ,,,10/27/2025 2:24 PM,Natthaphon Piyarajasakul (ณัฏฐพล ปิยะราษฏร์สกุล)
42B11FEX6817,CO2,10 ปอนด์,หน้าห้อง UPS,9/24/2025,ศสร.,FALSE,,,,ปกติ,,,10/27/2025 2:24 PM,Natthaphon Piyarajasakul (ณัฏฐพล ปิยะราษฏร์สกุล)
42B11FEX6818,CO2,10 ปอนด์,หน้าห้อง UPS,9/24/2025,ศสร.,FALSE,,,,ปกติ,,,10/27/2025 2:24 PM,Natthaphon Piyarajasakul (ณัฏฐพล ปิยะราษฏร์สกุล)
42B11FEX6819,CO2,10 ปอนด์,หน้าห้อง รับ - จ่าย  ธพ.,9/24/2025,ศสร.,FALSE,,,,ปกติ,,,10/27/2025 2:24 PM,Natthaphon Piyarajasakul (ณัฏฐพล ปิยะราษฏร์สกุล)
42B11FEX6820,CO2,10 ปอนด์,หน้าห้อง รับ - จ่าย  ธพ.,9/24/2025,ศสร.,FALSE,,,,ปกติ,,,10/27/2025 2:33 PM,Natthaphon Piyarajasakul (ณัฏฐพล ปิยะราษฏร์สกุล)
42B11FEX6821,Dry che,15 ปอนด์,ภายในห้องเครื่องปั่นไฟฟ้าสำรอง,9/24/2025,ศสร.,FALSE,,,,ปกติ,,,10/27/2025 2:33 PM,Natthaphon Piyarajasakul (ณัฏฐพล ปิยะราษฏร์สกุล)
42B11FEX6822,Dry che,15 ปอนด์,ภายในห้องเครื่องปั่นไฟฟ้าสำรอง,9/24/2025,ศสร.,FALSE,,,,ปกติ,,,10/27/2025 2:34 PM,Natthaphon Piyarajasakul (ณัฏฐพล ปิยะราษฏร์สกุล)
42B41FEX6823,CO2,10 ปอนด์,ภายในห้องบีบอัด อาคาร B4,9/24/2025,ศสร.,FALSE,,,,ปกติ,,,10/27/2025 2:34 PM,Natthaphon Piyarajasakul (ณัฏฐพล ปิยะราษฏร์สกุล)
42B41FEX6824,CO2,10 ปอนด์,ภายในห้องบีบอัด อาคาร B4,9/24/2025,ศสร.,FALSE,,,,ปกติ,,,10/27/2025 2:34 PM,Natthaphon Piyarajasakul (ณัฏฐพล ปิยะราษฏร์สกุล)
42B11FEX6825,CO2,10 ปอนด์,ห้องสำนักงาน ธปท.1,9/24/2025,ศสร.,FALSE,,,,ปกติ,,,10/27/2025 2:34 PM,Natthaphon Piyarajasakul (ณัฏฐพล ปิยะราษฏร์สกุล)
42B11FEX6826,CO2,10 ปอนด์,ห้องสำนักงาน ธปท.1,9/24/2025,ศสร.,FALSE,,,,ปกติ,,,10/27/2025 2:34 PM,Natthaphon Piyarajasakul (ณัฏฐพล ปิยะราษฏร์สกุล)
42B11FEX6827,CO2,10 ปอนด์,ห้องสำนักงาน ธปท.1,9/24/2025,ศสร.,FALSE,,,,ปกติ,,,10/27/2025 2:34 PM,Natthaphon Piyarajasakul (ณัฏฐพล ปิยะราษฏร์สกุล)
42B11FEX6828,Dry che,10 ปอนด์,ห้องสำนักงาน ธปท.1,9/24/2025,ศสร.,FALSE,,,,ปกติ,,,10/27/2025 2:35 PM,Natthaphon Piyarajasakul (ณัฏฐพล ปิยะราษฏร์สกุล)
42B11FEX6829,Dry che,10 ปอนด์,ห้องสำนักงาน ธปท.1,9/24/2025,ศสร.,FALSE,,,,ปกติ,,,10/27/2025 2:35 PM,Natthaphon Piyarajasakul (ณัฏฐพล ปิยะราษฏร์สกุล)
42B11FEX6830,Dry che,10 ปอนด์,ห้องสำนักงาน ธปท.1,9/24/2025,ศสร.,FALSE,,,,ปกติ,,,10/27/2025 2:35 PM,Natthaphon Piyarajasakul (ณัฏฐพล ปิยะราษฏร์สกุล)
42B11FEX6831,Dry che,10 ปอนด์,ห้องสำนักงาน ธปท.1,9/24/2025,ศสร.,FALSE,,,,ปกติ,,,10/27/2025 2:35 PM,Natthaphon Piyarajasakul (ณัฏฐพล ปิยะราษฏร์สกุล)
42B11FEX6832,Dry che,10 ปอนด์,ห้องสำนักงาน ธปท.1,9/24/2025,ศสร.,FALSE,,,,ปกติ,,,10/27/2025 2:35 PM,Natthaphon Piyarajasakul (ณัฏฐพล ปิยะราษฏร์สกุล)
42B11FEX6833,Dry che,10 ปอนด์,ห้องสำนักงาน ธปท.1,9/24/2025,ศสร.,FALSE,,,,ปกติ,,,10/27/2025 2:35 PM,Natthaphon Piyarajasakul (ณัฏฐพล ปิยะราษฏร์สกุล)
42B11FEX6834,Dry che,10 ปอนด์,ห้องสำนักงาน ธปท.1,9/24/2025,ศสร.,FALSE,,,,ปกติ,,,10/27/2025 2:36 PM,Natthaphon Piyarajasakul (ณัฏฐพล ปิยะราษฏร์สกุล)
33B21FEX6830,CO2,10 ปอนด์,อาคาร B2 อาคารผู้มาติดต่อ B2 (ห้องสันทนาการ GFC.),1/1/2025,ศอบ.,FALSE,,,,ปกติ,,,10/30/2025 8:19 AM,Sakchai Weruwanarak (ศักดิ์ชัย เวฬุวนารักษ์)
33B21FEX6831,Water Mist,10 ปอนด์,อาคาร B2 อาคารผู้มาติดต่อ B2 (ทางเดินหน้าห้องน้ำ),1/1/2025,ศอบ.,FALSE,,,,ปกติ,,,10/30/2025 8:19 AM,Sakchai Weruwanarak (ศักดิ์ชัย เวฬุวนารักษ์)
33B31FEX6832,Water Mist,10 ปอนด์,อาคาร B3 ป้อมรักษาการณ์ B3 (ยามจ้าง),1/1/2025,ศอบ.,FALSE,,,,ปกติ,,,10/30/2025 8:20 AM,Sakchai Weruwanarak (ศักดิ์ชัย เวฬุวนารักษ์)
33G31FEX6833,Dry che,10 ปอนด์,อาคาร B3 สนามเปตองที่จอดรถGF(G3),1/1/2025,ศอบ.,FALSE,,,,ปกติ,,,11/27/2025 8:52 AM,Nipon Anuprasert (นิพนธ์ อนุประเสริฐ)
32B31FEX6830,ABFFC,10 ปอนด์,อาคาร B3 ในป้อมรักษาการณ์KTGS,1/1/2025,ศนร.,FALSE,,,,ปกติ,,,11/26/2025 1:52 PM,Nipon Anuprasert (นิพนธ์ อนุประเสริฐ)
32B31FEX6831,ABFFC,10 ปอนด์,อาคาร B3 ผนังด้านหลังป้อมรักษาการณ์,1/1/2025,ศนร.,FALSE,,,,ปกติ,,,11/26/2025 1:52 PM,Nipon Anuprasert (นิพนธ์ อนุประเสริฐ)
32G4FEX6832,Dry che,10 ปอนด์,โรงจอดรถ พนง.ศนร.,1/1/2025,ศนร.,FALSE,,,,ปกติ,,,11/26/2025 1:51 PM,Nipon Anuprasert (นิพนธ์ อนุประเสริฐ)
32G4FEX6833,Dry che,10 ปอนด์,โรงจอดรถ พนง.ศนร.,1/1/2025,ศนร.,FALSE,,,,ปกติ,,,11/26/2025 1:51 PM,Nipon Anuprasert (นิพนธ์ อนุประเสริฐ)
32G4FEX6834,Dry che,10 ปอนด์,โรงจอดรถ พนง.ศนร.,1/1/2025,ศนร.,FALSE,,,,ปกติ,,,11/26/2025 1:51 PM,Nipon Anuprasert (นิพนธ์ อนุประเสริฐ)
01BKP1FEX6801,Ade2000,15 ปอนด์,วังบางขุนพรหม ชั้น 1 โซน 1 ประตูทางเชื่อมไปตำหนักสมเด็จ,1/1/2025,สนญ.,FALSE,,,,,,,12/26/2025 3:21 PM,Watcharakron Pualek (วัชรกรณ์ พั่วเหล็ก)
01BRP1FEX6801,Ade2000,15 ปอนด์,เรือนแพ ชั้น 1 โซน 0 ประตูทางเข้าเรือนแพ,1/1/2025,สนญ.,FALSE,,,,,,,12/26/2025 3:23 PM,Watcharakron Pualek (วัชรกรณ์ พั่วเหล็ก)
01BMC1FEX6701,Ade2000,15 ปอนด์,ในโรงซอยกระดาษ (หน้าห้องน้ำ),1/1/2025,สนญ.,FALSE,,,,,,,12/26/2025 3:24 PM,Watcharakron Pualek (วัชรกรณ์ พั่วเหล็ก)
01BMC1FEX6702,Ade2000,15 ปอนด์,ในโรงซอยกระดาษ ,1/1/2025,สนญ.,FALSE,,,,,,,12/26/2025 3:41 PM,Watcharakron Pualek (วัชรกรณ์ พั่วเหล็ก)
01CBFEX6807,Ade2000,15 ปอนด์,ป้อมรักษาการณ์ ชั้น 0 โซน 0 หัวมุมศาลพระภัทรเทวะ,1/1/2025,สนญ.,FALSE,,,,,,,12/26/2025 3:42 PM,Watcharakron Pualek (วัชรกรณ์ พั่วเหล็ก)
01CBFEX6808,Ade2000,15 ปอนด์,ป้อมรักษาการณ์ ชั้น 0 โซน 0 หัวมุมศาลพระภัทรเทวะ,1/1/2025,สนญ.,FALSE,,,,,,,12/26/2025 3:42 PM,Watcharakron Pualek (วัชรกรณ์ พั่วเหล็ก)
01CBFEX67155,Ade2000,15 ปอนด์,ป้อมรักษาการณ์ ชั้น 0 โซน 0 ป้อม ต.1,1/1/2024,สนญ.,FALSE,,,,,,,12/26/2025 3:44 PM,Watcharakron Pualek (วัชรกรณ์ พั่วเหล็ก)
01CBFEX67156,Ade2000,15 ปอนด์,ป้อมรักษาการณ์ ชั้น 0 โซน 0 ป้อม ต.1,1/1/2024,สนญ.,FALSE,,,,,,,12/26/2025 3:46 PM,Watcharakron Pualek (วัชรกรณ์ พั่วเหล็ก)
01CBFEX6809,Ade2000,15 ปอนด์,ป้อมรักษาการณ์ ชั้น 0 โซน 0 ป้อม ต.4,1/1/2025,สนญ.,FALSE,,,,,,,12/26/2025 3:47 PM,Watcharakron Pualek (วัชรกรณ์ พั่วเหล็ก)
01CBFEX6810,Ade2000,15 ปอนด์,ป้อมรักษาการณ์ ชั้น 0 โซน 0 ป้อม ต.4,1/1/2025,สนญ.,FALSE,,,,,,,12/26/2025 3:48 PM,Watcharakron Pualek (วัชรกรณ์ พั่วเหล็ก)
01CBFEX6811,Ade2000,15 ปอนด์,ป้อมรักษาการณ์ ชั้น 0 โซน 0 ป้อม ต.4,1/1/2025,สนญ.,FALSE,,,,,,,12/26/2025 3:49 PM,Watcharakron Pualek (วัชรกรณ์ พั่วเหล็ก)
01CBFEX6812,Ade2000,15 ปอนด์,ป้อมรักษาการณ์ ชั้น 0 โซน 0 ป้อม ต.4,1/1/2025,สนญ.,FALSE,,,,,,,12/26/2025 3:50 PM,Watcharakron Pualek (วัชรกรณ์ พั่วเหล็ก)
01CLCBFEX6701,Ade2000,15 ปอนด์,อาคาร B ชั้น 4 โซน 0 หลังสนามบาส ,1/1/2024,สนญ.,FALSE,,,,,,,12/26/2025 4:17 PM,Watcharakron Pualek (วัชรกรณ์ พั่วเหล็ก)
40EE2FEX6001,Dry che,15 ปอนด์,หน้าห้องเครื่อง Generator อาคารการกำลัง,8/1/2017,สภต.,FALSE,,,,,,,8/7/2026 13:57,Amnuay Tongmit (อำนวย ต้องมิตร)
40EE2FEX6802,Dry che,50 ปอนด์,หน้าห้องเครื่อง Generator อาคารการกำลัง,8/1/2025,สภต.,FALSE,,,,,,,8/7/2026 13:58,Amnuay Tongmit (อำนวย ต้องมิตร)
40DO1FEX6801,Dry che,15 ปอนด์,ในตู้หน้าศูนย์เก็บเอกสาร ชั้น1 (ตู้ที่1),8/1/2025,สภต.,FALSE,,,,,,,8/10/2026 9:32,Amnuay Tongmit (อำนวย ต้องมิตร)
40DO1FEX6002,Dry che,15 ปอนด์,ในตู้หน้าศูนย์เก็บเอกสาร ชั้น1 (ตู้ที่1),1/1/2017,สภต.,FALSE,,,,,,,8/10/2026 9:33,Amnuay Tongmit (อำนวย ต้องมิตร)
40DO1FEX6803,Dry che,15 ปอนด์,ในตู้หน้าศูนย์เก็บเอกสาร ชั้น1 (ตู้ที่2),1/1/2025,สภต.,FALSE,,,,,,,8/10/2026 9:33,Amnuay Tongmit (อำนวย ต้องมิตร)
40DO1FEX6004,Dry che,15 ปอนด์,ในตู้หน้าศูนย์เก็บเอกสาร ชั้น1 (ตู้ที่2),1/1/2017,สภต.,FALSE,,,,,,,8/10/2026 9:34,Amnuay Tongmit (อำนวย ต้องมิตร)
40DO2FEX6001,Dry che,15 ปอนด์,ศูนย์เก็บเอกสาร ชั้น 2 ,8/10/2026,สภต.,FALSE,,,,,,,8/10/2026 9:35,Amnuay Tongmit (อำนวย ต้องมิตร)
40DO2FEX6802,Dry che,15 ปอนด์,ศูนย์เก็บเอกสาร ชั้น 2 ,1/1/2025,สภต.,FALSE,,,,,,,8/10/2026 9:36,Amnuay Tongmit (อำนวย ต้องมิตร)
40HV1FEX6001,BF2000,10 ปอนด์,บ้านพัก ผอส.,1/1/2017,สภต.,FALSE,,,,,,,8/10/2026 9:36,Amnuay Tongmit (อำนวย ต้องมิตร)
40HV1FEX6902,Dry che,15 ปอนด์,บ้านพัก ผอส.,1/1/2026,สภต.,FALSE,,,,,,,8/10/2026 9:37,Amnuay Tongmit (อำนวย ต้องมิตร)
40HH1FEX6801,Dry che,15 ปอนด์,บ้านพักรับรอง 83/1,1/1/2025,สภต.,FALSE,,,,,,,8/10/2026 9:38,Amnuay Tongmit (อำนวย ต้องมิตร)
40HH1FEX6902,Dry che,15 ปอนด์,บ้านพักรับรอง 83/1,1/1/2026,สภต.,FALSE,,,,,,,8/10/2026 9:38,Amnuay Tongmit (อำนวย ต้องมิตร)
40HH1FEX6003,Dry che,15 ปอนด์,บ้านพักรับรอง 83/2,1/1/2017,สภต.,FALSE,,,,,,,8/10/2026 9:39,Amnuay Tongmit (อำนวย ต้องมิตร)
4FF1FEX6001,BF2000,10 ปอนด์,ภายในสถานพยาบาล,1/1/2017,สภต.,FALSE,,,,,,,8/10/2026 9:40,Amnuay Tongmit (อำนวย ต้องมิตร)
40FF1FEX6002,Dry che,15 ปอนด์,หน้าสถานพยาบาล,1/1/2017,สภต.,FALSE,,,,,,,8/10/2026 9:40,Amnuay Tongmit (อำนวย ต้องมิตร)
40FF1FEX6003,Dry che,15 ปอนด์,อาคารเฟื่องฟ้า ชั้น 1 (เสาหน้าหน้าห้อง พขร.),1/1/2017,สภต.,FALSE,,,,,,,8/10/2026 9:41,Amnuay Tongmit (อำนวย ต้องมิตร)
40FF1FEX6004,Dry che,15 ปอนด์,อาคารเฟื่องฟ้า ชั้น 1 (เสาหน้าทางเข้าอาคาร),1/1/2017,สภต.,FALSE,,,,,,,8/10/2026 9:42,Amnuay Tongmit (อำนวย ต้องมิตร)
40FF1FEX6005,Dry che,15 ปอนด์,อาคารเฟื่องฟ้า ชั้น 1 (เสาหน้าทางเข้าอาคาร),1/1/2017,สภต.,FALSE,,,,,,,8/10/2026 9:42,Amnuay Tongmit (อำนวย ต้องมิตร)
40FF2FEX6201,BF2000,10 ปอนด์,อาคารเฟื่องฟ้า (หน้าห้อง 2-1),1/1/2019,สภต.,FALSE,,,,,,,8/10/2026 9:43,Amnuay Tongmit (อำนวย ต้องมิตร)
40FF2FEX6202,BF2000,10 ปอนด์,อาคารเฟื่องฟ้า (หน้าห้อง 2-2),1/1/2019,สภต.,FALSE,,,,,,,8/10/2026 9:44,Amnuay Tongmit (อำนวย ต้องมิตร)
40FF3FEX6201,BF2000,15 ปอนด์,อาคารเฟื่องฟ้า (หน้าห้อง 3-1),1/1/2019,สภต.,FALSE,,,,,,,8/10/2026 9:45,Amnuay Tongmit (อำนวย ต้องมิตร)
40FF3FEX6002,BF2000,10 ปอนด์,อาคารเฟื่องฟ้า (หน้าห้อง 3-2),1/1/2017,สภต.,FALSE,,,,,,,8/10/2026 9:45,Amnuay Tongmit (อำนวย ต้องมิตร)
