"Title","Cost Center ","Brand","Serial","Register","RegisCard","DateBuy","Detail","Team","Link","Status","Modified By","NoSelect","FixType","DetailFix","Checked","LinkPic","LinkMail"
"30066822","48004","ปืนลูกซองเดี่ยว ""Remington""  ลำกล้อง 20 นิ้ว","SO-22619V","กท.670045","214/2512","9/1/1969","ตรวจข้อมูลปืนและเอกสารเรียบร้อยแล้ว ถูกต้อง (ฐานข้อมูลเดิมเป็นของ สภอ. ปรับย้ายมาอยู่ฐานข้อมูล ทญศ.)","ทญศ.","https://botdrm2-wb-p/BOTDRM_Portal/Fileplan/DownloadFile?documentUri=8465995","สภาพพร้อมใช้งาน","Thanakrit Pitchayarittikrai (ธนกฤต พิชญฤทธิไกร)",,,,"ตรวจแล้ว","https://botdrm2-wb-p/BOTDRM_Portal/Fileplan/DownloadFile?documentUri=8527322",
"30066823","48004","ปืนลูกซองเดี่ยว ""Remington""  ลำกล้อง 20 นิ้ว","1059408-V","กท.475017","0323/2533","2/15/1990","ส่งคืนคลังพัสดุหมุนเวียน ทีมสินทรัพย์ถาวร ตามเมลอนุมัติ ผอ.ฝรภ. และ ผอ.ฝจอ.นบอ. ลงวันที่ 24 มิ.ย. 67(ปืน ทญศ.)","ฝจอ. (ฝากเก็บ ศอก.)","https://botdrm2-wb-p/BOTDRM_Portal/Fileplan/DownloadFile?documentUri=8465991","สภาพไม่พร้อมใช้งาน","Watchara Tohkwankaew (วัชระ โต๊ะขวัญแก้ว)",,,"ไม่มีศูนย์หน้า แต่มีรูใส่ศูนย์หน้า","ตรวจแล้ว","https://botdrm2-wb-p/BOTDRM_Portal/Fileplan/DownloadFile?documentUri=8527321",
"30066824","48004","ปืนลูกซองเดี่ยว ""Remington""  ลำกล้อง 20 นิ้ว","1065514-V","กท.475018","0317/2533","2/15/1990","ตรวจข้อมูลปืนและเอกสารเรียบร้อยแล้ว ถูกต้อง","ทญศ.","https://botdrm2-wb-p/BOTDRM_Portal/Fileplan/DownloadFile?documentUri=8466505","สภาพพร้อมใช้งาน","Thanakrit Pitchayarittikrai (ธนกฤต พิชญฤทธิไกร)",,,,"ตรวจแล้ว","https://botdrm2-wb-p/BOTDRM_Portal/Fileplan/DownloadFile?documentUri=8527316",
"30066825","48004","ปืนลูกซองเดี่ยว ""Remington""  ลำกล้อง 20 นิ้ว","1059850-V","กท.475019","0321/2533","2/15/1990","ส่งคืนคลังพัสดุหมุนเวียน ทีมสินทรัพย์ถาวร ตามเมลอนุมัติ ผอ.ฝรภ. และ ผอ.ฝจอ.นบอ. ลงวันที่ 24 มิ.ย.67 (ปืน ทญศ.)","ฝจอ. (ฝากเก็บ ศอก.)","https://botdrm2-wb-p/BOTDRM_Portal/Fileplan/DownloadFile?documentUri=8466502","สภาพไม่พร้อมใช้งาน","Thanakrit Pitchayarittikrai (ธนกฤต พิชญฤทธิไกร)",,,"ฐานมี ส่วนควบศูนย์หน้าไม่ครบ","ตรวจแล้ว","https://botdrm2-wb-p/BOTDRM_Portal/Fileplan/DownloadFile?documentUri=8527310",
"30066826","48004","ปืนลูกซองเดี่ยว ""Remington""  ลำกล้อง 20 นิ้ว","1059953-V","กท.475029","0316/2533","2/15/1990","ส่งคืนคลังพัสดุหมุนเวียน ทีมสินทรัพย์ถาวร ตามเมลอนุมัติ ผอ.ฝรภ. และ ผอ.ฝจอ.นบอ. ลงวันที่ 24 มิ.ย.67 (ปืน ทญศ.)","ฝจอ. (ฝากเก็บ ศอก.)","https://botdrm2-wb-p/BOTDRM_Portal/Fileplan/DownloadFile?documentUri=8466503","สภาพไม่พร้อมใช้งาน","Thanakrit Pitchayarittikrai (ธนกฤต พิชญฤทธิไกร)",,,"ฐานมี ส่วนควบศูนย์หน้าไม่ครบ","ตรวจแล้ว","https://botdrm2-wb-p/BOTDRM_Portal/Fileplan/DownloadFile?documentUri=8527317",
"30066827","48004","ปืนลูกซองเดี่ยว ""Remington""  ลำกล้อง 20 นิ้ว","1059906-V","กท.475031","0318/2533","2/15/1990","ส่งคืนคลังพัสดุหมุนเวียน ทีมสินทรัพย์ถาวร ตามเมลอนุมัติ ผอ.ฝรภ. และ ผอ.ฝจอ.นบอ. ลงวันที่ 24 มิ.ย.67 (ปืน ทญศ.)","ฝจอ. (ฝากเก็บ ศอก.)","https://botdrm2-wb-p/BOTDRM_Portal/Fileplan/DownloadFile?documentUri=8466504","สภาพไม่พร้อมใช้งาน","Watchara Tohkwankaew (วัชระ โต๊ะขวัญแก้ว)",,,"ไม่มีศูนย์หน้า แต่่มีน๊อตคาอยู่","ตรวจแล้ว","https://botdrm2-wb-p/BOTDRM_Portal/Fileplan/DownloadFile?documentUri=8527319",
"30066828","48004","ปืนลูกซองเดี่ยว ""Remington""  ลำกล้อง 20 นิ้ว","1059405-V","กท.475032","0322/2533","2/15/1990","ส่งคืนคลังพัสดุหมุนเวียน ทีมสินทรัพย์ถาวร ตามเมลอนุมัติ ผอ.ฝรภ. และ ผอ.ฝจอ.นบอ. ลงวันที่ 24 มิ.ย.67 (ปืน ทญศ.)","ฝจอ. (ฝากเก็บ ศอก.)","https://botdrm2-wb-p/BOTDRM_Portal/Fileplan/DownloadFile?documentUri=8465992","สภาพไม่พร้อมใช้งาน","Thanakrit Pitchayarittikrai (ธนกฤต พิชญฤทธิไกร)",,,"ไม่มีศูนย์หน้า แต่มีีน๊อตคาอยู่","ตรวจแล้ว","https://botdrm2-wb-p/BOTDRM_Portal/Fileplan/DownloadFile?documentUri=8527314",
"30066829","48004","ปืนลูกซองเดี่ยว ""Remington""  ลำกล้อง 20 นิ้ว","1055964-V","กท.475035","0324/2533","2/15/1990","ส่งคืนคลังพัสดุหมุนเวียน ทีมสินทรัพย์ถาวร ตามเมลอนุมัติ ผอ.ฝรภ. และ ผอ.ฝจอ.นบอ. ลงวันที่ 24 มิ.ย.67 (ปืน ทญศ.)","ฝจอ. (ฝากเก็บ ศอก.)","https://botdrm2-wb-p/BOTDRM_Portal/Fileplan/DownloadFile?documentUri=8465993","สภาพไม่พร้อมใช้งาน","Thanakrit Pitchayarittikrai (ธนกฤต พิชญฤทธิไกร)",,,"ไม่มีศูนย์หน้า แต่มีีน๊อตคาอยู่","ตรวจแล้ว","https://botdrm2-wb-p/BOTDRM_Portal/Fileplan/DownloadFile?documentUri=8527308",
"30066831","48004","ปืนลูกซองเดี่ยว ""Remington""  ลำกล้อง 20 นิ้ว","1080673-V","กท.483659","0326/2533","2/15/1990","ส่งคืนคลังพัสดุหมุนเวียน ทีมสินทรัพย์ถาวร ตามเมลอนุมัติ ผอ.ฝรภ. และ ผอ.ฝจอ.นบอ. ลงวันที่ 24 มิ.ย.67 (ปืน ทญศ.)","ฝจอ. (ฝากเก็บ ศอก.)","https://botdrm2-wb-p/BOTDRM_Portal/Fileplan/DownloadFile?documentUri=8465998","สภาพไม่พร้อมใช้งาน","Watchara Tohkwankaew (วัชระ โต๊ะขวัญแก้ว)",,,"ฐานมี ส่วนควบศูนย์หน้าไม่ครบ","ตรวจแล้ว","https://botdrm2-wb-p/BOTDRM_Portal/Fileplan/DownloadFile?documentUri=8527318",
"30066832","48004","ปืนลูกซองเดี่ยว ""Remington""  ลำกล้อง 20 นิ้ว","SO-22620-V","กท.616629","212/2512","9/1/1969","ส่งคืนคลังพัสดุหมุนเวียน ทีมสินทรัพย์ถาวร ตามเมลอนุมัติ ผอ.ฝรภ. และ ผอ.ฝจอ.นบอ. ลงวันที่ 24 มิ.ย.67 (ปืน ทญศ.)","ฝจอ. (ฝากเก็บ ศอก.)","https://botdrm2-wb-p/BOTDRM_Portal/Fileplan/DownloadFile?documentUri=8465996","สภาพไม่พร้อมใช้งาน","Thanakrit Pitchayarittikrai (ธนกฤต พิชญฤทธิไกร)",,,"ขอรั้งปลอกมีปัญหาติดขัด","ตรวจแล้ว","https://botdrm2-wb-p/BOTDRM_Portal/Fileplan/DownloadFile?documentUri=8527323",
"30066852","48004","ปืนลูกซองเดี่ยว ""Remington""  ลำกล้อง 20 นิ้ว","1080585-V","กท.483662","0315/2533","2/15/1990","ตรวจข้อมูลปืนและเอกสารเรียบร้อยแล้ว ถูกต้อง","ทญศ.","https://botdrm2-wb-p/BOTDRM_Portal/Fileplan/DownloadFile?documentUri=8466506",,"Tanaklit Chanthanalun (ธนกฤต จันธนลุน)",,,,"ตรวจแล้ว","https://botdrm2-wb-p/BOTDRM_Portal/Fileplan/DownloadFile?documentUri=8527312",
"30066853","48004","ปืนลูกซองเดี่ยว ""Remington""  ลำกล้อง 20 นิ้ว","1079787-V","กท.483663","0319/2533","2/15/1990","ตรวจข้อมูลปืนและเอกสารเรียบร้อยแล้ว ถูกต้อง","ทญศ.","https://botdrm2-wb-p/BOTDRM_Portal/Fileplan/DownloadFile?documentUri=8465997","สภาพพร้อมใช้งาน","Tanaklit Chanthanalun (ธนกฤต จันธนลุน)",,,,"ตรวจแล้ว","https://botdrm2-wb-p/BOTDRM_Portal/Fileplan/DownloadFile?documentUri=8527311",
"30066854","48004","ปืนลูกซองเดี่ยว ""Remington""  ลำกล้อง 20 นิ้ว","SO-22608-V","กท.676631","215/2512","9/1/1969","ตรวจข้อมูลปืนและเอกสารเรียบร้อยแล้ว ถูกต้อง","ทญศ.","https://botdrm2-wb-p/BOTDRM_Portal/Fileplan/DownloadFile?documentUri=8466501","สภาพพร้อมใช้งาน","Tanaklit Chanthanalun (ธนกฤต จันธนลุน)",,,,"ตรวจแล้ว","https://botdrm2-wb-p/BOTDRM_Portal/Fileplan/DownloadFile?documentUri=8527320",
"30066855","48004","ปืนลูกซองเดี่ยว ""Remington""  ลำกล้อง 20 นิ้ว","SO-22610-V","กท.676649","210/2512","9/1/1969","ตรวจข้อมูลปืนและเอกสารเรียบร้อยแล้ว ถูกต้อง","ทญศ.","https://botdrm2-wb-p/BOTDRM_Portal/Fileplan/DownloadFile?documentUri=8465999","สภาพพร้อมใช้งาน","Tanaklit Chanthanalun (ธนกฤต จันธนลุน)",,,,"ตรวจแล้ว","https://botdrm2-wb-p/BOTDRM_Portal/Fileplan/DownloadFile?documentUri=8527313",
"30066856","48004","ปืนลูกซองเดี่ยว ""Remington""  ลำกล้อง 20 นิ้ว","SO-22637-V","กท.676643","213/2512","9/1/1969","ตรวจข้อมูลปืนและเอกสารเรียบร้อยแล้ว ถูกต้อง","ทญศ.","https://botdrm2-wb-p/BOTDRM_Portal/Fileplan/DownloadFile?documentUri=8465994","สภาพพร้อมใช้งาน","Tanaklit Chanthanalun (ธนกฤต จันธนลุน)",,,,"ตรวจแล้ว","https://botdrm2-wb-p/BOTDRM_Portal/Fileplan/DownloadFile?documentUri=8527315",
"30066857","48004","ปืนลูกซองเดี่ยว ""Remington""  ลำกล้อง 20 นิ้ว","SO-22622-V","กท.676647","211/2512","9/1/1969","ตรวจข้อมูลปืนและเอกสารเรียบร้อยแล้ว ถูกต้อง","ทญศ.","https://botdrm2-wb-p/BOTDRM_Portal/Fileplan/DownloadFile?documentUri=8466000","สภาพพร้อมใช้งาน","Tanaklit Chanthanalun (ธนกฤต จันธนลุน)",,,,"ตรวจแล้ว","https://botdrm2-wb-p/BOTDRM_Portal/Fileplan/DownloadFile?documentUri=8527309",
"30078173","48004","ปืนพกรีวอลเวอร์ ""สมิทแอนด์เวสสัน "" ลำกล้อง 4 นิ้ว","CJT1882","กท.4907091","ปค.2744/2549","6/16/2006","ตรวจข้อมูลปืนและเอกสารเรียบร้อยแล้ว ถูกต้อง","ทญศ.","https://botdrm2-wb-p/BOTDRM_Portal/Fileplan/DownloadFile?documentUri=8466556","สภาพพร้อมใช้งาน","Tanaklit Chanthanalun (ธนกฤต จันธนลุน)",,,,"ตรวจแล้ว","https://botdrm2-wb-p/BOTDRM_Portal/Fileplan/DownloadFile?documentUri=8532873",
"30078174","48004","ปืนพกรีวอลเวอร์ ""สมิทแอนด์เวสสัน "" ลำกล้อง 4 นิ้ว","CJT1883","กท.4907092","ปค.2745/2549","6/16/2006","ตรวจข้อมูลปืนและเอกสารเรียบร้อยแล้ว ถูกต้อง","ทญศ.","https://botdrm2-wb-p/BOTDRM_Portal/Fileplan/DownloadFile?documentUri=8466558","สภาพไม่พร้อมใช้งาน","Tanaklit Chanthanalun (ธนกฤต จันธนลุน)",,,"สับไม่แตกบางนัด","ตรวจแล้ว","https://botdrm2-wb-p/BOTDRM_Portal/Fileplan/DownloadFile?documentUri=8532874",
"30078175","48004","ปืนพกรีวอลเวอร์ ""สมิทแอนด์เวสสัน "" ลำกล้อง 4 นิ้ว","CJT1876","กท.4907093","ปค.2746/2549","6/16/2006","ตรวจข้อมูลปืนและเอกสารเรียบร้อยแล้ว ถูกต้อง","ทญศ.","https://botdrm2-wb-p/BOTDRM_Portal/Fileplan/DownloadFile?documentUri=8466555","สภาพพร้อมใช้งาน","Tanaklit Chanthanalun (ธนกฤต จันธนลุน)",,,,"ตรวจแล้ว","https://botdrm2-wb-p/BOTDRM_Portal/Fileplan/DownloadFile?documentUri=8540755",
"30078176","48004","ปืนพกรีวอลเวอร์ ""สมิทแอนด์เวสสัน "" ลำกล้อง 4 นิ้ว","CJT1891","กท.4907094","ปค.2747/2549","6/16/2006","ตรวจข้อมูลปืนและเอกสารเรียบร้อยแล้ว ถูกต้อง","ทญศ.","https://botdrm2-wb-p/BOTDRM_Portal/Fileplan/DownloadFile?documentUri=8466557","สภาพไม่พร้อมใช้งาน","Tanaklit Chanthanalun (ธนกฤต จันธนลุน)",,,"สับไม่แตกบางนัด","ตรวจแล้ว","https://botdrm2-wb-p/BOTDRM_Portal/Fileplan/DownloadFile?documentUri=8532877",
"30078177","48004","ปืนพกรีวอลเวอร์ ""สมิทแอนด์เวสสัน "" ลำกล้อง 4 นิ้ว","CJT1879","กท.4907095","ปค.2748/2549","6/16/2006","ตรวจข้อมูลปืนและเอกสารเรียบร้อยแล้ว ถูกต้อง","ทญศ.","https://botdrm2-wb-p/BOTDRM_Portal/Fileplan/DownloadFile?documentUri=8466551","สภาพไม่พร้อมใช้งาน","Tanaklit Chanthanalun (ธนกฤต จันธนลุน)",,,"สับกระสุนไม่แตก","ตรวจแล้ว","https://botdrm2-wb-p/BOTDRM_Portal/Fileplan/DownloadFile?documentUri=8532878",
"30078178","48004","ปืนพกรีวอลเวอร์ ""สมิทแอนด์เวสสัน "" ลำกล้อง 4 นิ้ว","CJT2539","กท.4907096","ปค.2749/2549","6/16/2006","ตรวจข้อมูลปืนและเอกสารเรียบร้อยแล้ว ถูกต้อง","ทญศ.","https://botdrm2-wb-p/BOTDRM_Portal/Fileplan/DownloadFile?documentUri=8466552","สภาพพร้อมใช้งาน","Tanaklit Chanthanalun (ธนกฤต จันธนลุน)",,,,"ตรวจแล้ว","https://botdrm2-wb-p/BOTDRM_Portal/Fileplan/DownloadFile?documentUri=8541241",
"30078179","48004","ปืนพกรีวอลเวอร์ ""สมิทแอนด์เวสสัน "" ลำกล้อง 4 นิ้ว","CJT1884","กท.4907099","ปค.2750/2549","6/16/2006","ตรวจข้อมูลปืนและเอกสารเรียบร้อยแล้ว ถูกต้อง","ทญศ.","https://botdrm2-wb-p/BOTDRM_Portal/Fileplan/DownloadFile?documentUri=8466553","สภาพพร้อมใช้งาน","Tanaklit Chanthanalun (ธนกฤต จันธนลุน)",,,,"ตรวจแล้ว","https://botdrm2-wb-p/BOTDRM_Portal/Fileplan/DownloadFile?documentUri=8541650",
"30066913","48004","ปืนพกรีวอลเวอร์ ""สมิทแอนด์เวสสัน "" ลำกล้อง 4 นิ้ว","CAN7614","กท.3901498","3602/2539 โดยนายเสริมสิงห์ สิงหเสนี","8/30/1996","ส่งคืนคลังพัสดุหมุนเวียน ทีมสินทรัพย์ถาวร ตามเมลอนุมัติ ผอ.ฝรภ. และ ผอ.ฝจอ.นบอ. ลงวันที่ 24 มิ.ย.67 (ปืน ทญศ.)","ฝจอ. (ฝากเก็บ ศอก.)","https://botdrm2-wb-p/BOTDRM_Portal/Fileplan/DownloadFile?documentUri=8466554","สภาพไม่พร้อมใช้งาน","Thanakrit Pitchayarittikrai (ธนกฤต พิชญฤทธิไกร)",,,"สับไม่แตกหลายนัด ต้องเปลี่ยนมาเป็นแบบ single","ตรวจแล้ว","https://botdrm2-wb-p/BOTDRM_Portal/Fileplan/DownloadFile?documentUri=8532882",
"30066907","48004","ปืนพกรีวอลเวอร์ ""สมิทแอนด์เวสสัน "" ลำกล้อง 4 นิ้ว","AZJ1049","กท.3103561","1814/2531 ","6/1/1988","ตรวจข้อมูลปืนและเอกสารเรียบร้อยแล้ว ถูกต้อง","ทญศ.","https://botdrm2-wb-p/BOTDRM_Portal/Fileplan/DownloadFile?documentUri=8466550","สภาพพร้อมใช้งาน","Tanaklit Chanthanalun (ธนกฤต จันธนลุน)",,,,"ตรวจแล้ว","https://botdrm2-wb-p/BOTDRM_Portal/Fileplan/DownloadFile?documentUri=8532883",
"30066843","48004","ปืนพกรีวอลเวอร์ ""สมิทแอนด์เวสสัน "" ลำกล้อง 4 นิ้ว","K721766","กท.494962","0313/2533","2/15/1990","ส่งคืนคลังพัสดุหมุนเวียน ทีมสินทรัพย์ถาวร ตามเมลอนุมัติ ผอ.ฝรภ. และ ผอ.ฝจอ.นบอ. ลงวันที่ 24 มิ.ย.67 (ปืน ทญศ.)","ฝจอ. (ฝากเก็บ ศอก.)","https://botdrm2-wb-p/BOTDRM_Portal/Fileplan/DownloadFile?documentUri=8466615","สภาพไม่พร้อมใช้งาน","Watchara Tohkwankaew (วัชระ โต๊ะขวัญแก้ว)",,,"เปิด-ปิดโม่มีอาการติดขัด","ตรวจแล้ว","https://botdrm2-wb-p/BOTDRM_Portal/Fileplan/DownloadFile?documentUri=8541240",
"30066834","48004","ปืนพกรีวอลเวอร์ ""สมิทแอนด์เวสสัน "" ลำกล้อง 4 นิ้ว","K721746","กท.494953","0304/2533","2/15/1990","ส่งคืนคลังพัสดุหมุนเวียน ทีมสินทรัพย์ถาวร ตามเมลอนุมัติ ผอ.ฝรภ. และ ผอ.ฝจอ.นบอ. ลงวันที่ 24 มิ.ย.67 (ปืน ทญศ.)","ฝจอ. (ฝากเก็บ ศอก.)","https://botdrm2-wb-p/BOTDRM_Portal/Fileplan/DownloadFile?documentUri=8466611","สภาพไม่พร้อมใช้งาน","Watchara Tohkwankaew (วัชระ โต๊ะขวัญแก้ว)",,,"เปิด-ปิดโม่มีอาการติดขัด","ตรวจแล้ว","https://botdrm2-wb-p/BOTDRM_Portal/Fileplan/DownloadFile?documentUri=8533704",
"30066835","48004","ปืนพกรีวอลเวอร์ ""สมิทแอนด์เวสสัน "" ลำกล้อง 4 นิ้ว","K721340","กท.494954","0305/2533","2/15/1990","ส่งคืนคลังพัสดุหมุนเวียน ทีมสินทรัพย์ถาวร ตามเมลอนุมัติ ผอ.ฝรภ. และ ผอ.ฝจอ.นบอ. ลงวันที่ 24 มิ.ย.67 (ปืน ทญศ.)","ฝจอ. (ฝากเก็บ ศอก.)","https://botdrm2-wb-p/BOTDRM_Portal/Fileplan/DownloadFile?documentUri=8466616","สภาพไม่พร้อมใช้งาน","Thanakrit Pitchayarittikrai (ธนกฤต พิชญฤทธิไกร)",,,"เปิด-ปิดโม่มีอาการติดขัด","ตรวจแล้ว","https://botdrm2-wb-p/BOTDRM_Portal/Fileplan/DownloadFile?documentUri=8533705",
"30066840","48004","ปืนพกรีวอลเวอร์ ""สมิทแอนด์เวสสัน "" ลำกล้อง 4 นิ้ว","K721446","กท.494959","0310/2533","2/15/1990","ส่งคืนคลังพัสดุหมุนเวียน ทีมสินทรัพย์ถาวร ตามเมลอนุมัติ ผอ.ฝรภ. และ ผอ.ฝจอ.นบอ. ลงวันที่ 24 มิ.ย.67 (ปืน ทญศ.)","ฝจอ. (ฝากเก็บ ศอก.)","https://botdrm2-wb-p/BOTDRM_Portal/Fileplan/DownloadFile?documentUri=8466619","สภาพไม่พร้อมใช้งาน","Thanakrit Pitchayarittikrai (ธนกฤต พิชญฤทธิไกร)",,,"เปิด-ปิดโม่มีอาการติดขัด","ตรวจแล้ว","https://botdrm2-wb-p/BOTDRM_Portal/Fileplan/DownloadFile?documentUri=8533706",
"30066844","48004","ปืนพกรีวอลเวอร์ ""สมิทแอนด์เวสสัน "" ลำกล้อง 4 นิ้ว","K723047","กท.495090","0314/2533","2/15/1990","ส่งคืนคลังพัสดุหมุนเวียน ทีมสินทรัพย์ถาวร ตามเมลอนุมัติ ผอ.ฝรภ. และ ผอ.ฝจอ.นบอ. ลงวันที่ 24 มิ.ย.67 (ปืน ทญศ.)","ฝจอ. (ฝากเก็บ ศอก.)","https://botdrm2-wb-p/BOTDRM_Portal/Fileplan/DownloadFile?documentUri=8466612","สภาพไม่พร้อมใช้งาน","Thanakrit Pitchayarittikrai (ธนกฤต พิชญฤทธิไกร)",,,"สับไม่แตกหลายนัด ,โม่ไม่หมุนตามจังหวะลั่นไก","ตรวจแล้ว","https://botdrm2-wb-p/BOTDRM_Portal/Fileplan/DownloadFile?documentUri=8533707",
"30066867","48004","ปืนพกรีวอลเวอร์ ""สมิทแอนด์เวสสัน "" ลำกล้อง 4 นิ้ว","D441139","กท.833461","11058/2516 โดยนายจำรัส แตงน้อย","11/8/1973","ส่งคืนคลังพัสดุหมุนเวียน ทีมสินทรัพย์ถาวร ตามเมลอนุมัติ ผอ.ฝรภ. และ ผอ.ฝจอ.นบอ. ลงวันที่ 24 มิ.ย.67 (ปืน ทญศ.)","ฝจอ. (ฝากเก็บ ศอก.)","https://botdrm2-wb-p/BOTDRM_Portal/Fileplan/DownloadFile?documentUri=8466626","สภาพไม่พร้อมใช้งาน","Thanakrit Pitchayarittikrai (ธนกฤต พิชญฤทธิไกร)",,,"Pin Extractor หลุดหาย จำนวน 1 ตัว","ตรวจแล้ว","https://botdrm2-wb-p/BOTDRM_Portal/Fileplan/DownloadFile?documentUri=8540758",
"30066866","48004","ปืนพกรีวอลเวอร์ ""สมิทแอนด์เวสสัน "" ลำกล้อง 4 นิ้ว","D330498","กท.833456","11056/2516 โดยนายจำรัส แตงน้อย","11/8/1973","ส่งคืนคลังพัสดุหมุนเวียน ทีมสินทรัพย์ถาวร ตามเมลอนุมัติ ผอ.ฝรภ. และ ผอ.ฝจอ.นบอ. ลงวันที่ 24 มิ.ย.67 (ปืน ทญศ.)","ฝจอ. (ฝากเก็บ ศอก.)","https://botdrm2-wb-p/BOTDRM_Portal/Fileplan/DownloadFile?documentUri=8466629","สภาพไม่พร้อมใช้งาน","Thanakrit Pitchayarittikrai (ธนกฤต พิชญฤทธิไกร)",,,"เปิด-ปิดโม่มีอาการติดขัด","ตรวจแล้ว","https://botdrm2-wb-p/BOTDRM_Portal/Fileplan/DownloadFile?documentUri=8540757",
"30066847","48004","ปืนพกรีวอลเวอร์ ""สมิทแอนด์เวสสัน "" ลำกล้อง 4 นิ้ว","D104428","กท.679970","207/2512 ","9/1/1969","ทะเบียน ป.4 ไม่ตรงกับตัวปืน หมายเลขตัวปืน และที่อยู่ในใบ ป.4 ไม่ตรงกัน คือ ตัวปืน D104428 แต่ในใบ ป.4 D10428","ทญศ.","https://botdrm2-wb-p/BOTDRM_Portal/Fileplan/DownloadFile?documentUri=8466613","สภาพไม่พร้อมใช้งาน","Thanakrit Pitchayarittikrai (ธนกฤต พิชญฤทธิไกร)",,,"นกไม่ค้างบางจังหวะ ทำให้ยิงแบบ singie ไม่ได้","ตรวจแล้ว","https://botdrm2-wb-p/BOTDRM_Portal/Fileplan/DownloadFile?documentUri=8477847",
"30066869","48004","ปืนพกรีวอลเวอร์ ""สมิทแอนด์เวสสัน "" ลำกล้อง 4 นิ้ว","D212462","กท.719872","7/2513","3/19/1970","ส่งคืนคลังพัสดุหมุนเวียน ทีมสินทรัพย์ถาวร ตามเมลอนุมัติ ผอ.ฝรภ. และ ผอ.ฝจอ.นบอ. ลงวันที่ 24 มิ.ย.67 (ปืน ทญศ.)","ฝจอ. (ฝากเก็บ ศอก.)","https://botdrm2-wb-p/BOTDRM_Portal/Fileplan/DownloadFile?documentUri=8466621","สภาพไม่พร้อมใช้งาน","Thanakrit Pitchayarittikrai (ธนกฤต พิชญฤทธิไกร)",,,"เข็มแทงชนวนแบบปากนกแก้วหัก","ตรวจแล้ว","https://botdrm2-wb-p/BOTDRM_Portal/Fileplan/DownloadFile?documentUri=8540760",
"30066850","48004","ปืนพกรีวอลเวอร์ ""สมิทแอนด์เวสสัน "" ลำกล้อง 4 นิ้ว","D108884","กท.679992","206/2512","9/1/1969","ส่งคืนคลังพัสดุหมุนเวียน ทีมสินทรัพย์ถาวร ตามเมลอนุมัติ ผอ.ฝรภ. และ ผอ.ฝจอ.นบอ. ลงวันที่ 24 มิ.ย.67 (ปืน ทญศ.)","ฝจอ. (ฝากเก็บ ศอก.)","https://botdrm2-wb-p/BOTDRM_Portal/Fileplan/DownloadFile?documentUri=8466614","สภาพไม่พร้อมใช้งาน","Thanakrit Pitchayarittikrai (ธนกฤต พิชญฤทธิไกร)",,,"เปิด-ปิดโม่มีอาการติดขัด","ตรวจแล้ว","https://botdrm2-wb-p/BOTDRM_Portal/Fileplan/DownloadFile?documentUri=8540761",
"30066859","48004","ปืนพกรีวอลเวอร์ ""สมิทแอนด์เวสสัน "" ลำกล้อง 4 นิ้ว","D212125","กท.719870","9/2513","3/19/1970","ส่งคืนคลังพัสดุหมุนเวียน ทีมสินทรัพย์ถาวร ตามเมลอนุมัติ ผอ.ฝรภ. และ ผอ.ฝจอ.นบอ. ลงวันที่ 24 มิ.ย.67 (ปืน ทญศ.)","ฝจอ. (ฝากเก็บ ศอก.)","https://botdrm2-wb-p/BOTDRM_Portal/Fileplan/DownloadFile?documentUri=8466620","สภาพไม่พร้อมใช้งาน","Thanakrit Pitchayarittikrai (ธนกฤต พิชญฤทธิไกร)",,,"การลั่นไกติดขัด ,โม่ไม่หมุนตามจังหวะการลั่นไก","ตรวจแล้ว","https://botdrm2-wb-p/BOTDRM_Portal/Fileplan/DownloadFile?documentUri=8540762",
"30066908","48004","ปืนพกรีวอลเวอร์ ""สมิทแอนด์เวสสัน "" ลำกล้อง 4 นิ้ว","AZJ1403","กท.3103562","1815/2531 ","6/1/1988","ส่งคืนคลังพัสดุหมุนเวียน ทีมสินทรัพย์ถาวร ตามเมลอนุมัติ ผอ.ฝรภ. และ ผอ.ฝจอ.นบอ. ลงวันที่ 24 มิ.ย.67 (ปืน ทญศ.)","ฝจอ. (ฝากเก็บ ศอก.)","https://botdrm2-wb-p/BOTDRM_Portal/Fileplan/DownloadFile?documentUri=8466623","สภาพไม่พร้อมใช้งาน","Thanakrit Pitchayarittikrai (ธนกฤต พิชญฤทธิไกร)",,,"Pin Extractor หลุดหาย จำนวน 1 ตัว","ตรวจแล้ว","https://botdrm2-wb-p/BOTDRM_Portal/Fileplan/DownloadFile?documentUri=8540763",
"30066833","48004","ปืนพกรีวอลเวอร์ ""สมิทแอนด์เวสสัน "" ลำกล้อง 4 นิ้ว","K721914","กท.494952","0303/2533","2/15/1990","ส่งคืนคลังพัสดุหมุนเวียน ทีมสินทรัพย์ถาวร ตามเมลอนุมัติ ผอ.ฝรภ. และ ผอ.ฝจอ.นบอ. ลงวันที่ 24 มิ.ย.67 (ปืน ทญศ.)","ฝจอ. (ฝากเก็บ ศอก.)","https://botdrm2-wb-p/BOTDRM_Portal/Fileplan/DownloadFile?documentUri=8466610","สภาพไม่พร้อมใช้งาน","Thanakrit Pitchayarittikrai (ธนกฤต พิชญฤทธิไกร)",,,"Pin Extractor หลุดหาย จำนวน 1 ตัว","ตรวจแล้ว","https://botdrm2-wb-p/BOTDRM_Portal/Fileplan/DownloadFile?documentUri=8562736",
"30066889","48004","ปืนพกรีวอลเวอร์ ""สมิทแอนด์เวสสัน "" ลำกล้อง 4 นิ้ว","AHP9071","กท.2805323","2087/2529","6/18/1986","ส่งคืนคลังพัสดุหมุนเวียน ทีมสินทรัพย์ถาวร ตามเมลอนุมัติ ผอ.ฝรภ. และ ผอ.ฝจอ.นบอ. ลงวันที่ 24 มิ.ย.67 (ปืน ทญศ.)","ฝจอ. (ฝากเก็บ ศอก.)","https://botdrm2-wb-p/BOTDRM_Portal/Fileplan/DownloadFile?documentUri=8466627","สภาพไม่พร้อมใช้งาน","Thanakrit Pitchayarittikrai (ธนกฤต พิชญฤทธิไกร)",,,"Pin Extractor หลุดหาย จำนวน 1 ตัว , เปิด-ปิดโม่มีอาการติดขัด","ตรวจแล้ว","https://botdrm2-wb-p/BOTDRM_Portal/Fileplan/DownloadFile?documentUri=8540764",
"30066914","48004","ปืนพกรีวอลเวอร์ ""สมิทแอนด์เวสสัน "" ลำกล้อง 4 นิ้ว","CAM9543","กท.3901491","3601/2539 โดยนายเสริมสิงห์ สิงหเสนี","8/30/1996","ตรวจข้อมูลปืนและเอกสารเรียบร้อยแล้ว ถูกต้อง","ทญศ.","https://botdrm2-wb-p/BOTDRM_Portal/Fileplan/DownloadFile?documentUri=8466624","สภาพพร้อมใช้งาน","Tanaklit Chanthanalun (ธนกฤต จันธนลุน)",,,,"ตรวจแล้ว","https://botdrm2-wb-p/BOTDRM_Portal/Fileplan/DownloadFile?documentUri=8532879",
"30066884","48004","ปืนพกรีวอลเวอร์ ""สมิทแอนด์เวสสัน "" ลำกล้อง 4 นิ้ว","AHU3189","กท.2805327","2092/2529","6/18/1986","ส่งคืนคลังพัสดุหมุนเวียน ทีมสินทรัพย์ถาวร ตามเมลอนุมัติ ผอ.ฝรภ. และ ผอ.ฝจอ.นบอ. ลงวันที่ 24 มิ.ย.67 (ปืน ทญศ.)","ฝจอ. (ฝากเก็บ ศอก.)","https://botdrm2-wb-p/BOTDRM_Portal/Fileplan/DownloadFile?documentUri=8466622","สภาพไม่พร้อมใช้งาน","Thanakrit Pitchayarittikrai (ธนกฤต พิชญฤทธิไกร)",,,"Pin Extractor หลุดหาย จำนวน 2 ตัว","ตรวจแล้ว","https://botdrm2-wb-p/BOTDRM_Portal/Fileplan/DownloadFile?documentUri=8540765",
"30066880","48004","ปืนพกรีวอลเวอร์ ""สมิทแอนด์เวสสัน "" ลำกล้อง 4 นิ้ว","ABR5418","กท.2803489","2083/2529","6/18/1986","ส่งคืนคลังพัสดุหมุนเวียน ทีมสินทรัพย์ถาวร ตามเมลอนุมัติ ผอ.ฝรภ. และ ผอ.ฝจอ.นบอ. ลงวันที่ 24 มิ.ย.67 (ปืน ทญศ.)","ฝจอ. (ฝากเก็บ ศอก.)","https://botdrm2-wb-p/BOTDRM_Portal/Fileplan/DownloadFile?documentUri=8466628","สภาพไม่พร้อมใช้งาน","Thanakrit Pitchayarittikrai (ธนกฤต พิชญฤทธิไกร)",,,"Pin Extractor หลุดหาย จำนวน 1 ตัว , เปิด-ปิดโม่มีอาการติดขัด","ตรวจแล้ว","https://botdrm2-wb-p/BOTDRM_Portal/Fileplan/DownloadFile?documentUri=8540766",
"30066881","48004","ปืนพกรีวอลเวอร์ ""สมิทแอนด์เวสสัน "" ลำกล้อง 4 นิ้ว","AHU1677","กท.2805324","2088/2529","6/18/1986","ส่งคืนคลังพัสดุหมุนเวียน ทีมสินทรัพย์ถาวร ตามเมลอนุมัติ ผอ.ฝรภ. และ ผอ.ฝจอ.นบอ. ลงวันที่ 24 มิ.ย.67 (ปืน ทญศ.)","ฝจอ. (ฝากเก็บ ศอก.)","https://botdrm2-wb-p/BOTDRM_Portal/Fileplan/DownloadFile?documentUri=8466625","สภาพไม่พร้อมใช้งาน","Thanakrit Pitchayarittikrai (ธนกฤต พิชญฤทธิไกร)",,,"Pin Extractor หลุดหาย จำนวน 1 ตัว","ตรวจแล้ว","https://botdrm2-wb-p/BOTDRM_Portal/Fileplan/DownloadFile?documentUri=8540767",
"30066836","48004","ปืนพกรีวอลเวอร์ ""สมิทแอนด์เวสสัน "" ลำกล้อง 4 นิ้ว","K721705","กท.494955","0306/2533","2/15/1990","ตรวจข้อมูลปืนและเอกสารเรียบร้อยแล้ว ถูกต้อง","ทญศ.","https://botdrm2-wb-p/BOTDRM_Portal/Fileplan/DownloadFile?documentUri=8466618","สภาพพร้อมใช้งาน","Tanaklit Chanthanalun (ธนกฤต จันธนลุน)",,,,"ตรวจแล้ว","https://botdrm2-wb-p/BOTDRM_Portal/Fileplan/DownloadFile?documentUri=8541651",
"30066839","48004","ปืนพกรีวอลเวอร์ ""สมิทแอนด์เวสสัน "" ลำกล้อง 4 นิ้ว","K721256","กท.494958","0309/2533","2/15/1990","ส่งคืนคลังพัสดุหมุนเวียน ทีมสินทรัพย์ถาวร ตามเมลอนุมัติ ผอ.ฝรภ. และ ผอ.ฝจอ.นบอ. ลงวันที่ 24 มิ.ย.67 (ปืน ทญศ.)","ฝจอ. (ฝากเก็บ ศอก.)","https://botdrm2-wb-p/BOTDRM_Portal/Fileplan/DownloadFile?documentUri=8466617","สภาพไม่พร้อมใช้งาน","Watchara Tohkwankaew (วัชระ โต๊ะขวัญแก้ว)",,,"โม่ไม่หมุนบางจังหวะลั่นไก ,ไม่สามารถยิง single action ได้ ,โม่เปิดยาก","ตรวจแล้ว","https://botdrm2-wb-p/BOTDRM_Portal/Fileplan/DownloadFile?documentUri=8540768",
"30078180","48004","ปืนลูกซองเดี่ยว ""Remington""  ลำกล้อง 20 นิ้ว","AB 063327 M","กท.4950837","ปค.2742/2549","6/16/2006","ทขส. นำอาวุธปืนมาฝากเก็บที่ ทญศ. วันที่ 12 ก.ค. 67","ศอก.","https://botdrm2-wb-p/BOTDRM_Portal/Fileplan/DownloadFile?documentUri=8467571","สภาพพร้อมใช้งาน","Thanakrit Pitchayarittikrai (ธนกฤต พิชญฤทธิไกร)",,,,"ตรวจแล้ว","https://botdrm2-wb-p/BOTDRM_Portal/Fileplan/DownloadFile?documentUri=8528143",
"30078181","48004","ปืนลูกซองเดี่ยว ""Remington""  ลำกล้อง 20 นิ้ว","AB 063205 M","กท.4950840","ปค.2743/2549","6/16/2006","ทขส. นำอาวุธปืนมาฝากเก็บที่ ทญศ. วันที่ 12 ก.ค. 67","ศอก.","https://botdrm2-wb-p/BOTDRM_Portal/Fileplan/DownloadFile?documentUri=8467569","สภาพพร้อมใช้งาน","Thanakrit Pitchayarittikrai (ธนกฤต พิชญฤทธิไกร)",,,,"ตรวจแล้ว","https://botdrm2-wb-p/BOTDRM_Portal/Fileplan/DownloadFile?documentUri=8528144",
"30066841","48004","ปืนพกรีวอลเวอร์ ""สมิทแอนด์เวสสัน "" ลำกล้อง 4 นิ้ว","K721772","กท.494960","0311/2533","2/15/1990","ทขส.ฝากเก็บ ตรวจปืนและเอกสารเรียบร้อย","ศอก.","https://botdrm2-wb-p/BOTDRM_Portal/Fileplan/DownloadFile?documentUri=8466749","สภาพพร้อมใช้งาน","Thanakrit Pitchayarittikrai (ธนกฤต พิชญฤทธิไกร)",,,,"ตรวจแล้ว","https://botdrm2-wb-p/BOTDRM_Portal/Fileplan/DownloadFile?documentUri=8541245",
"30066875","48004","ปืนพกรีวอลเวอร์ ""สมิทแอนด์เวสสัน "" ลำกล้อง 4 นิ้ว","ACW5923","กท.2701501","2085/2527","3/30/1984","ส่งคืนคลังพัสดุหมุนเวียน ทีมสินทรัพย์ถาวร ตามเมลอนุมัติ ผอ.ฝรภ. และ ผอ.ฝจอ.นบอ. ลงวันที่ 24 มิ.ย. 67(ปืน ทขส.)","ฝจอ. (ฝากเก็บ ศอก.)","https://botdrm2-wb-p/BOTDRM_Portal/Fileplan/DownloadFile?documentUri=8466750","สภาพไม่พร้อมใช้งาน","Thanakrit Pitchayarittikrai (ธนกฤต พิชญฤทธิไกร)",,,"Pin Extractor หลุดหาย 1 ตัว","ตรวจแล้ว","https://botdrm2-wb-p/BOTDRM_Portal/Fileplan/DownloadFile?documentUri=8541242",
"30066885","48004","ปืนพกรีวอลเวอร์ ""สมิทแอนด์เวสสัน "" ลำกล้อง 4 นิ้ว","AHU3191","กท.2805329","2094/2529","6/18/1986","ส่งคืนคลังพัสดุหมุนเวียน ทีมสินทรัพย์ถาวร ตามเมลอนุมัติ ผอ.ฝรภ. และ ผอ.ฝจอ.นบอ. ลงวันที่ 24 มิ.ย. 67(ปืน ทขส.)","ฝจอ. (ฝากเก็บ ศอก.)","https://botdrm2-wb-p/BOTDRM_Portal/Fileplan/DownloadFile?documentUri=8466751","สภาพไม่พร้อมใช้งาน","Thanakrit Pitchayarittikrai (ธนกฤต พิชญฤทธิไกร)",,,"Pin Extractor หลุดหาย 1 ตัว","ตรวจแล้ว","https://botdrm2-wb-p/BOTDRM_Portal/Fileplan/DownloadFile?documentUri=8541246",
"30066896","48004","ปืนพกรีวอลเวอร์ ""สมิทแอนด์เวสสัน "" ลำกล้อง 4 นิ้ว","AUZ3670","กท.3000900","3386/2530","9/22/1987","ส่งคืนคลังพัสดุหมุนเวียน ทีมสินทรัพย์ถาวร ตามเมลอนุมัติ ผอ.ฝรภ. และ ผอ.ฝจอ.นบอ. ลงวันที่ 24 มิ.ย. 67(ปืน ทขส.)","ฝจอ. (ฝากเก็บ ศอก.)","https://botdrm2-wb-p/BOTDRM_Portal/Fileplan/DownloadFile?documentUri=8466753","สภาพไม่พร้อมใช้งาน","Thanakrit Pitchayarittikrai (ธนกฤต พิชญฤทธิไกร)",,,"Pin Extractor หลุดหาย 1 ตัว","ตรวจแล้ว","https://botdrm2-wb-p/BOTDRM_Portal/Fileplan/DownloadFile?documentUri=8541243",
"30066898","48004","ปืนพกรีวอลเวอร์ ""สมิทแอนด์เวสสัน "" ลำกล้อง 4 นิ้ว","AUY7489","กท.3000903","3387/2530","9/22/1987","ส่งคืนคลังพัสดุหมุนเวียน ทีมสินทรัพย์ถาวร ตามเมลอนุมัติ ผอ.ฝรภ. และ ผอ.ฝจอ.นบอ. ลงวันที่ 24 มิ.ย. 67(ปืน ทขส.)","ฝจอ. (ฝากเก็บ ศอก.)","https://botdrm2-wb-p/BOTDRM_Portal/Fileplan/DownloadFile?documentUri=8466752","สภาพไม่พร้อมใช้งาน","Thanakrit Pitchayarittikrai (ธนกฤต พิชญฤทธิไกร)",,,"Pin Extractor หลุดหาย 1 ตัว","ตรวจแล้ว","https://botdrm2-wb-p/BOTDRM_Portal/Fileplan/DownloadFile?documentUri=8541244",
"30078169","48004","ปืนพก ""UZI"" แบบ กึ่งอัตโนมัติ ขนาด .9 มม. ลำกล้องยาว 4 นิ้ว","33303492 อูซี่","กท.4910749","ปค.2757/2549","6/19/2006","ตามบันทึกการโอนย้ายอาวุธ จำนวน 4 กระบอก จากทีมขนส่งฯให้ ทอศ.ซึ่ง ผอ.ฝรภ.ลงนาม อนุมัติเมื่อ 14 ธันวาคม 2565 - พายัพ บันทึกขอมูล","ทอศ.","https://botdrm2-wb-p/BOTDRM_Portal/Fileplan/DownloadFile?documentUri=8467565","สภาพพร้อมใช้งาน","Thanakrit Pitchayarittikrai (ธนกฤต พิชญฤทธิไกร)",,,,"ตรวจแล้ว","https://botdrm2-wb-p/BOTDRM_Portal/Fileplan/DownloadFile?documentUri=8528142","https://botdrm2-wb-p/BOTDRM_Portal/Fileplan/DownloadFile?documentUri=9427684"
"30078170","48004","ปืนพก ""UZI"" แบบ กึ่งอัตโนมัติ ขนาด .9 มม. ลำกล้องยาว 4 นิ้ว","33303427 อูซี่","กท.4910740","ปค.2756/2549","6/19/2006","ตามบันทึกการโอนย้ายอาวุธ จำนวน 4 กระบอก จากทีมขนส่งฯให้ ทอศ.ซึ่ง ผอ.ฝรภ.ลงนาม อนุมัติเมื่อ 14 ธันวาคม 2565 - พายัพ บันทึกขอมูล","ทอศ.","https://botdrm2-wb-p/BOTDRM_Portal/Fileplan/DownloadFile?documentUri=8467567","สภาพพร้อมใช้งาน","Thanakrit Pitchayarittikrai (ธนกฤต พิชญฤทธิไกร)",,,,"ตรวจแล้ว","https://botdrm2-wb-p/BOTDRM_Portal/Fileplan/DownloadFile?documentUri=8528137","https://botdrm2-wb-p/BOTDRM_Portal/Fileplan/DownloadFile?documentUri=9427684"
"30078171","48004","ปืนพก ""UZI"" แบบ กึ่งอัตโนมัติ ขนาด .9 มม. ลำกล้องยาว 4 นิ้ว","33303457 อูซี่","กท.4910745","ปค.2755/2549","6/19/2006","ตามบันทึกการโอนย้ายอาวุธ จำนวน 4 กระบอก จากทีมขนส่งฯให้ ทอศ.ซึ่ง ผอ.ฝรภ.ลงนาม อนุมัติเมื่อ 14 ธันวาคม 2565 - พายัพ บันทึกขอมูล","ทอศ.","https://botdrm2-wb-p/BOTDRM_Portal/Fileplan/DownloadFile?documentUri=8467566","สภาพพร้อมใช้งาน","Thanakrit Pitchayarittikrai (ธนกฤต พิชญฤทธิไกร)",,,,"ตรวจแล้ว","https://botdrm2-wb-p/BOTDRM_Portal/Fileplan/DownloadFile?documentUri=8528141","https://botdrm2-wb-p/BOTDRM_Portal/Fileplan/DownloadFile?documentUri=9427684"
"30078172","48004","ปืนพก ""UZI"" แบบ กึ่งอัตโนมัติ ขนาด .9 มม. ลำกล้องยาว 4 นิ้ว","33303443 อูซี่","กท.4910743","ปค.2758/2549","6/19/2006","ตามบันทึกการโอนย้ายอาวุธ จำนวน 4 กระบอก จากทีมขนส่งฯให้ ทอศ.ซึ่ง ผอ.ฝรภ.ลงนาม อนุมัติเมื่อ 14 ธันวาคม 2565 - พายัพ บันทึกขอมูล","ทอศ.","https://botdrm2-wb-p/BOTDRM_Portal/Fileplan/DownloadFile?documentUri=8467564","สภาพพร้อมใช้งาน","Thanakrit Pitchayarittikrai (ธนกฤต พิชญฤทธิไกร)",,,,"ตรวจแล้ว","https://botdrm2-wb-p/BOTDRM_Portal/Fileplan/DownloadFile?documentUri=8528140","https://botdrm2-wb-p/BOTDRM_Portal/Fileplan/DownloadFile?documentUri=9427684"
"30070973","48004","ปืนพก ""UZI"" แบบ กึ่งอัตโนมัติ ขนาด .9 มม. ลำกล้องยาว 4 นิ้ว","33308705 UZI","กท.4709034","04107/2547","8/4/2004","งานขนส่งธนบัตรฯ โอนปืนให้ สภน. วันที่ 22 กุมภาพันธ์ 2566
เป็นครุภัณฑ์ ฝรภ.
","สภน./ศชม.","https://botdrm2-wb-p/BOTDRM_Portal/Fileplan/DownloadFile?documentUri=8467570","สภาพพร้อมใช้งาน","Surasit Pinnakthananit (สุรสิทธิ์ ปิ่นนาคธนานิษฐ์)",,,,"ตรวจแล้ว","https://botdrm2-wb-p/BOTDRM_Portal/Fileplan/DownloadFile?documentUri=8528121","https://botshare.bot.or.th/BOTDRM_Portal/Fileplan/DownloadFile?documentUri=9631809"
"30070974","48004","ปืนพกสั้นกึ่งอัตโนมัติ Uzi","33308715 UZI","กท.4709035","04108/2547 โดยนายเสนีย์ศิริ ศิริวัฒนกุล","8/4/2004","งขส.โอนปืนพกสั้นกึ่งอัตโนมัติ Uzi 9 มม. ให้กับ สภอ. วันที่ 21 ธันวาคม 2565","สภอ./ศขก.","https://botdrm2-wb-p/BOTDRM_Portal/Fileplan/DownloadFile?documentUri=8467560","สภาพพร้อมใช้งาน","Thanakrit Pitchayarittikrai (ธนกฤต พิชญฤทธิไกร)",,,,"ตรวจแล้ว","https://botdrm2-wb-p/BOTDRM_Portal/Fileplan/DownloadFile?documentUri=8528122","https://botshare.bot.or.th/BOTDRM_Portal/Fileplan/DownloadFile?documentUri=9632174"
"30070975","48004","ปืนพก ""UZI"" แบบ กึ่งอัตโนมัติ ขนาด .9 มม. ลำกล้องยาว 4 นิ้ว","33308774 Uzi","กท.4709049","04109/2547","8/4/2004","-22 มี.ค.66 สภต.รับมอบอาวุธปืนเพื่อใช้ในการรักษาความปลอดภัย","สภต./ศหญ.","https://botdrm2-wb-p/BOTDRM_Portal/Fileplan/DownloadFile?documentUri=8467561","สภาพพร้อมใช้งาน","Thanakrit Pitchayarittikrai (ธนกฤต พิชญฤทธิไกร)",,,,"ตรวจแล้ว","https://botdrm2-wb-p/BOTDRM_Portal/Fileplan/DownloadFile?documentUri=8528126","https://botshare.bot.or.th/BOTDRM_Portal/Fileplan/DownloadFile?documentUri=9401974"
"30070976","48004","ปืนสั้นกึ่งอัตโนมัติ Uzi","33308778 UZI","กท.4709050","04110/2547","8/4/2004","ทขส.โอนปืนพกสั้นกึ่งอัตโนมัติ Uzi 9 มม. ให้กับ ทญศ. วันที่ 19 ธันวาคม 2565","ทญศ.","https://botdrm2-wb-p/BOTDRM_Portal/Fileplan/DownloadFile?documentUri=8467562","สภาพพร้อมใช้งาน","Thanakrit Pitchayarittikrai (ธนกฤต พิชญฤทธิไกร)",,,,"ตรวจแล้ว","https://botdrm2-wb-p/BOTDRM_Portal/Fileplan/DownloadFile?documentUri=8528127","https://botshare.bot.or.th/BOTDRM_Portal/Fileplan/DownloadFile?documentUri=9631808"
"30070977","48004","ปืนสั้นกึ่งอัตโนมัติ Uzi","33308780 UZI","กท.4709051","04111/2547","8/4/2004","ทขส.โอนปืนพกสั้นกึ่งอัตโนมัติ Uzi 9 มม. ให้กับ ทญศ. วันที่ 19 ธันวาคม 2565","ทญศ.","https://botdrm2-wb-p/BOTDRM_Portal/Fileplan/DownloadFile?documentUri=8467568","สภาพพร้อมใช้งาน","Thanakrit Pitchayarittikrai (ธนกฤต พิชญฤทธิไกร)",,,,"ตรวจแล้ว","https://botdrm2-wb-p/BOTDRM_Portal/Fileplan/DownloadFile?documentUri=8528131","https://botshare.bot.or.th/BOTDRM_Portal/Fileplan/DownloadFile?documentUri=9631808"
"30070978","48004","ปืนสั้นกึ่งอัตโนมัติ Uzi","33308784 UZI","กท.4709052","04112/2547","8/4/2004","ทขส.โอนปืนพกสั้นกึ่งอัตโนมัติ Uzi 9 มม. ให้กับ ทญศ. วันที่ 19 ธันวาคม 2565","ทญศ.","https://botdrm2-wb-p/BOTDRM_Portal/Fileplan/DownloadFile?documentUri=8467563","สภาพพร้อมใช้งาน","Thanakrit Pitchayarittikrai (ธนกฤต พิชญฤทธิไกร)",,,,"ตรวจแล้ว","https://botdrm2-wb-p/BOTDRM_Portal/Fileplan/DownloadFile?documentUri=8528134","https://botshare.bot.or.th/BOTDRM_Portal/Fileplan/DownloadFile?documentUri=9631808"
"30066821","48004","ปืนลูกซองเดี่ยว ""Remington""  ลำกล้อง 20 นิ้ว","I053378V","กท.475013","0325/2533","2/15/1990","เป็นครุภัณฑ์ ฝรภ.","สภน./ศชม.","https://botdrm2-wb-p/BOTDRM_Portal/Fileplan/DownloadFile?documentUri=8064821","สภาพพร้อมใช้งาน","Surasit Pinnakthananit (สุรสิทธิ์ ปิ่นนาคธนานิษฐ์)",,,,"ตรวจแล้ว","https://botdrm2-wb-p/BOTDRM_Portal/Fileplan/DownloadFile?documentUri=8506219",
"30076133","48001","ปืนลูกซองเดี่ยว ""Remington""  ลำกล้อง 20 นิ้ว","W982180M","กท.3254113","34/2533 ","2/6/1990","เป็นครุภัณฑ์ ฝรภ. เปลี่ยนรหัสครุภัณฑ์ จาก30003049 เป็น 30076133
","สภน./ศชม.","https://botdrm2-wb-p/BOTDRM_Portal/Fileplan/DownloadFile?documentUri=8467501","สภาพพร้อมใช้งาน","Thanakrit Pitchayarittikrai (ธนกฤต พิชญฤทธิไกร)",,,,"ตรวจแล้ว","https://botdrm2-wb-p/BOTDRM_Portal/Fileplan/DownloadFile?documentUri=8506220",
"30139020","48001","ปืนพกรีวอลเวอร์ ""สมิทแอนด์เวสสัน "" ลำกล้อง 4 นิ้ว","CAE2564","กท.3901501","3603/2539 ","8/30/1996","สภน. ฝากเก็บ 13 มิ.ย. 67 เป็นครุภัณฑ์ ฝรภ. เปลี่ยนรหัสครุภัณฑ์ จาก 30020942 เป็น 30139020 และ Cost Center จาก 58001 เป็น 48001
","ศอก.","https://botdrm2-wb-p/BOTDRM_Portal/Fileplan/DownloadFile?documentUri=8064815","สภาพพร้อมใช้งาน","Thanakrit Pitchayarittikrai (ธนกฤต พิชญฤทธิไกร)",,,,"ตรวจแล้ว","https://botdrm2-wb-p/BOTDRM_Portal/Fileplan/DownloadFile?documentUri=8506222",
"30139021","48001","ปืนพกรีวอลเวอร์ ""สมิทแอนด์เวสสัน "" ลำกล้อง 4 นิ้ว","CAE2570","กท.3901503","3604/2539 ","8/30/1996","สภน. ฝากเก็บ 13 มิ.ย. 67 เป็นครุภัณฑ์ ฝรภ. เปลี่ยนรหัสครุภัณฑ์ จาก 30020943 เป็น 30139021 และ Cost Center จาก 58001 เป็น 48001","ศอก.","https://botdrm2-wb-p/BOTDRM_Portal/Fileplan/DownloadFile?documentUri=8064828","สภาพพร้อมใช้งาน","Thanakrit Pitchayarittikrai (ธนกฤต พิชญฤทธิไกร)",,,,"ตรวจแล้ว","https://botdrm2-wb-p/BOTDRM_Portal/Fileplan/DownloadFile?documentUri=8506223",
"30139022","48001","ปืนพกรีวอลเวอร์ ""สมิทแอนด์เวสสัน "" ลำกล้อง 4 นิ้ว","CAE2566","กท.3901504","3605/2539 ","8/30/1996","สภน. ฝากเก็บ 13 มิ.ย. 67","ศอก.","https://botdrm2-wb-p/BOTDRM_Portal/Fileplan/DownloadFile?documentUri=8064817","สภาพพร้อมใช้งาน","Thanakrit Pitchayarittikrai (ธนกฤต พิชญฤทธิไกร)",,,,"ตรวจแล้ว","https://botdrm2-wb-p/BOTDRM_Portal/Fileplan/DownloadFile?documentUri=8506224",
"30139023","48001","ปืนพกรีวอลเวอร์ ""สมิทแอนด์เวสสัน "" ลำกล้อง 4 นิ้ว","BUJ2336","กท.3901505","3606/2539 ","8/30/1996","เป็นครุภัณฑ์ ฝรภ. เปลี่ยนรหัสครุภัณฑ์ จาก 30020945 เป็น 30139023 และ Cost Center จาก 58001 เป็น 48001","สภน./ศชม.","https://botdrm2-wb-p/BOTDRM_Portal/Fileplan/DownloadFile?documentUri=8064816","สภาพพร้อมใช้งาน","Thanakrit Pitchayarittikrai (ธนกฤต พิชญฤทธิไกร)",,,,"ตรวจแล้ว","https://botdrm2-wb-p/BOTDRM_Portal/Fileplan/DownloadFile?documentUri=8506227",
"30139024","48001","ปืนพกรีวอลเวอร์ ""สมิทแอนด์เวสสัน "" ลำกล้อง 4 นิ้ว","BUJ2333","กท.3901508","3607/2539 ","8/30/1996","เป็นครุภัณฑ์ ฝรภ. เปลี่ยนรหัสครุภัณฑ์ จาก 30020946 เป็น 30139024 และ Cost Center จาก 58001 เป็น 48001","สภน./ศชม.","https://botdrm2-wb-p/BOTDRM_Portal/Fileplan/DownloadFile?documentUri=8064814","สภาพพร้อมใช้งาน","Thanakrit Pitchayarittikrai (ธนกฤต พิชญฤทธิไกร)",,,,"ตรวจแล้ว","https://botdrm2-wb-p/BOTDRM_Portal/Fileplan/DownloadFile?documentUri=8506229",
"30139025","48001","ปืนพกรีวอลเวอร์ ""สมิทแอนด์เวสสัน "" ลำกล้อง 4 นิ้ว","CAE2549","กท.3901509","3608/2539 ","8/30/1996","เป็นครุภัณฑ์ ฝรภ. เปลี่ยนรหัสครุภัณฑ์ จาก 30020947 เป็น 30139025 และ Cost Center จาก 58001 เป็น 48001","สภน./ศชม.","https://botdrm2-wb-p/BOTDRM_Portal/Fileplan/DownloadFile?documentUri=8064826","สภาพพร้อมใช้งาน","Thanakrit Pitchayarittikrai (ธนกฤต พิชญฤทธิไกร)",,,,"ตรวจแล้ว","https://botdrm2-wb-p/BOTDRM_Portal/Fileplan/DownloadFile?documentUri=8506230",
"30139026","48001","ปืนพกรีวอลเวอร์ ""สมิทแอนด์เวสสัน "" ลำกล้อง 4 นิ้ว","BUH9503","กท.3901511","3609/2539 ","8/30/1996","เป็นครุภัณฑ์ ฝรภ. เปลี่ยนรหัสครุภัณฑ์ จาก 30020948 เป็น 30139026 และ Cost Center จาก 58001 เป็น 48001","สภน./ศชม.","https://botdrm2-wb-p/BOTDRM_Portal/Fileplan/DownloadFile?documentUri=8064825","สภาพพร้อมใช้งาน","Thanakrit Pitchayarittikrai (ธนกฤต พิชญฤทธิไกร)",,,,"ตรวจแล้ว","https://botdrm2-wb-p/BOTDRM_Portal/Fileplan/DownloadFile?documentUri=8506232",
"30139027","48001","ปืนพกรีวอลเวอร์ ""สมิทแอนด์เวสสัน "" ลำกล้อง 4 นิ้ว","BUD5833","กท.3901512","3610/2539 ","8/30/1996","ส่งคืนคลังพัสดุหมุนเวียน ทีมสินทรัพย์ถาวร ตามเมลอนุมัติ ผอ.ฝรภ. และ ผอ.ฝจอ.นบอ. ลงวันที่ 24 มิ.ย. 67(ปืน สภน.)","ฝจอ. (ฝากเก็บ ศอก.)","https://botdrm2-wb-p/BOTDRM_Portal/Fileplan/DownloadFile?documentUri=8064823","สภาพไม่พร้อมใช้งาน","Thanakrit Pitchayarittikrai (ธนกฤต พิชญฤทธิไกร)",,,"เครื่องลั่นไกชำรุด ","ตรวจแล้ว","https://botdrm2-wb-p/BOTDRM_Portal/Fileplan/DownloadFile?documentUri=8562763",
"30139028","48001","ปืนพกรีวอลเวอร์ ""สมิทแอนด์เวสสัน "" ลำกล้อง 4 นิ้ว","CAN7604","กท.3901514","3600/2539","1/1/1996","ใบ ป.4 ไม่ลงรายละเอียด วันเดือนปี ที่ออกใบอนุญาต
เป็นครุภัณฑ์ ฝรภ. เปลี่ยนรหัสครุภัณฑ์ จาก 30020950 เป็น 30139028 และ Cost Center จาก 58001 เป็น 48001","สภน./ศชม.","https://botdrm2-wb-p/BOTDRM_Portal/Fileplan/DownloadFile?documentUri=8064827","สภาพพร้อมใช้งาน","Thanakrit Pitchayarittikrai (ธนกฤต พิชญฤทธิไกร)",,,,"ตรวจแล้ว","https://botdrm2-wb-p/BOTDRM_Portal/Fileplan/DownloadFile?documentUri=8506403",
"30139029","48001","ปืนพกรีวอลเวอร์ ""สมิทแอนด์เวสสัน "" ลำกล้อง 4 นิ้ว","CAN7565","กท.3901517","3599/2539 ","8/30/1996","เป็นครุภัณฑ์ ฝรภ. เปลี่ยนรหัสครุภัณฑ์ จาก 30020951 เป็น 30139029 และ Cost Center จาก 58001 เป็น 48001","สภน./ศชม.","https://botdrm2-wb-p/BOTDRM_Portal/Fileplan/DownloadFile?documentUri=8064818","สภาพพร้อมใช้งาน","Thanakrit Pitchayarittikrai (ธนกฤต พิชญฤทธิไกร)",,,,"ตรวจแล้ว","https://botdrm2-wb-p/BOTDRM_Portal/Fileplan/DownloadFile?documentUri=8506424",
"30139030","48001","ปืนพกรีวอลเวอร์ ""สมิทแอนด์เวสสัน "" ลำกล้อง 4 นิ้ว","CAN7625","กท.3901519","3593/2539 ","8/30/1996","สภน. ฝากเก็บ 13 มิ.ย. 67 เป็นครุภัณฑ์ ฝรภ. เปลี่ยนรหัสครุภัณฑ์ จาก 30020952 เป็น 30139030 และ Cost Center จาก 58001 เป็น 48001","ศอก.","https://botdrm2-wb-p/BOTDRM_Portal/Fileplan/DownloadFile?documentUri=8064819","สภาพพร้อมใช้งาน","Thanakrit Pitchayarittikrai (ธนกฤต พิชญฤทธิไกร)",,,,"ตรวจแล้ว","https://botdrm2-wb-p/BOTDRM_Portal/Fileplan/DownloadFile?documentUri=8506450",
"30139031","48001","ปืนพกรีวอลเวอร์ ""สมิทแอนด์เวสสัน "" ลำกล้อง 4 นิ้ว","CAW5129","กท.3905250","3507/2539 โดยนายเสริมสิงห์ สิงหเสนี","8/30/1996","เป็นครุภัณฑ์ ฝรภ. เปลี่ยนรหัสครุภัณฑ์ จาก 30020953 เป็น 30139031 และ Cost Center จาก 58001 เป็น 48001","สภน./ศชม.","https://botdrm2-wb-p/BOTDRM_Portal/Fileplan/DownloadFile?documentUri=8064820","สภาพพร้อมใช้งาน","Thanakrit Pitchayarittikrai (ธนกฤต พิชญฤทธิไกร)",,,,"ตรวจแล้ว","https://botdrm2-wb-p/BOTDRM_Portal/Fileplan/DownloadFile?documentUri=8506451",
"30066876","48004","ปืนพกรีวอลเวอร์ ""สมิทแอนด์เวสสัน "" ลำกล้อง 4 นิ้ว","ABA6049","กท.2701512","2088/2527","3/30/1984","สภน. ฝากเก็บส่งมอบโดยนายธนกฤต ผู้รับนายมาโนชญ์ วันที่ 16 พ.ย. 66  (โอนจาก สนญ. 15 ต.ค.52)","ศอก.","https://botdrm2-wb-p/BOTDRM_Portal/Fileplan/DownloadFile?documentUri=8064829","สภาพพร้อมใช้งาน","Thanakrit Pitchayarittikrai (ธนกฤต พิชญฤทธิไกร)",,,,"ตรวจแล้ว","https://botdrm2-wb-p/BOTDRM_Portal/Fileplan/DownloadFile?documentUri=8506452",
"30138963","48001","ปืนลูกซองเดี่ยว ""Remington""  ลำกล้อง 20 นิ้ว","1076635V","กท.499439","400/2511","2/28/1968","โอนจากครุภัณฑ์ สภต. เป็นของ ฝรภ. 21 ก.พ. 67 เปลี่ยนรหัสครุภัณฑ์จาก 30007700 เป็น 30138963","สภต./ศหญ.","https://botdrm2-wb-p/BOTDRM_Portal/Fileplan/DownloadFile?documentUri=8062160","สภาพพร้อมใช้งาน","Thanakrit Pitchayarittikrai (ธนกฤต พิชญฤทธิไกร)","16",,,"ตรวจแล้ว","https://botdrm2-wb-p/BOTDRM_Portal/Fileplan/DownloadFile?documentUri=8532905",
"30138964","48001","ปืนลูกซองเดี่ยว ""Remington""  ลำกล้อง 20 นิ้ว","1080609V","กท.499436","399/2511","2/28/1968","โอนจากครุภัณฑ์ สภต. เป็นของ ฝรภ. 21 ก.พ. 67 เปลี่ยนรหัสครุภัณฑ์จาก 30007701 เป็น 30138964","สภต./ศหญ.","https://botdrm2-wb-p/BOTDRM_Portal/Fileplan/DownloadFile?documentUri=8062159","สภาพพร้อมใช้งาน","Thanakrit Pitchayarittikrai (ธนกฤต พิชญฤทธิไกร)","15",,,"ตรวจแล้ว","https://botdrm2-wb-p/BOTDRM_Portal/Fileplan/DownloadFile?documentUri=8532904",
"30138965","48001","ปืนพกรีวอลเวอร์ ""สมิทแอนด์เวสสัน "" ลำกล้อง 4 นิ้ว","D13290","กท.602836","523/2511","8/5/1968","สภต.ฝากเก็บ ส่งมอบโดยคุณธนกฤต และ ผู้รับคุณชัยภัทร 15/3/67 เปลี่ยนรหัสครุภัณฑ์จาก 30007702 เป็น 30138965","ศอก.","https://botdrm2-wb-p/BOTDRM_Portal/Fileplan/DownloadFile?documentUri=8062164","สภาพพร้อมใช้งาน","Thanakrit Pitchayarittikrai (ธนกฤต พิชญฤทธิไกร)","3",,,"ตรวจแล้ว","https://botdrm2-wb-p/BOTDRM_Portal/Fileplan/DownloadFile?documentUri=8532911",
"30138966","48001","ปืนพกรีวอลเวอร์ ""สมิทแอนด์เวสสัน "" ลำกล้อง 4 นิ้ว","D13156","กท.602835","522/2511","8/5/1968","สภต.ฝากเก็บ ส่งมอบโดยคุณธนกฤต และ ผู้รับคุณชัยภัทร 15/3/67 เปลี่ยนรหัสครุภัณฑ์จาก 30007703 เป็น 30138966","ศอก.","https://botdrm2-wb-p/BOTDRM_Portal/Fileplan/DownloadFile?documentUri=8062152","สภาพพร้อมใช้งาน","Thanakrit Pitchayarittikrai (ธนกฤต พิชญฤทธิไกร)","4",,,"ตรวจแล้ว","https://botdrm2-wb-p/BOTDRM_Portal/Fileplan/DownloadFile?documentUri=8532901",
"30138967","48001","ปืนพกรีวอลเวอร์ ""สมิทแอนด์เวสสัน "" ลำกล้อง 4 นิ้ว","D288261","กท.747434","197/2514","5/30/1971","สภต.ฝากเก็บ ส่งมอบโดยคุณธนกฤต และ ผู้รับคุณชัยภัทร 15/3/67 เปลี่ยนรหัสครุภัณฑ์จาก 30007704 เป็น 30138967","ศอก.","https://botdrm2-wb-p/BOTDRM_Portal/Fileplan/DownloadFile?documentUri=8062162","สภาพพร้อมใช้งาน","Thanakrit Pitchayarittikrai (ธนกฤต พิชญฤทธิไกร)","5",,,"ตรวจแล้ว","https://botdrm2-wb-p/BOTDRM_Portal/Fileplan/DownloadFile?documentUri=8532913",
"30138970","48001","ปืนพกรีวอลเวอร์ ""สมิทแอนด์เวสสัน "" ลำกล้อง 4 นิ้ว","AFW9471","กท.2803481","151/2529","7/3/1986","สภต.ฝากเก็บ ส่งมอบโดยคุณธนกฤต และ ผู้รับคุณชัยภัทร 15/3/67 เปลี่ยนรหัสครุภัณฑ์จาก 30007705 เป็น 30138970","ศอก.","https://botdrm2-wb-p/BOTDRM_Portal/Fileplan/DownloadFile?documentUri=8062167","สภาพพร้อมใช้งาน","Thanakrit Pitchayarittikrai (ธนกฤต พิชญฤทธิไกร)","6",,,"ตรวจแล้ว","https://botdrm2-wb-p/BOTDRM_Portal/Fileplan/DownloadFile?documentUri=8532906",
"30138968","48001","ปืนพกรีวอลเวอร์ ""สมิทแอนด์เวสสัน "" ลำกล้อง 4 นิ้ว","AFW9433","กท.2803483","152/2529","7/3/1986","สภต.ฝากเก็บ ทญศ.วันที่ 20 ม.ค. 68 (โอนจากครุภัณฑ์ สภต. เป็นของ ฝรภ. 21 ก.พ. 67 เปลี่ยนรหัสครุภัณฑ์จาก 30007706 เป็น 30138968)","ศอก.","https://botdrm2-wb-p/BOTDRM_Portal/Fileplan/DownloadFile?documentUri=8062161","สภาพพร้อมใช้งาน","Thanakrit Pitchayarittikrai (ธนกฤต พิชญฤทธิไกร)","7",,,"ตรวจแล้ว","https://botdrm2-wb-p/BOTDRM_Portal/Fileplan/DownloadFile?documentUri=8532914","https://botshare.bot.or.th/BOTDRM_Portal/Fileplan/DownloadFile?documentUri=10836990"
"30138969","48001","ปืนพกรีวอลเวอร์ ""สมิทแอนด์เวสสัน "" ลำกล้อง 4 นิ้ว","AZF3591","กท.3103567","128/2531","8/3/1988","โอนจากครุภัณฑ์ สภต. เป็นของ ฝรภ. 21 ก.พ. 67 เปลี่ยนรหัสครุภัณฑ์จาก 30007707 เป็น 30138969","สภต./ศหญ.","https://botdrm2-wb-p/BOTDRM_Portal/Fileplan/DownloadFile?documentUri=8062157","สภาพพร้อมใช้งาน","Thanakrit Pitchayarittikrai (ธนกฤต พิชญฤทธิไกร)","8",,,"ตรวจแล้ว","https://botdrm2-wb-p/BOTDRM_Portal/Fileplan/DownloadFile?documentUri=8532912",
"30138971","48001","ปืนพกรีวอลเวอร์ ""สมิทแอนด์เวสสัน "" ลำกล้อง 4 นิ้ว","AZF3746","กท.3103566","129/2531","8/3/1988","โอนจากครุภัณฑ์ สภต. เป็นของ ฝรภ. 21 ก.พ. 67 เปลี่ยนรหัสครุภัณฑ์จาก 30007708 เป็น 30138971","สภต./ศหญ.","https://botdrm2-wb-p/BOTDRM_Portal/Fileplan/DownloadFile?documentUri=8062165","สภาพพร้อมใช้งาน","Thanakrit Pitchayarittikrai (ธนกฤต พิชญฤทธิไกร)","9",,,"ตรวจแล้ว","https://botdrm2-wb-p/BOTDRM_Portal/Fileplan/DownloadFile?documentUri=8532902",
"30138972","48001","ปืนพกรีวอลเวอร์ ""สมิทแอนด์เวสสัน "" ลำกล้อง 4 นิ้ว","BDE4161","กท.3204145","35/2533","1/26/1990","โอนจากครุภัณฑ์ สภต. เป็นของ ฝรภ. 21 ก.พ. 67 เปลี่ยนรหัสครุภัณฑ์จาก 30007709 เป็น 30138972","สภต./ศหญ.","https://botdrm2-wb-p/BOTDRM_Portal/Fileplan/DownloadFile?documentUri=8062163","สภาพพร้อมใช้งาน","Thanakrit Pitchayarittikrai (ธนกฤต พิชญฤทธิไกร)","10",,,"ตรวจแล้ว","https://botdrm2-wb-p/BOTDRM_Portal/Fileplan/DownloadFile?documentUri=8532908",
"30138973","48001","ปืนพกรีวอลเวอร์ ""สมิทแอนด์เวสสัน "" ลำกล้อง 4 นิ้ว","BDE3866","กท.3204137","34/2533","1/26/1990","สภต.ฝากเก็บ ทญศ.วันที่ 20 ม.ค.68 (โอนจากครุภัณฑ์ สภต. เป็นของ ฝรภ. 21 ก.พ. 67 เปลี่ยนรหัสครุภัณฑ์จาก 30007710 เป็น 30138973)","ศอก.","https://botdrm2-wb-p/BOTDRM_Portal/Fileplan/DownloadFile?documentUri=8062158","สภาพไม่พร้อมใช้งาน","Thanakrit Pitchayarittikrai (ธนกฤต พิชญฤทธิไกร)","11",,,"ตรวจแล้ว","https://botdrm2-wb-p/BOTDRM_Portal/Fileplan/DownloadFile?documentUri=8532910","https://botshare.bot.or.th/BOTDRM_Portal/Fileplan/DownloadFile?documentUri=10836990"
"30066882","48004","ปืนพกรีวอลเวอร์ ""สมิทแอนด์เวสสัน "" ลำกล้อง 4 นิ้ว","AHU3095","กท.2805325","2093/2529","6/18/1986","ทะเบียน ป.4 ไม่ตรงกับตัวปืน ใบอนุญาต ป.4 ไม่มีตัวอักษร ภาษาอังกฤษ AHU นำหน้า3095 ที่ตัวปืนมี AHU ","สภต./ศหญ.","https://botdrm2-wb-p/BOTDRM_Portal/Fileplan/DownloadFile?documentUri=8062154","สภาพพร้อมใช้งาน","Thagoon Khantawit (ฐากูร ขันธวิทย์)","12",,,"ตรวจแล้ว","https://botdrm2-wb-p/BOTDRM_Portal/Fileplan/DownloadFile?documentUri=8532909",
"30066883","48004","ปืนพกรีวอลเวอร์ ""สมิทแอนด์เวสสัน "" ลำกล้อง 4 นิ้ว","AHU3104","กท.2805326","2090/2529","6/18/1986","สภต.ฝากเก็บ ส่งมอบโดยคุณธนกฤต และ ผู้รับคุณชัยภัทร 15/3/67 ","ศอก.","https://botdrm2-wb-p/BOTDRM_Portal/Fileplan/DownloadFile?documentUri=8062155","สภาพไม่พร้อมใช้งาน","Thanakrit Pitchayarittikrai (ธนกฤต พิชญฤทธิไกร)","13",," นกปืนหัก","ตรวจแล้ว","https://botdrm2-wb-p/BOTDRM_Portal/Fileplan/DownloadFile?documentUri=8532915",
"30066886","48004","ปืนพกรีวอลเวอร์ ""สมิทแอนด์เวสสัน "" ลำกล้อง 4 นิ้ว","AHU3187","กท.2805330","2091/2529","6/18/1986","สภต.ฝากเก็บ ส่งมอบโดยคุณธนกฤต และ ผู้รับคุณชัยภัทร 15/3/67 ","ศอก.","https://botdrm2-wb-p/BOTDRM_Portal/Fileplan/DownloadFile?documentUri=8062156","สภาพไม่พร้อมใช้งาน","Thanakrit Pitchayarittikrai (ธนกฤต พิชญฤทธิไกร)","14",,"แหนบชำรุด","ตรวจแล้ว","https://botdrm2-wb-p/BOTDRM_Portal/Fileplan/DownloadFile?documentUri=8532903",
"30066887","48004","ปืนพกรีวอลเวอร์ ""สมิทแอนด์เวสสัน "" ลำกล้อง 4 นิ้ว","AHP8731","กท.2805321","2089/2529","6/18/1986","สภต.ฝากเก็บ ส่งมอบโดยคุณธนกฤต และ ผู้รับคุณชัยภัทร 15/3/67","ศอก.","https://botdrm2-wb-p/BOTDRM_Portal/Fileplan/DownloadFile?documentUri=8062166","สภาพพร้อมใช้งาน","Thanakrit Pitchayarittikrai (ธนกฤต พิชญฤทธิไกร)","1",,,"ตรวจแล้ว","https://botdrm2-wb-p/BOTDRM_Portal/Fileplan/DownloadFile?documentUri=8532900",
"30066888","48004","ปืนพกรีวอลเวอร์ ""สมิทแอนด์เวสสัน "" ลำกล้อง 4 นิ้ว","AHP8951","กท.2805322","2086/2529","6/18/1986","สภต.ฝากเก็บ ส่งมอบโดยคุณธนกฤต และ ผู้รับคุณชัยภัทร 15/3/67","ศอก.","https://botdrm2-wb-p/BOTDRM_Portal/Fileplan/DownloadFile?documentUri=8062153","สภาพพร้อมใช้งาน","Thanakrit Pitchayarittikrai (ธนกฤต พิชญฤทธิไกร)","2",,,"ตรวจแล้ว","https://botdrm2-wb-p/BOTDRM_Portal/Fileplan/DownloadFile?documentUri=8532907",
"30071935","48004","ปืนลูกซองเดี่ยว ""Remington""  ลำกล้อง 20 นิ้ว","D697960M","กท.4751457","05009/2547 โดยนายเสนีย์ศิริ ศิริวัฒนกุล","9/28/2004","โอนย้ายจาก ศพล. เมื่อวันที่ 18 ธ.ค.65 (เนื่องจาก ปรับเป็น CCC)
เป็นครุภัณฑ์ ฝรภ.","สภน./ศชม.","https://botdrm2-wb-p/BOTDRM_Portal/Fileplan/DownloadFile?documentUri=8471295","สภาพพร้อมใช้งาน","Thanakrit Pitchayarittikrai (ธนกฤต พิชญฤทธิไกร)",,,"พานท้ายปืนมีรอยแตก","ตรวจแล้ว","https://botdrm2-wb-p/BOTDRM_Portal/Fileplan/DownloadFile?documentUri=8480386","https://botdrm2-wb-p/BOTDRM_Portal/Fileplan/DownloadFile?documentUri=9099092"
"30071920","48004","ปืนพกรีวอลเวอร์ ""สมิทแอนด์เวสสัน "" ลำกล้อง 4 นิ้ว","CHR3758","กท.4710758","05016/2547 โดยนายเสนีย์ศิริ ศิริวัฒนกุล","9/28/2004","โอนย้ายจาก ศพล. เมื่อวันที่ 18 ธ.ค.65 (เนื่องจาก ปรับเป็น CCC)
เป็นครุภัณฑ์ ฝรภ.
","สภน./ศชม.","https://botdrm2-wb-p/BOTDRM_Portal/Fileplan/DownloadFile?documentUri=8471299","สภาพพร้อมใช้งาน","Surasit Pinnakthananit (สุรสิทธิ์ ปิ่นนาคธนานิษฐ์)",,,,"ตรวจแล้ว","https://botdrm2-wb-p/BOTDRM_Portal/Fileplan/DownloadFile?documentUri=8480384","https://botdrm2-wb-p/BOTDRM_Portal/Fileplan/DownloadFile?documentUri=9099092"
"30071921","48004","ปืนพกรีวอลเวอร์ ""สมิทแอนด์เวสสัน "" ลำกล้อง 4 นิ้ว","CHR3757","กท.4710757","05015/2547 โดยนายเสนีย์ศิริ ศิริวัฒนกุล","9/28/2004","โอนย้ายจาก ศพล. เมื่อวันที่ 18 ธ.ค.65 (เนื่องจาก ปรับเป็น CCC)
เป็นครุภัณฑ์ ฝรภ.","สภน./ศชม.","https://botdrm2-wb-p/BOTDRM_Portal/Fileplan/DownloadFile?documentUri=8471301","สภาพพร้อมใช้งาน","Surasit Pinnakthananit (สุรสิทธิ์ ปิ่นนาคธนานิษฐ์)",,,,"ตรวจแล้ว","https://botdrm2-wb-p/BOTDRM_Portal/Fileplan/DownloadFile?documentUri=8480383","https://botdrm2-wb-p/BOTDRM_Portal/Fileplan/DownloadFile?documentUri=9099092"
"30071922","48004","ปืนพกรีวอลเวอร์ ""สมิทแอนด์เวสสัน "" ลำกล้อง 4 นิ้ว","CHR3781","กท.4710759","05017/2547 โดยนายเสนีย์ศิริ ศิริวัฒนกุล","9/28/2004","โอนย้ายจาก ศพล. เมื่อวันที่ 18 ธ.ค.65 (เนื่องจาก ปรับเป็น CCC)
เป็นครุภัณฑ์ ฝรภ.","สภน./ศชม.","https://botdrm2-wb-p/BOTDRM_Portal/Fileplan/DownloadFile?documentUri=8471303","สภาพพร้อมใช้งาน","Surasit Pinnakthananit (สุรสิทธิ์ ปิ่นนาคธนานิษฐ์)",,,,"ตรวจแล้ว","https://botdrm2-wb-p/BOTDRM_Portal/Fileplan/DownloadFile?documentUri=8480385","https://botdrm2-wb-p/BOTDRM_Portal/Fileplan/DownloadFile?documentUri=9099092"
"30066890","48004","ปืนพกรีวอลเวอร์ ""สมิทแอนด์เวสสัน "" ลำกล้อง 4 นิ้ว","AJA2851","กท.2805860","2653/2529","7/28/1986","ศพล. ฝากเก็บ  เนื่องจากเปลี่ยนเป็น CCC ส่งมอบโดยนายธนกฤต ผู้รับนายมาโนชญ์ วันที่ 23 ก.พ.66 (โอนจาก สนญ. 29 ต.ค. 52)","ศอก.","https://botdrm2-wb-p/BOTDRM_Portal/Fileplan/DownloadFile?documentUri=8471305","สภาพพร้อมใช้งาน","Thanakrit Pitchayarittikrai (ธนกฤต พิชญฤทธิไกร)",,,,"ตรวจแล้ว","https://botdrm2-wb-p/BOTDRM_Portal/Fileplan/DownloadFile?documentUri=8480379",
"30066891","48004","ปืนพกรีวอลเวอร์ ""สมิทแอนด์เวสสัน "" ลำกล้อง 4 นิ้ว","AJA2404","กท.2805861","2654/2529","7/28/1986","ศพล. ฝากเก็บ  เนื่องจากเปลี่ยนเป็น CCC ส่งมอบโดยนายธนกฤต ผู้รับนายมาโนชญ์ วันที่ 23 ก.พ.66 (โอนจาก สนญ. 29 ต.ค. 52)","ศอก.","https://botdrm2-wb-p/BOTDRM_Portal/Fileplan/DownloadFile?documentUri=8471306","สภาพพร้อมใช้งาน","Thanakrit Pitchayarittikrai (ธนกฤต พิชญฤทธิไกร)",,,,"ตรวจแล้ว","https://botdrm2-wb-p/BOTDRM_Portal/Fileplan/DownloadFile?documentUri=8480378",
"30066903","48004","ปืนพกรีวอลเวอร์ ""สมิทแอนด์เวสสัน "" ลำกล้อง 4 นิ้ว","AYJ5504","กท.3103557","1810/2531","6/1/1988","ศพล. ฝากเก็บ  เนื่องจากเปลี่ยนเป็น CCC ส่งมอบโดยนายธนกฤต ผู้รับนายมาโนชญ์ วันที่ 23 ก.พ.66    (โอนจาก สนญ. 11 มิ.ย. 50)","ศอก.","https://botdrm2-wb-p/BOTDRM_Portal/Fileplan/DownloadFile?documentUri=8471309","สภาพพร้อมใช้งาน","Thanakrit Pitchayarittikrai (ธนกฤต พิชญฤทธิไกร)",,,,"ตรวจแล้ว","https://botdrm2-wb-p/BOTDRM_Portal/Fileplan/DownloadFile?documentUri=8480380",
"30066904","48004","ปืนพกรีวอลเวอร์ ""สมิทแอนด์เวสสัน "" ลำกล้อง 4 นิ้ว","AZF4090","กท.3103558","1811/2531","6/1/1988","ศพล. ฝากเก็บ  เนื่องจากเปลี่ยนเป็น CCC ส่งมอบโดยนายธนกฤต ผู้รับนายมาโนชญ์ วันที่ 23 ก.พ.66    (โอนจาก สนญ. 11 มิ.ย. 50)","ศอก.","https://botdrm2-wb-p/BOTDRM_Portal/Fileplan/DownloadFile?documentUri=8471310","สภาพพร้อมใช้งาน","Thanakrit Pitchayarittikrai (ธนกฤต พิชญฤทธิไกร)",,,,"ตรวจแล้ว","https://botdrm2-wb-p/BOTDRM_Portal/Fileplan/DownloadFile?documentUri=8480381",
"30066905","48004","ปืนพกรีวอลเวอร์ ""สมิทแอนด์เวสสัน "" ลำกล้อง 4 นิ้ว","AYM3585","กท.3103559","1812/2531","6/1/1988","ศพล. ฝากเก็บ  เนื่องจากเปลี่ยนเป็น CCC ส่งมอบโดยนายธนกฤต ผู้รับนายมาโนชญ์ วันที่ 23 ก.พ.66    (โอนจาก สนญ. 11 มิ.ย. 50)","ศอก.","https://botdrm2-wb-p/BOTDRM_Portal/Fileplan/DownloadFile?documentUri=8471311","สภาพพร้อมใช้งาน","Thanakrit Pitchayarittikrai (ธนกฤต พิชญฤทธิไกร)",,,,"ตรวจแล้ว","https://botdrm2-wb-p/BOTDRM_Portal/Fileplan/DownloadFile?documentUri=8480382",
"30071936","48004","ปืนลูกซองเดี่ยว ""Remington""  ลำกล้อง 20 นิ้ว","D698348M","กท.4751459","05010/2547 โดยนายเสนีย์ศิริ ศิริวัฒนกุล","9/28/2004","ศอบ.ฝากเก็บ ส่งมอบโดยคุณธนกฤต และ ผู้รับคุณอนุชิต 1/12/65","ศอก.","https://botdrm2-wb-p/BOTDRM_Portal/Fileplan/DownloadFile?documentUri=8081525","สภาพพร้อมใช้งาน","Thanakrit Pitchayarittikrai (ธนกฤต พิชญฤทธิไกร)",,,,"ตรวจแล้ว","https://botdrm2-wb-p/BOTDRM_Portal/Fileplan/DownloadFile?documentUri=8530806",
"30071923","48004","ปืนพกรีวอลเวอร์ ""สมิทแอนด์เวสสัน "" ลำกล้อง 4 นิ้ว","CHR3797","กท.4710761","05019/2547 โดยนายเสนีย์ศิริ ศิริวัฒนกุล","9/28/2004","ศอบ.ฝากเก็บ ส่งมอบโดยคุณธนกฤต และ ผู้รับคุณอนุชิต 1/12/65","ศอก.","https://botdrm2-wb-p/BOTDRM_Portal/Fileplan/DownloadFile?documentUri=8081500","สภาพพร้อมใช้งาน","Thanakrit Pitchayarittikrai (ธนกฤต พิชญฤทธิไกร)",,,,"ตรวจแล้ว","https://botdrm2-wb-p/BOTDRM_Portal/Fileplan/DownloadFile?documentUri=8530789",
"30071924","48004","ปืนพกรีวอลเวอร์ ""สมิทแอนด์เวสสัน "" ลำกล้อง 4 นิ้ว","CHR3798","กท.4710760","05018/2547 โดยนายเสนีย์ศิริ ศิริวัฒนกุล","9/28/2004","ศอบ.ฝากเก็บ ส่งมอบโดยคุณธนกฤต และ ผู้รับคุณอนุชิต 1/12/65","ศอก.","https://botdrm2-wb-p/BOTDRM_Portal/Fileplan/DownloadFile?documentUri=8531276","สภาพพร้อมใช้งาน","Thanakrit Pitchayarittikrai (ธนกฤต พิชญฤทธิไกร)",,,,"ตรวจแล้ว","https://botdrm2-wb-p/BOTDRM_Portal/Fileplan/DownloadFile?documentUri=8530800",
"30071925","48004","ปืนพกรีวอลเวอร์ ""สมิทแอนด์เวสสัน "" ลำกล้อง 4 นิ้ว","CHR3872","กท.4710762","05020/2547 โดยนายเสนีย์ศิริ ศิริวัฒนกุล","9/28/2004","ศอบ.ฝากเก็บ ส่งมอบโดยคุณธนกฤต และ ผู้รับคุณอนุชิต 1/12/65","ศอก.","https://botdrm2-wb-p/BOTDRM_Portal/Fileplan/DownloadFile?documentUri=8081502","สภาพพร้อมใช้งาน","Thanakrit Pitchayarittikrai (ธนกฤต พิชญฤทธิไกร)",,,,"ตรวจแล้ว","https://botdrm2-wb-p/BOTDRM_Portal/Fileplan/DownloadFile?documentUri=8530795",
"30066842","48004","ปืนพกรีวอลเวอร์ ""สมิทแอนด์เวสสัน "" ลำกล้อง 4 นิ้ว","K721118","กท.494961","0312/2533","2/15/1990","ศอบ.ฝากเก็บ ส่งมอบโดยคุณธนกฤต และ ผู้รับคุณอนุชิต 1/12/65","ศอก.","https://botdrm2-wb-p/BOTDRM_Portal/Fileplan/DownloadFile?documentUri=8081658","สภาพพร้อมใช้งาน","Thanakrit Pitchayarittikrai (ธนกฤต พิชญฤทธิไกร)",,,,"ตรวจแล้ว","https://botdrm2-wb-p/BOTDRM_Portal/Fileplan/DownloadFile?documentUri=8530802",
"30066860","48004","ปืนพกรีวอลเวอร์ ""สมิทแอนด์เวสสัน "" ลำกล้อง 4 นิ้ว","D212688","กท.719871","8/2513","3/19/1970","ศอบ.ฝากเก็บ ส่งมอบโดยคุณธนกฤต และ ผู้รับคุณอนุชิต 1/12/65","ศอก.","https://botdrm2-wb-p/BOTDRM_Portal/Fileplan/DownloadFile?documentUri=8081657","สภาพพร้อมใช้งาน","Thanakrit Pitchayarittikrai (ธนกฤต พิชญฤทธิไกร)",,,,"ตรวจแล้ว","https://botdrm2-wb-p/BOTDRM_Portal/Fileplan/DownloadFile?documentUri=8530803",
"30066862","48004","ปืนพกรีวอลเวอร์ ""สมิทแอนด์เวสสัน "" ลำกล้อง 4 นิ้ว","D212334","กท.719873","6/2513","3/19/1970","ศอบ.ฝากเก็บ ส่งมอบโดยคุณธนกฤต และ ผู้รับคุณอนุชิต 1/12/65","ศอก.","https://botdrm2-wb-p/BOTDRM_Portal/Fileplan/DownloadFile?documentUri=8081655","สภาพพร้อมใช้งาน","Thanakrit Pitchayarittikrai (ธนกฤต พิชญฤทธิไกร)",,,,"ตรวจแล้ว","https://botdrm2-wb-p/BOTDRM_Portal/Fileplan/DownloadFile?documentUri=8530801",
"30066894","48004","ปืนพกรีวอลเวอร์ ""สมิทแอนด์เวสสัน "" ลำกล้อง 4 นิ้ว","AVD4668","กท.3002903","3384/2530","9/22/1987","ส่งคืนคลังพัสดุหมุนเวียน ทีมสินทรัพย์ถาวร ตามเมลอนุมัติ ผอ.ฝรภ. และ ผอ.ฝจอ.นบอ. ลงวันที่ 24 มิ.ย. 67(ปืน ศอบ.)","ฝจอ. (ฝากเก็บ ศอก.)","https://botdrm2-wb-p/BOTDRM_Portal/Fileplan/DownloadFile?documentUri=8081651","สภาพไม่พร้อมใช้งาน","Thanakrit Pitchayarittikrai (ธนกฤต พิชญฤทธิไกร)",,,"เปิดโม้ติดขัดต้องใช้แรง","ตรวจแล้ว","https://botdrm2-wb-p/BOTDRM_Portal/Fileplan/DownloadFile?documentUri=8530805",
"30066897","48004","ปืนพกรีวอลเวอร์ ""สมิทแอนด์เวสสัน "" ลำกล้อง 4 นิ้ว","AUA5509","กท.3000905","3389/2530","9/22/1987","ศอบ.ฝากเก็บ ส่งมอบโดยคุณธนกฤต และ ผู้รับคุณอนุชิต 1/12/65","ศอก.","https://botdrm2-wb-p/BOTDRM_Portal/Fileplan/DownloadFile?documentUri=8081649","สภาพพร้อมใช้งาน","Thanakrit Pitchayarittikrai (ธนกฤต พิชญฤทธิไกร)",,,,"ตรวจแล้ว","https://botdrm2-wb-p/BOTDRM_Portal/Fileplan/DownloadFile?documentUri=8530804",
"30077745","48004","ปืนลูกซองเดี่ยว ""Remington""  ลำกล้อง 20 นิ้ว","D698637M","กท.4751460","05011/2547 โดยนายเสนีย์ศิริ ศิริวัฒนกุล","9/28/2004","สภอ.ฝากเก็บ คลังอาวุธ ทญศ. วันที่ 7 ต.ค. 68 (ศนร. โอนให้ สภอ.ใช้งาน วันที่ 5 ก.พ.67 เนื่องจาก ศนร.เปลี่ยนเป็น CCC.) ","ศอก.","https://botshare.bot.or.th/BOTDRM_Portal/Fileplan/DownloadFile?documentUri=10508096","สภาพพร้อมใช้งาน","Thanakrit Pitchayarittikrai (ธนกฤต พิชญฤทธิไกร)",,,,"ตรวจแล้ว","https://botdrm2-wb-p/BOTDRM_Portal/Fileplan/DownloadFile?documentUri=8528387",
"30077742","48004","ปืนพกรีวอลเวอร์ ""สมิทแอนด์เวสสัน "" ลำกล้อง 4 นิ้ว","CHR3830","กท.4710763","05021/2547 โดยนายเสนีย์ศิริ ศิริวัฒนกุล","9/28/2004","ศนร. โอนให้ สภอ.ใช้งาน วันที่ 5 ก.พ.67 (เนื่องจาก ศนร.เปลี่ยนเป็น CCC.)","สภอ./ศขก.","https://botshare.bot.or.th/BOTDRM_Portal/Fileplan/DownloadFile?documentUri=10508093","สภาพพร้อมใช้งาน","Thanakrit Pitchayarittikrai (ธนกฤต พิชญฤทธิไกร)",,,,"ตรวจแล้ว","https://botdrm2-wb-p/BOTDRM_Portal/Fileplan/DownloadFile?documentUri=8528385",
"30077743","48004","ปืนพกรีวอลเวอร์ ""สมิทแอนด์เวสสัน "" ลำกล้อง 4 นิ้ว","CHR3825","กท.4710764","05022/2547 โดยนายเสนีย์ศิริ ศิริวัฒนกุล","9/28/2004","ศนร. โอนให้ สภอ.ใช้งาน วันที่ 5 ก.พ.67 (เนื่องจาก ศนร.เปลี่ยนเป็น CCC.)","สภอ./ศขก.","https://botshare.bot.or.th/BOTDRM_Portal/Fileplan/DownloadFile?documentUri=10508094","สภาพพร้อมใช้งาน","Thanakrit Pitchayarittikrai (ธนกฤต พิชญฤทธิไกร)",,,,"ตรวจแล้ว","https://botdrm2-wb-p/BOTDRM_Portal/Fileplan/DownloadFile?documentUri=8528391",
"30077744","48004","ปืนพกรีวอลเวอร์ ""สมิทแอนด์เวสสัน "" ลำกล้อง 4 นิ้ว","CHR3844","กท.4710765","05023/2547 โดยนายเสนีย์ศิริ ศิริวัฒนกุล","9/28/2004","ศนร. โอนให้ สภอ.ใช้งาน วันที่ 5 ก.พ.67 (เนื่องจาก ศนร.เปลี่ยนเป็น CCC.)","สภอ./ศขก.","https://botshare.bot.or.th/BOTDRM_Portal/Fileplan/DownloadFile?documentUri=10508095","สภาพพร้อมใช้งาน","Thanakrit Pitchayarittikrai (ธนกฤต พิชญฤทธิไกร)",,,,"ตรวจแล้ว","https://botdrm2-wb-p/BOTDRM_Portal/Fileplan/DownloadFile?documentUri=8528388",
"30066846","48004","ปืนพกรีวอลเวอร์ ""สมิทแอนด์เวสสัน "" ลำกล้อง 4 นิ้ว","D103807","กท.679965","216/2512","9/1/1969","ศนร. ฝากเก็บ สนญ. 5 ก.พ.67 
ตรวจสอบเลขตัวปืนเลขท้าย 807 แต่ท้ายตัวปืนเป็น 837 
จากการตรวจสอบเลขตัวปืนกท.679965 เลขท้ายตัวปืนเป็น 837 ซึ่งไม่ตรงกับใบอนุญาตใบป.4 ที่ออกเลขท้ายปืนเป็น 807 
การดำเนินการตามคำสั่งการผบช. รอส่งกลับทญศ. หลังศนร.เป็นCCC.","ศอก.","https://botdrm2-wb-p/BOTDRM_Portal/Fileplan/DownloadFile?documentUri=8065032","สภาพไม่พร้อมใช้งาน","Thanakrit Pitchayarittikrai (ธนกฤต พิชญฤทธิไกร)",,,"ชิ้นส่วนปลายนกสับกระสุนหัก ","ตรวจแล้ว","https://botdrm2-wb-p/BOTDRM_Portal/Fileplan/DownloadFile?documentUri=8528382",
"30066848","48004","ปืนพกรีวอลเวอร์ ""สมิทแอนด์เวสสัน "" ลำกล้อง 4 นิ้ว","D104239","กท.679971","208/2512","9/1/1969","ศนร. ฝากเก็บ สนญ. 5 ก.พ.67 ","ศอก.","https://botdrm2-wb-p/BOTDRM_Portal/Fileplan/DownloadFile?documentUri=8065033","สภาพพร้อมใช้งาน","Thanakrit Pitchayarittikrai (ธนกฤต พิชญฤทธิไกร)",,,,"ตรวจแล้ว","https://botdrm2-wb-p/BOTDRM_Portal/Fileplan/DownloadFile?documentUri=8528386",
"30066849","48004","ปืนพกรีวอลเวอร์ ""สมิทแอนด์เวสสัน "" ลำกล้อง 4 นิ้ว","D105103","กท.679972","209/2512","9/1/1969","ศนร. ฝากเก็บ สนญ. 5 ก.พ.67 ","ศอก.","https://botdrm2-wb-p/BOTDRM_Portal/Fileplan/DownloadFile?documentUri=8065037","สภาพพร้อมใช้งาน","Thanakrit Pitchayarittikrai (ธนกฤต พิชญฤทธิไกร)",,,,"ตรวจแล้ว","https://botdrm2-wb-p/BOTDRM_Portal/Fileplan/DownloadFile?documentUri=8528389",
"30066892","48004","ปืนพกรีวอลเวอร์ ""สมิทแอนด์เวสสัน "" ลำกล้อง 4 นิ้ว","AJA4413","กท.2805862","2655/2529","7/28/1986","ศนร. ฝากเก็บ สนญ. 5 ก.พ.67 ","ศอก.","https://botdrm2-wb-p/BOTDRM_Portal/Fileplan/DownloadFile?documentUri=8065035","สภาพพร้อมใช้งาน","Thanakrit Pitchayarittikrai (ธนกฤต พิชญฤทธิไกร)",,,,"ตรวจแล้ว","https://botdrm2-wb-p/BOTDRM_Portal/Fileplan/DownloadFile?documentUri=8528383",
"30066893","48004","ปืนพกรีวอลเวอร์ ""สมิทแอนด์เวสสัน "" ลำกล้อง 4 นิ้ว","AJA2844","กท.2805863","2656/2529","7/28/1986","ส่งคืนคลังพัสดุหมุนเวียน ทีมสินทรัพย์ถาวร ตามเมลอนุมัติ ผอ.ฝรภ. และ ผอ.ฝจอ.นบอ. ลงวันที่ 24 มิ.ย. 67(ปืน ศนร.)","ฝจอ. (ฝากเก็บ ศอก.)","https://botdrm2-wb-p/BOTDRM_Portal/Fileplan/DownloadFile?documentUri=8065038","สภาพไม่พร้อมใช้งาน","Thanakrit Pitchayarittikrai (ธนกฤต พิชญฤทธิไกร)",,,"นกปืนหัก","ตรวจแล้ว","https://botdrm2-wb-p/BOTDRM_Portal/Fileplan/DownloadFile?documentUri=8528390",
"30071937","48004","ปืนลูกซองเดี่ยว""Remington""ลำกล้อง 20 นิ้ว","D698654M","กท.4751461","05012/2547 โดยนายเสนีย์ศิริ ศิริวัฒนากุล","9/28/2004","ศรย.ฝากเก็บที่ ทญศ. วันที่ 7 มี.ค.2565 เนื่องจากเป็น CCC.  ","ศอก.","https://botdrm2-wb-p/BOTDRM_Portal/Fileplan/DownloadFile?documentUri=8085483","สภาพพร้อมใช้งาน","Thanakrit Pitchayarittikrai (ธนกฤต พิชญฤทธิไกร)",,,,"ตรวจแล้ว",,
"30071926","48004","ปืนพกรีวอลเวอร์ ""สมิทแอนด์เวสสัน "" ลำกล้อง 4 นิ้ว","CHR3858","กท.4710766","05024/2547 โดยนายเสนีย์ศิริ ศิริวัฒนกุล","9/28/2004","ศรย.ฝากเก็บที่ ทญศ. วันที่ 28 มี.ค.2565 เนื่องจากเป็น CCC.","ศอก.","https://botdrm2-wb-p/BOTDRM_Portal/Fileplan/DownloadFile?documentUri=8085482","สภาพพร้อมใช้งาน","Thanakrit Pitchayarittikrai (ธนกฤต พิชญฤทธิไกร)",,,,"ตรวจแล้ว","https://botdrm2-wb-p/BOTDRM_Portal/Fileplan/DownloadFile?documentUri=8606281",
"30071927","48004","ปืนพกรีวอลเวอร์ ""สมิทแอนด์เวสสัน "" ลำกล้อง 4 นิ้ว","CHR3859","กท.4710767","05025/2547 โดยนายเสนีย์ศิริ ศิริวัฒนกุล","9/28/2004","ศรย.ฝากเก็บที่ ทญศ. วันที่ 28 มี.ค.2565 เนื่องจากเป็น CCC.","ศอก.","https://botdrm2-wb-p/BOTDRM_Portal/Fileplan/DownloadFile?documentUri=8085481","สภาพพร้อมใช้งาน","Thanakrit Pitchayarittikrai (ธนกฤต พิชญฤทธิไกร)",,,,"ตรวจแล้ว","https://botdrm2-wb-p/BOTDRM_Portal/Fileplan/DownloadFile?documentUri=8606275",
"30071928","48004","ปืนพกรีวอลเวอร์ ""สมิทแอนด์เวสสัน "" ลำกล้อง 4 นิ้ว","CHR3726","กท.4710768","05026/2547 โดยนายเสนีย์ศิริ ศิริวัฒนกุล","9/28/2004","ศรย.ฝากเก็บที่ ทญศ. วันที่ 28 มี.ค.2565 เนื่องจากเป็น CCC.","ศอก.","https://botdrm2-wb-p/BOTDRM_Portal/Fileplan/DownloadFile?documentUri=8085480","สภาพพร้อมใช้งาน","Thanakrit Pitchayarittikrai (ธนกฤต พิชญฤทธิไกร)",,,,"ตรวจแล้ว","https://botdrm2-wb-p/BOTDRM_Portal/Fileplan/DownloadFile?documentUri=8606285",
"30066845","48004","ปืนพกรีวอลเวอร์ ""สมิทแอนด์เวสสัน "" ลำกล้อง 4 นิ้ว","D103507","กท.679964","204/2512","9/1/1969","ศรย.ฝากเก็บที่ ทญศ. วันที่ 7 มี.ค.2565 เนื่องจากเป็น CCC.  (รับโอนมาจาก ทญศ.เมื่อวันที่ 14 พ.ค.2550)
","ศอก.","https://botdrm2-wb-p/BOTDRM_Portal/Fileplan/DownloadFile?documentUri=8085479","สภาพพร้อมใช้งาน","Thanakrit Pitchayarittikrai (ธนกฤต พิชญฤทธิไกร)",,,,"ตรวจแล้ว","https://botdrm2-wb-p/BOTDRM_Portal/Fileplan/DownloadFile?documentUri=8606271",
"30066851","48004","ปืนพกรีวอลเวอร์ ""สมิทแอนด์เวสสัน "" ลำกล้อง 4 นิ้ว","D104043","กท.679993","205/2512","9/1/1969","ศรย.ฝากเก็บที่ ทญศ. วันที่ 7 มี.ค.2565 เนื่องจากเป็น CCC.  (รับโอนมาจาก ทญศ.เมื่อวันที่ 14 พ.ค.2550)","ศอก.","https://botdrm2-wb-p/BOTDRM_Portal/Fileplan/DownloadFile?documentUri=8085477","สภาพพร้อมใช้งาน","Thanakrit Pitchayarittikrai (ธนกฤต พิชญฤทธิไกร)",,,,"ตรวจแล้ว","https://botdrm2-wb-p/BOTDRM_Portal/Fileplan/DownloadFile?documentUri=8606265",
"30066870","48004","ปืนพกรีวอลเวอร์ ""สมิทแอนด์เวสสัน "" ลำกล้อง 4 นิ้ว","D452961","กท.833474","11062/2516","11/8/1973","ศรย.ฝากเก็บที่ ทญศ. วันที่ 7 มี.ค.2565 เนื่องจากเป็น CCC.  (รับโอนมาจาก ทญศ.เมื่อวันที่ 14 พ.ค.2550)","ศอก.","https://botdrm2-wb-p/BOTDRM_Portal/Fileplan/DownloadFile?documentUri=8085475","สภาพพร้อมใช้งาน","Thanakrit Pitchayarittikrai (ธนกฤต พิชญฤทธิไกร)",,,,"ตรวจแล้ว","https://botdrm2-wb-p/BOTDRM_Portal/Fileplan/DownloadFile?documentUri=8606261",
"30066895","48004","ปืนพกรีวอลเวอร์ ""สมิทแอนด์เวสสัน "" ลำกล้อง 4 นิ้ว","AVD4493","กท.3002905","3385/2530","9/22/1987","ศรย.ฝากเก็บที่ ทญศ. วันที่ 28 มี.ค.2565 เนื่องจากเป็น CCC.  (รับโอนมาจาก ทญศ.เมื่อวันที่ 14 พ.ค.2550)","ศอก.","https://botdrm2-wb-p/BOTDRM_Portal/Fileplan/DownloadFile?documentUri=8085473","สภาพพร้อมใช้งาน","Thanakrit Pitchayarittikrai (ธนกฤต พิชญฤทธิไกร)",,,,"ตรวจแล้ว","https://botdrm2-wb-p/BOTDRM_Portal/Fileplan/DownloadFile?documentUri=8606255",
"30066902","48004","ปืนพกรีวอลเวอร์ ""สมิทแอนด์เวสสัน "" ลำกล้อง 4 นิ้ว","AWN0288","กท.3103556","1809/2531","6/1/1988","ศรย.ฝากเก็บที่ ทญศ. วันที่ 7 มี.ค.2565 เนื่องจากเป็น CCC.  (รับโอนมาจาก ทญศ.เมื่อวันที่ 27 พ.ย.2552)","ศอก.","https://botdrm2-wb-p/BOTDRM_Portal/Fileplan/DownloadFile?documentUri=8085462","สภาพพร้อมใช้งาน","Thanakrit Pitchayarittikrai (ธนกฤต พิชญฤทธิไกร)",,,,"ตรวจแล้ว","https://botdrm2-wb-p/BOTDRM_Portal/Fileplan/DownloadFile?documentUri=8606286",
"30071938","48004","ปืนลูกซองเดี่ยว ""Remington""  ลำกล้อง 20 นิ้ว","D697900M","กท.4751462","05013/2547 โดยนายเสนีย์ศิริ ศิริวัฒนกุล","9/28/2004","ศสร. โอนไปให้ สภต. ใช้งานเนื่องจากเป็น CCC","สภต./ศหญ.","https://botdrm2-wb-p/BOTDRM_Portal/Fileplan/DownloadFile?documentUri=8065683","สภาพพร้อมใช้งาน","Thanakrit Pitchayarittikrai (ธนกฤต พิชญฤทธิไกร)",,,,"ตรวจแล้ว","https://botdrm2-wb-p/BOTDRM_Portal/Fileplan/DownloadFile?documentUri=8482248",
"30071929","48004","ปืนพกรีวอลเวอร์ ""สมิทแอนด์เวสสัน "" ลำกล้อง 4 นิ้ว","CHR3763","กท.4710769","05027/2547 โดยนายเสนีย์ศิริ ศิริวัฒนกุล","9/28/2004","ศสร. โอนไปให้ สภต. ใช้งานเนื่องจากเป็น CCC","สภต./ศหญ.","https://botdrm2-wb-p/BOTDRM_Portal/Fileplan/DownloadFile?documentUri=8065682","สภาพพร้อมใช้งาน","Thanakrit Pitchayarittikrai (ธนกฤต พิชญฤทธิไกร)",,,,"ตรวจแล้ว","https://botdrm2-wb-p/BOTDRM_Portal/Fileplan/DownloadFile?documentUri=8482250",
"30071930","48004","ปืนพกรีวอลเวอร์ ""สมิทแอนด์เวสสัน "" ลำกล้อง 4 นิ้ว","CHR3850","กท.4710770","05028/2547 โดยนายเสนีย์ศิริ ศิริวัฒนกุล","9/28/2004","ศสร. โอนไปให้ สภต. ใช้งานเนื่องจากเป็น CCC","สภต./ศหญ.","https://botdrm2-wb-p/BOTDRM_Portal/Fileplan/DownloadFile?documentUri=8065686","สภาพพร้อมใช้งาน","Thanakrit Pitchayarittikrai (ธนกฤต พิชญฤทธิไกร)",,,,"ตรวจแล้ว","https://botdrm2-wb-p/BOTDRM_Portal/Fileplan/DownloadFile?documentUri=8482252",
"30071931","48004","ปืนพกรีวอลเวอร์ ""สมิทแอนด์เวสสัน "" ลำกล้อง 4 นิ้ว","CHR3849","กท.4710771","05029/2547 โดยนายเสนีย์ศิริ ศิริวัฒนกุล","9/28/2004","ศสร. โอนไปให้ สภต. ใช้งานเนื่องจากเป็น CCC","สภต./ศหญ.","https://botdrm2-wb-p/BOTDRM_Portal/Fileplan/DownloadFile?documentUri=8065693","สภาพพร้อมใช้งาน","Thanakrit Pitchayarittikrai (ธนกฤต พิชญฤทธิไกร)",,,,"ตรวจแล้ว","https://botdrm2-wb-p/BOTDRM_Portal/Fileplan/DownloadFile?documentUri=8482253",
"30066906","48004","ปืนพกรีวอลเวอร์ ""สมิทแอนด์เวสสัน "" ลำกล้อง 4 นิ้ว","AYJ5673","กท.3103560","1813/2531","6/1/1988","ศสร. โอนไปให้ สภต. ใช้งานเนื่องจากเป็น CCC","สภต./ศหญ.","https://botdrm2-wb-p/BOTDRM_Portal/Fileplan/DownloadFile?documentUri=8065679","สภาพพร้อมใช้งาน","Thanakrit Pitchayarittikrai (ธนกฤต พิชญฤทธิไกร)",,,,"ตรวจแล้ว","https://botdrm2-wb-p/BOTDRM_Portal/Fileplan/DownloadFile?documentUri=8482247",
"30066899","48004","ปืนพกรีวอลเวอร์ ""สมิทแอนด์เวสสัน "" ลำกล้อง 4 นิ้ว","AUH8191","กท.3000901","3390/2530","9/22/1987","ทะเบียน ป.4 ไม่ตรงกับตัวปืน ใบ ป.4 ไม่ได้เขียน ตัวอักษร AUH มีแต่ 8191 ตรวจสอบที่ปืน AUH8191 (ศสร. โอนไปให้ สภต. ใช้งานเนื่องจากเป็น CCC)","สภต./ศหญ.","https://botdrm2-wb-p/BOTDRM_Portal/Fileplan/DownloadFile?documentUri=8065676","สภาพพร้อมใช้งาน","Thanakrit Pitchayarittikrai (ธนกฤต พิชญฤทธิไกร)",,,,"ตรวจแล้ว","https://botdrm2-wb-p/BOTDRM_Portal/Fileplan/DownloadFile?documentUri=8482245",
"30066900","48004","ปืนพกรีวอลเวอร์ ""สมิทแอนด์เวสสัน "" ลำกล้อง 4 นิ้ว","AUZ3803","กท.3000910","3388/2530","9/22/1987","ศสร. โอนไปให้ สภต. ใช้งานเนื่องจากเป็น CCC","สภต./ศหญ.","https://botdrm2-wb-p/BOTDRM_Portal/Fileplan/DownloadFile?documentUri=8065678","สภาพพร้อมใช้งาน","Thanakrit Pitchayarittikrai (ธนกฤต พิชญฤทธิไกร)",,,,"ตรวจแล้ว","https://botdrm2-wb-p/BOTDRM_Portal/Fileplan/DownloadFile?documentUri=8482246",
"30066837","48004","ปืนพกรีวอลเวอร์ ""สมิทแอนด์เวสสัน "" ลำกล้อง 4 นิ้ว","K721930","กท.494956","0307/2533","2/15/1990","สภต.ฝากเก็บ ทญศ. วันที่ 20 ม.ค.68 (ศสร. โอนไปให้ สภต. ใช้งานเนื่องจากเป็น CCC )","ศอก.","https://botdrm2-wb-p/BOTDRM_Portal/Fileplan/DownloadFile?documentUri=8065675","สภาพพร้อมใช้งาน","Thanakrit Pitchayarittikrai (ธนกฤต พิชญฤทธิไกร)",,,,"ตรวจแล้ว","https://botdrm2-wb-p/BOTDRM_Portal/Fileplan/DownloadFile?documentUri=8482249","https://botshare.bot.or.th/BOTDRM_Portal/Fileplan/DownloadFile?documentUri=10836990"
"30066838","48004","ปืนพกรีวอลเวอร์ ""สมิทแอนด์เวสสัน "" ลำกล้อง 4 นิ้ว","K721946","กท.494957","0308/2533","2/15/1990","สภต.ฝากเก็บ ทญศ. วันที่ 20 ม.ค.68 (ศสร. โอนไปให้ สภต. ใช้งานเนื่องจากเป็น CCC)","ศอก.","https://botdrm2-wb-p/BOTDRM_Portal/Fileplan/DownloadFile?documentUri=8065680","สภาพพร้อมใช้งาน","Thanakrit Pitchayarittikrai (ธนกฤต พิชญฤทธิไกร)",,,,"ตรวจแล้ว","https://botdrm2-wb-p/BOTDRM_Portal/Fileplan/DownloadFile?documentUri=8482251","https://botshare.bot.or.th/BOTDRM_Portal/Fileplan/DownloadFile?documentUri=10836990"
"30071939","48004","ปืนลูกซองเดี่ยว ""Remington""  ลำกล้อง 20 นิ้ว","D697912M","กท.4751463","05014/2547 โดยนายเสนีย์ศิริ ศิริวัฒนกุล","9/28/2004","ศพง.ฝากเก็บตู้เก็บอาวุธปืน ทญศ. เนื่องจากปิดที่ทำการ
","ศอก.","https://botdrm2-wb-p/BOTDRM_Portal/Fileplan/DownloadFile?documentUri=8466811","สภาพพร้อมใช้งาน","Thanakrit Pitchayarittikrai (ธนกฤต พิชญฤทธิไกร)",,,,"ตรวจแล้ว","https://botdrm2-wb-p/BOTDRM_Portal/Fileplan/DownloadFile?documentUri=8526462",
"30071932","48004","ปืนพกรีวอลเวอร์ ""สมิทแอนด์เวสสัน "" ลำกล้อง 4 นิ้ว","CHR3724","กท.4710773","05030/2547","9/28/2004","ศพง.ฝากเก็บตู้เก็บอาวุธปืน ทญศ. เนื่องจากปิดที่ทำการ","ศอก.","https://botdrm2-wb-p/BOTDRM_Portal/Fileplan/DownloadFile?documentUri=8466812","สภาพพร้อมใช้งาน","Thanakrit Pitchayarittikrai (ธนกฤต พิชญฤทธิไกร)",,,,"ตรวจแล้ว","https://botdrm2-wb-p/BOTDRM_Portal/Fileplan/DownloadFile?documentUri=8540283",
"30071933","48004","ปืนพกรีวอลเวอร์ ""สมิทแอนด์เวสสัน "" ลำกล้อง 4 นิ้ว","CHR3855","กท.4710774","05031/2547 โดยนายเสนีย์ศิริ ศิริวัฒนกุล","9/28/2004","ศพง.ฝากเก็บตู้เก็บอาวุธปืน ทญศ. เนื่องจากปิดที่ทำการ","ศอก.","https://botdrm2-wb-p/BOTDRM_Portal/Fileplan/DownloadFile?documentUri=8466809","สภาพพร้อมใช้งาน","Thanakrit Pitchayarittikrai (ธนกฤต พิชญฤทธิไกร)",,,,"ตรวจแล้ว","https://botdrm2-wb-p/BOTDRM_Portal/Fileplan/DownloadFile?documentUri=8540282",
"30071934","48004","ปืนพกรีวอลเวอร์ ""สมิทแอนด์เวสสัน "" ลำกล้อง 4 นิ้ว","CHR3873","กท.4710775","05032/2547 โดยนายเสนีย์ศิริ ศิริวัฒนกุล","9/28/2004","ศพง.ฝากเก็บตู้เก็บอาวุธปืน ทญศ. เนื่องจากปิดที่ทำการ","ศอก.","https://botdrm2-wb-p/BOTDRM_Portal/Fileplan/DownloadFile?documentUri=8466810","สภาพพร้อมใช้งาน","Thanakrit Pitchayarittikrai (ธนกฤต พิชญฤทธิไกร)",,,,"ตรวจแล้ว","https://botdrm2-wb-p/BOTDRM_Portal/Fileplan/DownloadFile?documentUri=8540281",
"30066901","48004","ปืนพกรีวอลเวอร์ ""สมิทแอนด์เวสสัน "" ลำกล้อง 4 นิ้ว","AZF4019","กท.3103555","1808/2531","6/1/1988","ส่งคืนคลังพัสดุหมุนเวียน ทีมสินทรัพย์ถาวร ตามเมลอนุมัติ ผอ.ฝรภ. และ ผอ.ฝจอ.นบอ. ลงวันที่ 24 มิ.ย. 67(ปืน ศพง.)","ฝจอ. (ฝากเก็บ ศอก.)","https://botdrm2-wb-p/BOTDRM_Portal/Fileplan/DownloadFile?documentUri=8466816","สภาพไม่พร้อมใช้งาน","Thanakrit Pitchayarittikrai (ธนกฤต พิชญฤทธิไกร)",,,"Pin Extractor หลุดหาย 1 ตัว","ตรวจแล้ว","https://botdrm2-wb-p/BOTDRM_Portal/Fileplan/DownloadFile?documentUri=8540275",
"30066868","48004","ปืนพกรีวอลเวอร์ ""สมิทแอนด์เวสสัน "" ลำกล้อง 4 นิ้ว","D443765","กท.833462","11059/2516 โดยนายจรัส แตงน้อย","11/8/1973","ส่งคืนคลังพัสดุหมุนเวียน ทีมสินทรัพย์ถาวร ตามเมลอนุมัติ ผอ.ฝรภ. และ ผอ.ฝจอ.นบอ. ลงวันที่ 24 มิ.ย. 67(ปืน ศพง.)","ฝจอ. (ฝากเก็บ ศอก.)","https://botdrm2-wb-p/BOTDRM_Portal/Fileplan/DownloadFile?documentUri=8466808","สภาพไม่พร้อมใช้งาน","Thanakrit Pitchayarittikrai (ธนกฤต พิชญฤทธิไกร)",,,"เปิด-ปิดโม่มีอาการติดขัด","ตรวจแล้ว","https://botdrm2-wb-p/BOTDRM_Portal/Fileplan/DownloadFile?documentUri=8540279",
"30066861","48004","ปืนพกรีวอลเวอร์ ""สมิทแอนด์เวสสัน "" ลำกล้อง 4 นิ้ว","D448201","กท.833470","11061/2516 โดยนายจรัส แตงน้อย","11/8/1973","ศพง.ฝากเก็บตู้เก็บอาวุธปืน ทญศ. เนื่องจากปิดที่ทำการ","ศอก.","https://botdrm2-wb-p/BOTDRM_Portal/Fileplan/DownloadFile?documentUri=8466813","สภาพพร้อมใช้งาน","Thanakrit Pitchayarittikrai (ธนกฤต พิชญฤทธิไกร)",,,,"ตรวจแล้ว","https://botdrm2-wb-p/BOTDRM_Portal/Fileplan/DownloadFile?documentUri=8540277",
"30066909","48004","ปืนพกรีวอลเวอร์ ""สมิทแอนด์เวสสัน "" ลำกล้อง 4 นิ้ว","AZF4059","กท.3103565","1818/2531","6/1/1988","ศพง.ฝากเก็บตู้เก็บอาวุธปืน ทญศ. เนื่องจากปิดที่ทำการ","ศอก.","https://botdrm2-wb-p/BOTDRM_Portal/Fileplan/DownloadFile?documentUri=8466814","สภาพพร้อมใช้งาน","Thanakrit Pitchayarittikrai (ธนกฤต พิชญฤทธิไกร)",,,,"ตรวจแล้ว","https://botdrm2-wb-p/BOTDRM_Portal/Fileplan/DownloadFile?documentUri=8540280",
"30066911","48004","ปืนพกรีวอลเวอร์ ""สมิทแอนด์เวสสัน "" ลำกล้อง 4 นิ้ว","BFM0361","กท.3311729","4377/2533","12/20/1990","ศพง.ฝากเก็บตู้เก็บอาวุธปืน ทญศ. เนื่องจากปิดที่ทำการ","ศอก.","https://botdrm2-wb-p/BOTDRM_Portal/Fileplan/DownloadFile?documentUri=8466815","สภาพพร้อมใช้งาน","Thanakrit Pitchayarittikrai (ธนกฤต พิชญฤทธิไกร)",,,,"ตรวจแล้ว","https://botdrm2-wb-p/BOTDRM_Portal/Fileplan/DownloadFile?documentUri=8540278",
"30104078","48004","ปืนลูกซองเดี่ยว ""Remington""  ลำกล้อง 20 นิ้ว","W-474937M","กท.3052866","102/2530","8/28/1987","อัพโหลดแล้ว","สภอ./ศขก.","https://botshare.bot.or.th/BOTDRM_Portal/Fileplan/DownloadFile?documentUri=10508101","สภาพพร้อมใช้งาน","Thanakrit Pitchayarittikrai (ธนกฤต พิชญฤทธิไกร)",,,,"ตรวจแล้ว","https://botdrm2-wb-p/BOTDRM_Portal/Fileplan/DownloadFile?documentUri=8527991",
"30104079","48004","ปืนลูกซองเดี่ยว ""Remington""  ลำกล้อง 20 นิ้ว","W-476804M","กท.3052864","101/2530","8/28/1987","อัพโหลดแล้ว","สภอ./ศขก.","https://botdrm2-wb-p/BOTDRM_Portal/Fileplan/DownloadFile?documentUri=10508102","สภาพพร้อมใช้งาน","Thanakrit Pitchayarittikrai (ธนกฤต พิชญฤทธิไกร)",,,,"ตรวจแล้ว","https://botdrm2-wb-p/BOTDRM_Portal/Fileplan/DownloadFile?documentUri=8528512",
"30104085","48004","ปืนพกรีวอลเวอร์ ""สมิทแอนด์เวสสัน "" ลำกล้อง 4 นิ้ว","BES8211","กท.3307165","81/2536","2/3/1993","อัพโหลดแล้ว","สภอ./ศขก.","https://botshare.bot.or.th/BOTDRM_Portal/Fileplan/DownloadFile?documentUri=10508098","สภาพพร้อมใช้งาน","Thanakrit Pitchayarittikrai (ธนกฤต พิชญฤทธิไกร)",,,,"ตรวจแล้ว","https://botdrm2-wb-p/BOTDRM_Portal/Fileplan/DownloadFile?documentUri=8528523",
"30104086","48004","ปืนพกรีวอลเวอร์ ""สมิทแอนด์เวสสัน "" ลำกล้อง 4 นิ้ว","BES8345","กท.3307175","82/2536","2/3/1993","อัพโหลดแล้ว","สภอ./ศขก.","https://botshare.bot.or.th/BOTDRM_Portal/Fileplan/DownloadFile?documentUri=10492829","สภาพพร้อมใช้งาน","Thanakrit Pitchayarittikrai (ธนกฤต พิชญฤทธิไกร)",,,,"ตรวจแล้ว","https://botdrm2-wb-p/BOTDRM_Portal/Fileplan/DownloadFile?documentUri=8528398",
"30104083","48004","ปืนพกรีวอลเวอร์ ""สมิทแอนด์เวสสัน "" ลำกล้อง 4 นิ้ว","BES8457","กท.3307183","79/2536","2/3/1993","อัพโหลดแล้ว","สภอ./ศขก.","https://botshare.bot.or.th/BOTDRM_Portal/Fileplan/DownloadFile?documentUri=10508091","สภาพพร้อมใช้งาน","Thanakrit Pitchayarittikrai (ธนกฤต พิชญฤทธิไกร)",,,,"ตรวจแล้ว","https://botdrm2-wb-p/BOTDRM_Portal/Fileplan/DownloadFile?documentUri=8528445",
"30104084","48004","ปืนพกรีวอลเวอร์ ""สมิทแอนด์เวสสัน "" ลำกล้อง 4 นิ้ว","BES8514","กท.3307186","80/2536","2/3/1993","อัพโหลดแล้ว","สภอ./ศขก.","https://botshare.bot.or.th/BOTDRM_Portal/Fileplan/DownloadFile?documentUri=10508092","สภาพพร้อมใช้งาน","Thanakrit Pitchayarittikrai (ธนกฤต พิชญฤทธิไกร)",,,,"ตรวจแล้ว","https://botdrm2-wb-p/BOTDRM_Portal/Fileplan/DownloadFile?documentUri=8529498",
"30104073","48004","ปืนพกรีวอลเวอร์ ""สมิทแอนด์เวสสัน "" ลำกล้อง 4 นิ้ว","AUF4067","ชน.4/8921","95/2530","8/28/1987","สภอ. ฝากเก็บ สนญ. 5 ก.พ.67","ศอก.","https://botdrm2-wb-p/BOTDRM_Portal/Fileplan/DownloadFile?documentUri=8529499","สภาพพร้อมใช้งาน","Thanakrit Pitchayarittikrai (ธนกฤต พิชญฤทธิไกร)",,,,"ตรวจแล้ว","https://botdrm2-wb-p/BOTDRM_Portal/Fileplan/DownloadFile?documentUri=8529500",
"30104074","48004","ปืนพกรีวอลเวอร์ ""สมิทแอนด์เวสสัน "" ลำกล้อง 4 นิ้ว","AUF1157","ชน.4/8922","96/2530","8/28/1987","สภอ ฝากก็บ สนญ วันที่ 1 พ.ย.67","ศอก.","https://botshare.bot.or.th/BOTDRM_Portal/Fileplan/DownloadFile?documentUri=10508097","สภาพพร้อมใช้งาน","Thanakrit Pitchayarittikrai (ธนกฤต พิชญฤทธิไกร)",,,,"ตรวจแล้ว","https://botdrm2-wb-p/BOTDRM_Portal/Fileplan/DownloadFile?documentUri=8530002",
"30104075","48004","ปืนพกรีวอลเวอร์ ""สมิทแอนด์เวสสัน "" ลำกล้อง 4 นิ้ว","AUH4311","ชน.4/8923","97/2530","8/28/1987","สภอ ฝากก็บ สนญ วันที่ 1 พ.ย.67 ทะเบียน ป.4 ไม่ตรงกับตัวปืน เลขหมายประจำปืนผิด ในใบ ป.4 ลงว่า AUS4311  ตรวจสอบที่ตัวปืนที่ถูกต้องคือ AUH4311  แจ้ง จนท.ทะเบียนปืน อ.เมืองขอนแก่น วันที่ 21 มี.ค.65 คุณราชฤทธิ์  ( โทร 0836604375) แก้ไขในระบบฐานข้อมูล กรมการปกครองแล้ว 
(อัพโหลดแล้ว)","ศอก.","https://botshare.bot.or.th/BOTDRM_Portal/Fileplan/DownloadFile?documentUri=10508099","สภาพพร้อมใช้งาน","Thanakrit Pitchayarittikrai (ธนกฤต พิชญฤทธิไกร)",,,,"ตรวจแล้ว","https://botdrm2-wb-p/BOTDRM_Portal/Fileplan/DownloadFile?documentUri=8530004",
"30104081","48004","ปืนพกรีวอลเวอร์ ""สมิทแอนด์เวสสัน "" ลำกล้อง 4 นิ้ว","BDE3802","กท.3204135","21/2533","1/24/1990","สภอ ฝากก็บ สนญ วันที่ 1 พ.ย.67","ศอก.","https://botshare.bot.or.th/BOTDRM_Portal/Fileplan/DownloadFile?documentUri=10508100","สภาพพร้อมใช้งาน","Thanakrit Pitchayarittikrai (ธนกฤต พิชญฤทธิไกร)",,,,"ตรวจแล้ว","https://botdrm2-wb-p/BOTDRM_Portal/Fileplan/DownloadFile?documentUri=8530008",
"30104082","48004","ปืนพกรีวอลเวอร์ ""สมิทแอนด์เวสสัน "" ลำกล้อง 4 นิ้ว","BES8224","กท.3307166","78/2536","2/3/1993","ใบ ป.4 กท 3307166 อันเดิมเขียน 3007166 เร๊าะมัน แก้ไขแล้ว (อัพโหลดแล้ว)","สภอ./ศขก.","https://botshare.bot.or.th/BOTDRM_Portal/Fileplan/DownloadFile?documentUri=10508090","สภาพพร้อมใช้งาน","Thanakrit Pitchayarittikrai (ธนกฤต พิชญฤทธิไกร)",,,,"ตรวจแล้ว","https://botdrm2-wb-p/BOTDRM_Portal/Fileplan/DownloadFile?documentUri=8530010",
"30104087","48004","ปืนพกรีวอลเวอร์ ""สมิทแอนด์เวสสัน "" ลำกล้อง 4 นิ้ว","BES8474","กท.3307185","83/2536","2/3/1993","สภอ. ฝากเก็บคลังเก็บอาวุธ ทญศ. วันที่ 7 ต.ค. 68","ศอก.","https://botshare.bot.or.th/BOTDRM_Portal/Fileplan/DownloadFile?documentUri=10492830","สภาพพร้อมใช้งาน","Thanakrit Pitchayarittikrai (ธนกฤต พิชญฤทธิไกร)",,,,"ตรวจแล้ว","https://botdrm2-wb-p/BOTDRM_Portal/Fileplan/DownloadFile?documentUri=8530012",
"30104077","48004","ปืนพกสั้น รีวอลเวอร์ขนาด .38 มม.","AUW3868","ชน.4/8925","99/2530","8/28/1987","สภอ. ฝากเก็บตู้เก็บอาวุธปืน ทญศ.","ศอก.","https://botdrm2-wb-p/BOTDRM_Portal/Fileplan/DownloadFile?documentUri=8467551","สภาพพร้อมใช้งาน","Thanakrit Pitchayarittikrai (ธนกฤต พิชญฤทธิไกร)",,,,"ตรวจแล้ว","https://botdrm2-wb-p/BOTDRM_Portal/Fileplan/DownloadFile?documentUri=8541053",
"30104071","48004","ปืนพกรีวอลเวอร์ ""สมิทแอนด์เวสสัน "" ลำกล้อง 4 นิ้ว","D36687","กท.605852","42/2512","3/11/1969","สภอ. ฝากเก็บ สนญ.วันที่ 5 ก.พ.67","ศอก.","https://botdrm2-wb-p/BOTDRM_Portal/Fileplan/DownloadFile?documentUri=8529976","สภาพพร้อมใช้งาน","Thanakrit Pitchayarittikrai (ธนกฤต พิชญฤทธิไกร)",,,,"ตรวจแล้ว","https://botdrm2-wb-p/BOTDRM_Portal/Fileplan/DownloadFile?documentUri=8529977",
"30139005","48001","ปืนลูกซองเดี่ยว ""Remington""  ลำกล้อง 20 นิ้ว","1242687 V","กท.620914","400","10/22/1968","ส่งคืนคลังพัสดุหมุนเวียน ทีมสินทรัพย์ถาวร ตามเมลอนุมัติ ผอ.ฝรภ. และ ผอ.ฝจอ.นบอ. ลงวันที่ 24 มิ.ย. 67(ปืน ทอศ.)","ฝจอ. (ฝากเก็บ ศอก.)","https://botdrm2-wb-p/BOTDRM_Portal/Category/DownloadFileOnly?documentUri=8091356","สภาพไม่พร้อมใช้งาน","Thanakrit Pitchayarittikrai (ธนกฤต พิชญฤทธิไกร)",,,"กระโจมปืนด้านขวาแตก","ตรวจแล้ว","https://botdrm2-wb-p/BOTDRM_Portal/Category/DownloadFileOnly?documentUri=8480373",
"30139006","48001","ปืนลูกซองเดี่ยว ""Remington""  ลำกล้อง 20 นิ้ว","1249436 V","กท.620923","401","10/22/1968","รับโอนครุภัณฑ์มาเป็นของ ฝรภ. วันที่ 20 มีนาคม 2567 เปลี่ยนรหัสครุภันฑ์จาก 3008746 เป็น 30139006","ทอศ.","https://botdrm2-wb-p/BOTDRM_Portal/Fileplan/DownloadFile?documentUri=8091358 ","สภาพพร้อมใช้งาน","Thanakrit Pitchayarittikrai (ธนกฤต พิชญฤทธิไกร)",,,,"ตรวจแล้ว","https://botdrm2-wb-p/BOTDRM_Portal/Category/DownloadFileOnly?documentUri=8480361",
"30139007","48001","ปืนลูกซองเดี่ยว ""Remington""  ลำกล้อง 20 นิ้ว","1248759 V","กท.620931","402","10/22/1968","รับโอนครุภัณฑ์มาเป็นของ ฝรภ. วันที่ 20 มีนาคม 2567 เปลี่ยนรหัสครุภันฑ์จาก 3008747 เป็น 30139007","ทอศ."," https://botdrm2-wb-p/BOTDRM_Portal/Fileplan/DownloadFile?documentUri=8091362 ","สภาพพร้อมใช้งาน","Thanakrit Pitchayarittikrai (ธนกฤต พิชญฤทธิไกร)",,,,"ตรวจแล้ว","https://botdrm2-wb-p/BOTDRM_Portal/Category/DownloadFileOnly?documentUri=8480345",
"30139008","48001","ปืนลูกซองเดี่ยว ""Remington""  ลำกล้อง 20 นิ้ว","1249435 V","กท.620929","403","10/22/1968","ส่งคืนคลังพัสดุหมุนเวียน ทีมสินทรัพย์ถาวร ตามเมลอนุมัติ ผอ.ฝรภ. และ ผอ.ฝจอ.นบอ. ลงวันที่ 24 มิ.ย. 67(ปืน ทอศ.)","ฝจอ. (ฝากเก็บ ศอก.)"," https://botdrm2-wb-p/BOTDRM_Portal/Fileplan/DownloadFile?documentUri=8091357 ","สภาพไม่พร้อมใช้งาน","Thanakrit Pitchayarittikrai (ธนกฤต พิชญฤทธิไกร)",,,"ศูนย์หน้าสึกหรอ","ตรวจแล้ว","https://botdrm2-wb-p/BOTDRM_Portal/Category/DownloadFileOnly?documentUri=8480294",
"30139009","48001","ปืนลูกซองเดี่ยว ""Remington""  ลำกล้อง 20 นิ้ว","1247734 V","กท.620918","404","10/22/1968","รับโอนครุภัณฑ์มาเป็นของ ฝรภ. วันที่ 20 มีนาคม 2567 เปลี่ยนรหัสครุภันฑ์จาก 3008749 เป็น 30139009","ทอศ."," https://botdrm2-wb-p/BOTDRM_Portal/Fileplan/DownloadFile?documentUri=8091355 ","สภาพพร้อมใช้งาน","Thanakrit Pitchayarittikrai (ธนกฤต พิชญฤทธิไกร)",,,,"ตรวจแล้ว","https://botdrm2-wb-p/BOTDRM_Portal/Category/DownloadFileOnly?documentUri=8479912",
"30139010","48001","ปืนลูกซองเดี่ยว ""Remington""  ลำกล้อง 20 นิ้ว","1243710 V","กท.620925","405","10/22/1968","ส่งคืนคลังพัสดุหมุนเวียน ทีมสินทรัพย์ถาวร ตามเมลอนุมัติ ผอ.ฝรภ. และ ผอ.ฝจอ.นบอ. ลงวันที่ 24 มิ.ย. 67(ปืน ทอศ.)","ฝจอ. (ฝากเก็บ ศอก.)"," https://botdrm2-wb-p/BOTDRM_Portal/Fileplan/DownloadFile?documentUri=8091354 ","สภาพไม่พร้อมใช้งาน","Thanakrit Pitchayarittikrai (ธนกฤต พิชญฤทธิไกร)",,,"กระโจมด้านขวาแตก ศูนย์หน้าบิ่น","ตรวจแล้ว","https://botdrm2-wb-p/BOTDRM_Portal/Category/DownloadFileOnly?documentUri=8479967",
"30139011","48001","ปืนลูกซองเดี่ยว ""Remington""  ลำกล้อง 20 นิ้ว","1248751 V","กท.620906","406","10/22/1968","รับโอนครุภัณฑ์มาเป็นของ ฝรภ. วันที่ 20 มีนาคม 2567 เปลี่ยนรหัสครุภันฑ์จาก 3008751 เป็น 30139011","ทอศ."," https://botdrm2-wb-p/BOTDRM_Portal/Fileplan/DownloadFile?documentUri=8091352 ","สภาพไม่พร้อมใช้งาน","Supanut Khlanghirun (ศุภณัฐ คลังหิรัญ)",,,"สไลด์ปืนแล้วไม่คัดปลอกกระสุน (จากการฝึกทบทวนการใช้อาวุธและความปลอดภัยในการใช้อาวุธ ประจำปี 2566 เมื่อวันที่ 23 มิถุนายน 2566 สถานะรอส่งซ่อม)","ตรวจแล้ว","https://botdrm2-wb-p/BOTDRM_Portal/Category/DownloadFileOnly?documentUri=8480280",
"30139012","48001","ปืนลูกซองเดี่ยว ""Remington""  ลำกล้อง 20 นิ้ว","1249483 V","กท.620919","407","10/22/1968","รับโอนครุภัณฑ์มาเป็นของ ฝรภ. วันที่ 20 มีนาคม 2567 เปลี่ยนรหัสครุภันฑ์จาก 3008752 เป็น 30139012","ทอศ.","https://botdrm2-wb-p/BOTDRM_Portal/Category/DownloadFileOnly?documentUri=8091353","สภาพไม่พร้อมใช้งาน","Supanut Khlanghirun (ศุภณัฐ คลังหิรัญ)",,,"เข็มแทงชนวนหัก (จากการฝึกทบทวนการใช้อาวุธและความปลอดภัยในการใช้อาวุธ ประจำปี 2566 เมื่อวันที่ 23 มิถุนายน 2566 สถานะรอส่งซ่อม)","ตรวจแล้ว","https://botdrm2-wb-p/BOTDRM_Portal/Category/DownloadFileOnly?documentUri=8480289",
"30139013","48001","ปืนลูกซองเดี่ยว ""Remington""  ลำกล้อง 20 นิ้ว","V 528583 V","กท.2361019","3991/2524","6/3/1981","รับโอนครุภัณฑ์มาเป็นของ ฝรภ. วันที่ 20 มีนาคม 2567 เปลี่ยนรหัสครุภันฑ์จาก 3008753 เป็น 30139013","ทอศ."," https://botdrm2-wb-p/BOTDRM_Portal/Fileplan/DownloadFile?documentUri=8091365 ","สภาพพร้อมใช้งาน","Thanakrit Pitchayarittikrai (ธนกฤต พิชญฤทธิไกร)",,,,"ตรวจแล้ว","https://botdrm2-wb-p/BOTDRM_Portal/Category/DownloadFileOnly?documentUri=8480354",
"30139014","48001","ปืนลูกซองเดี่ยว ""Remington""  ลำกล้อง 20 นิ้ว","V 528698 V","กท.2361020","3992/2524","6/3/1981","รับโอนครุภัณฑ์มาเป็นของ ฝรภ. วันที่ 20 มีนาคม 2567 เปลี่ยนรหัสครุภันฑ์จาก 3008754 เป็น 30139014","ทอศ."," https://botdrm2-wb-p/BOTDRM_Portal/Fileplan/DownloadFile?documentUri=8091363 ","สภาพพร้อมใช้งาน","Thanakrit Pitchayarittikrai (ธนกฤต พิชญฤทธิไกร)",,,,"ตรวจแล้ว","https://botdrm2-wb-p/BOTDRM_Portal/Category/DownloadFileOnly?documentUri=8479963",
"30139015","48001","ปืนลูกซองเดี่ยว ""Remington""  ลำกล้อง 20 นิ้ว","V 528593 V","กท.2361021","3993/2524","6/3/1981","รับโอนครุภัณฑ์มาเป็นของ ฝรภ. วันที่ 20 มีนาคม 2567 เปลี่ยนรหัสครุภันฑ์จาก 3008755 เป็น 30139015","ทอศ."," https://botdrm2-wb-p/BOTDRM_Portal/Fileplan/DownloadFile?documentUri=8091364 ","สภาพไม่พร้อมใช้งาน","Supanut Khlanghirun (ศุภณัฐ คลังหิรัญ)",,,"สลักหลวมไม่พร้อมใช้งาน (จากการฝึกทบทวนการใช้อาวุธและความปลอดภัยในการใช้อาวุธ ประจำปี 2568 เมื่อวันที่ 2 กรกฎาคม 2568 สถานะรอส่งซ่อม)","ตรวจแล้ว","https://botdrm2-wb-p/BOTDRM_Portal/Category/DownloadFileOnly?documentUri=8480339",
"30139016","48001","ปืนพกรีวอลเวอร์ ""สมิทแอนด์เวสสัน "" ลำกล้อง 4 นิ้ว","AZF 5790","กท.3103563","1816/2531","6/1/1988","รับโอนครุภัณฑ์มาเป็นของ ฝรภ. วันที่ 20 มีนาคม 2567 เปลี่ยนรหัสครุภันฑ์จาก 30011495 เป็น 30139016","ทอศ.","https://botdrm2-wb-p/BOTDRM_Portal/Fileplan/DownloadFile?documentUri=8091335 ","สภาพพร้อมใช้งาน","Thanakrit Pitchayarittikrai (ธนกฤต พิชญฤทธิไกร)",,,,"ตรวจแล้ว","https://botdrm2-wb-p/BOTDRM_Portal/Category/DownloadFileOnly?documentUri=8480477",
"30139017","48001","ปืนพกรีวอลเวอร์ ""สมิทแอนด์เวสสัน "" ลำกล้อง 4 นิ้ว","D446932","กท.833469","11060/2516","11/8/1973","รับโอนครุภัณฑ์มาเป็นของ ฝรภ. วันที่ 20 มีนาคม 2567 เปลี่ยนรหัสครุภันฑ์จาก 30011496 เป็น 30139017","ทอศ."," https://botdrm2-wb-p/BOTDRM_Portal/Fileplan/DownloadFile?documentUri=8091331 ","สภาพพร้อมใช้งาน","Thanakrit Pitchayarittikrai (ธนกฤต พิชญฤทธิไกร)",,,,"ตรวจแล้ว","https://botdrm2-wb-p/BOTDRM_Portal/Category/DownloadFileOnly?documentUri=8483019",
"30139018","48001","ปืนพกรีวอลเวอร์ ""สมิทแอนด์เวสสัน "" ลำกล้อง 4 นิ้ว","BJA 0821","กท.3513991","**0092/2535 โดยนายอำนวย ลิ้มตระกูล","9/7/1992","รับโอนครุภัณฑ์มาเป็นของ ฝรภ. วันที่ 20 มีนาคม 2567 เปลี่ยนรหัสครุภันฑ์จาก 30011497 เป็น 30139018","ทอศ."," https://botdrm2-wb-p/BOTDRM_Portal/Fileplan/DownloadFile?documentUri=8091348 ","สภาพพร้อมใช้งาน","Thanakrit Pitchayarittikrai (ธนกฤต พิชญฤทธิไกร)",,,,"ตรวจแล้ว","https://botdrm2-wb-p/BOTDRM_Portal/Category/DownloadFileOnly?documentUri=8482744",
"30139019","48001","ปืนพกรีวอลเวอร์ ""สมิทแอนด์เวสสัน "" ลำกล้อง 4 นิ้ว","D390654","กท.833459","11057/2516 โดยนายจำรัส แตงน้อย","11/8/1973","ส่งคืนคลังพัสดุหมุนเวียน ทีมสินทรัพย์ถาวร ตามเมลอนุมัติ ผอ.ฝรภ. และ ผอ.ฝจอ.นบอ. ลงวันที่ 24 มิ.ย. 67(ปืน ทอศ.)","ฝจอ. (ฝากเก็บ ศอก.)"," https://botdrm2-wb-p/BOTDRM_Portal/Fileplan/DownloadFile?documentUri=8091325 ","สภาพไม่พร้อมใช้งาน","Thanakrit Pitchayarittikrai (ธนกฤต พิชญฤทธิไกร)",,,"สับกระสุนไม่แตก","ตรวจแล้ว","https://botdrm2-wb-p/BOTDRM_Portal/Category/DownloadFileOnly?documentUri=8483023",
"30138976","48001","ปืนพกรีวอลเวอร์ ""สมิทแอนด์เวสสัน "" ลำกล้อง 4 นิ้ว","AZF 3321","กท.3103564","1817/2531","6/1/1988","รับโอนครุภัณฑ์มาเป็นของ ฝรภ. วันที่ 20 มีนาคม 2567 เปลี่ยนรหัสครุภันฑ์จาก 3008716 เป็น 30138976","ทอศ."," https://botdrm2-wb-p/BOTDRM_Portal/Fileplan/DownloadFile?documentUri=8091341 ","สภาพพร้อมใช้งาน","Thanakrit Pitchayarittikrai (ธนกฤต พิชญฤทธิไกร)",,,,"ตรวจแล้ว","https://botdrm2-wb-p/BOTDRM_Portal/Category/DownloadFileOnly?documentUri=8483405",
"30138977","48001","ปืนพกรีวอลเวอร์ ""สมิทแอนด์เวสสัน "" ลำกล้อง 4 นิ้ว","ACW 5710","กท.2701503","2086/2527","3/30/1984","รับโอนครุภัณฑ์มาเป็นของ ฝรภ. วันที่ 20 มีนาคม 2567 เปลี่ยนรหัสครุภันฑ์จาก 3008717 เป็น 30138977","ทอศ."," https://botdrm2-wb-p/BOTDRM_Portal/Fileplan/DownloadFile?documentUri=8091339 ","สภาพพร้อมใช้งาน","Thanakrit Pitchayarittikrai (ธนกฤต พิชญฤทธิไกร)",,,,"ตรวจแล้ว","https://botdrm2-wb-p/BOTDRM_Portal/Category/DownloadFileOnly?documentUri=8480476",
"30138978","48001","ปืนพกรีวอลเวอร์ ""สมิทแอนด์เวสสัน "" ลำกล้อง 4 นิ้ว","BDF 7974","กท.3204139","4067/2532","10/3/1989","รับโอนครุภัณฑ์มาเป็นของ ฝรภ. วันที่ 20 มีนาคม 2567 เปลี่ยนรหัสครุภันฑ์จาก 3008718 เป็น 30138978","ทอศ."," https://botdrm2-wb-p/BOTDRM_Portal/Fileplan/DownloadFile?documentUri=8091347 ","สภาพพร้อมใช้งาน","Thanakrit Pitchayarittikrai (ธนกฤต พิชญฤทธิไกร)",,,,"ตรวจแล้ว","https://botdrm2-wb-p/BOTDRM_Portal/Category/DownloadFileOnly?documentUri=8482674",
"30138979","48001","ปืนพกรีวอลเวอร์ ""สมิทแอนด์เวสสัน "" ลำกล้อง 4 นิ้ว","D34329","กท.602847","350","10/15/1968","ส่งคืนคลังพัสดุหมุนเวียน ทีมสินทรัพย์ถาวร ตามเมลอนุมัติ ผอ.ฝรภ. และ ผอ.ฝจอ.นบอ. ลงวันที่ 24 มิ.ย. 67(ปืน ทอศ.)","ฝจอ. (ฝากเก็บ ศอก.)","  https://botdrm2-wb-p/BOTDRM_Portal/Fileplan/DownloadFile?documentUri=8091330 ","สภาพไม่พร้อมใช้งาน","Thanakrit Pitchayarittikrai (ธนกฤต พิชญฤทธิไกร)",,,"สับกระสุนไม่แตก","ตรวจแล้ว","https://botdrm2-wb-p/BOTDRM_Portal/Category/DownloadFileOnly?documentUri=8483095",
"30138980","48001","ปืนพกรีวอลเวอร์ ""สมิทแอนด์เวสสัน "" ลำกล้อง 4 นิ้ว","D17518","กท.604050","351","10/15/1968","ส่งคืนคลังพัสดุหมุนเวียน ทีมสินทรัพย์ถาวร ตามเมลอนุมัติ ผอ.ฝรภ. และ ผอ.ฝจอ.นบอ. ลงวันที่ 24 มิ.ย. 67(ปืน ทอศ.)","ฝจอ. (ฝากเก็บ ศอก.)"," https://botdrm2-wb-p/BOTDRM_Portal/Fileplan/DownloadFile?documentUri=8091321 ","สภาพไม่พร้อมใช้งาน","Thanakrit Pitchayarittikrai (ธนกฤต พิชญฤทธิไกร)",,,"โม่ปืนฝืด หมุนไม่ปกติ","ตรวจแล้ว","https://botdrm2-wb-p/BOTDRM_Portal/Category/DownloadFileOnly?documentUri=8482945",
"30138981","48001","ปืนพกรีวอลเวอร์ ""สมิทแอนด์เวสสัน "" ลำกล้อง 4 นิ้ว","D35835","กท.605883","353","10/15/1968","รับโอนครุภัณฑ์มาเป็นของ ฝรภ. วันที่ 20 มีนาคม 2567 เปลี่ยนรหัสครุภันฑ์จาก 3008721 เป็น 30138981","ทอศ."," https://botdrm2-wb-p/BOTDRM_Portal/Fileplan/DownloadFile?documentUri=8091328 ","สภาพพร้อมใช้งาน","Thanakrit Pitchayarittikrai (ธนกฤต พิชญฤทธิไกร)",,,,"ตรวจแล้ว","https://botdrm2-wb-p/BOTDRM_Portal/Category/DownloadFileOnly?documentUri=8483414",
"30138982","48001","ปืนพกรีวอลเวอร์ ""สมิทแอนด์เวสสัน "" ลำกล้อง 4 นิ้ว","D35805","กท.605879","352","10/15/1968","ส่งคืนคลังพัสดุหมุนเวียน ทีมสินทรัพย์ถาวร ตามเมลอนุมัติ ผอ.ฝรภ. และ ผอ.ฝจอ.นบอ. ลงวันที่ 24 มิ.ย. 67(ปืน ทอศ.)","ฝจอ. (ฝากเก็บ ศอก.)","https://botdrm2-wb-p/BOTDRM_Portal/Fileplan/DownloadFile?documentUri=8091329 ","สภาพไม่พร้อมใช้งาน","Thanakrit Pitchayarittikrai (ธนกฤต พิชญฤทธิไกร)",,,"สับกระสุนไม่แตก","ตรวจแล้ว","https://botdrm2-wb-p/BOTDRM_Portal/Category/DownloadFileOnly?documentUri=8483413",
"30138983","48001","ปืนพกรีวอลเวอร์ ""สมิทแอนด์เวสสัน "" ลำกล้อง 4 นิ้ว","D35769","กท.618852","356","10/15/1968","รับโอนครุภัณฑ์มาเป็นของ ฝรภ. วันที่ 20 มีนาคม 2567 เปลี่ยนรหัสครุภันฑ์จาก 3008723 เป็น 30138983","ทอศ."," https://botdrm2-wb-p/BOTDRM_Portal/Fileplan/DownloadFile?documentUri=8091322 ","สภาพพร้อมใช้งาน","Thanakrit Pitchayarittikrai (ธนกฤต พิชญฤทธิไกร)",,,,"ตรวจแล้ว","https://botdrm2-wb-p/BOTDRM_Portal/Category/DownloadFileOnly?documentUri=8483470",
"30138984","48001","ปืนพกรีวอลเวอร์ ""สมิทแอนด์เวสสัน "" ลำกล้อง 4 นิ้ว","D36760","กท.618861","357","10/15/1968","รับโอนครุภัณฑ์มาเป็นของ ฝรภ. วันที่ 20 มีนาคม 2567 เปลี่ยนรหัสครุภันฑ์จาก 3008724 เป็น 30138984","ทอศ.","https://botdrm2-wb-p/BOTDRM_Portal/Fileplan/DownloadFile?documentUri=8091324 ","สภาพพร้อมใช้งาน","Thanakrit Pitchayarittikrai (ธนกฤต พิชญฤทธิไกร)",,,,"ตรวจแล้ว","https://botdrm2-wb-p/BOTDRM_Portal/Category/DownloadFileOnly?documentUri=8483438",
"30138985","48001","ปืนพกรีวอลเวอร์ ""สมิทแอนด์เวสสัน "" ลำกล้อง 4 นิ้ว","D35771","กท.618846","355","10/15/1968","รับโอนครุภัณฑ์มาเป็นของ ฝรภ. วันที่ 20 มีนาคม 2567 เปลี่ยนรหัสครุภันฑ์จาก 3008725 เป็น 30138985","ทอศ."," https://botdrm2-wb-p/BOTDRM_Portal/Fileplan/DownloadFile?documentUri=8091326 ","สภาพพร้อมใช้งาน","Thanakrit Pitchayarittikrai (ธนกฤต พิชญฤทธิไกร)",,,,"ตรวจแล้ว","https://botdrm2-wb-p/BOTDRM_Portal/Category/DownloadFileOnly?documentUri=8482991",
"30138986","48001","ปืนพกรีวอลเวอร์ ""สมิทแอนด์เวสสัน "" ลำกล้อง 4 นิ้ว","D38789","กท.618857","354","10/15/1968","รับโอนครุภัณฑ์มาเป็นของ ฝรภ. วันที่ 20 มีนาคม 2567 เปลี่ยนรหัสครุภันฑ์จาก 3008726 เป็น 30138986","ทอศ.","https://botdrm2-wb-p/BOTDRM_Portal/Fileplan/DownloadFile?documentUri=8091323 ","สภาพพร้อมใช้งาน","Thanakrit Pitchayarittikrai (ธนกฤต พิชญฤทธิไกร)",,,,"ตรวจแล้ว","https://botdrm2-wb-p/BOTDRM_Portal/Category/DownloadFileOnly?documentUri=8480478",
"30138987","48001","ปืนพกรีวอลเวอร์ ""สมิทแอนด์เวสสัน "" ลำกล้อง 4 นิ้ว","5D 94952","กท.2320539","3994/2524","6/3/1981","ส่งคืนคลังพัสดุหมุนเวียน ทีมสินทรัพย์ถาวร ตามเมลอนุมัติ ผอ.ฝรภ. และ ผอ.ฝจอ.นบอ. ลงวันที่ 24 มิ.ย. 67(ปืน ทอศ.)","ฝจอ. (ฝากเก็บ ศอก.)"," https://botdrm2-wb-p/BOTDRM_Portal/Fileplan/DownloadFile?documentUri=8091340 ","สภาพไม่พร้อมใช้งาน","Thanakrit Pitchayarittikrai (ธนกฤต พิชญฤทธิไกร)",,,"สับกระสุนไม่แตก","ตรวจแล้ว","https://botdrm2-wb-p/BOTDRM_Portal/Category/DownloadFileOnly?documentUri=8483046",
"30138988","48001","ปืนพกรีวอลเวอร์ ""สมิทแอนด์เวสสัน "" ลำกล้อง 4 นิ้ว","5D 94810","กท.2320541","3995/2524","6/3/1981","รับโอนครุภัณฑ์มาเป็นของ ฝรภ. วันที่ 20 มีนาคม 2567 เปลี่ยนรหัสครุภันฑ์จาก 3008728 เป็น 30138988","ทอศ."," https://botdrm2-wb-p/BOTDRM_Portal/Fileplan/DownloadFile?documentUri=8091327 ","สภาพพร้อมใช้งาน","Thanakrit Pitchayarittikrai (ธนกฤต พิชญฤทธิไกร)",,,,"ตรวจแล้ว","https://botdrm2-wb-p/BOTDRM_Portal/Category/DownloadFileOnly?documentUri=8483011",
"30138989","48001","ปืนพกรีวอลเวอร์ ""สมิทแอนด์เวสสัน "" ลำกล้อง 4 นิ้ว","5D94021","กท.2320547","3996/2524","6/3/1981","รับโอนครุภัณฑ์มาเป็นของ ฝรภ. วันที่ 20 มีนาคม 2567 เปลี่ยนรหัสครุภันฑ์จาก 3008729 เป็น 30138989","ทอศ."," https://botdrm2-wb-p/BOTDRM_Portal/Fileplan/DownloadFile?documentUri=8091338 ","สภาพพร้อมใช้งาน","Thanakrit Pitchayarittikrai (ธนกฤต พิชญฤทธิไกร)",,,,"ตรวจแล้ว","https://botdrm2-wb-p/BOTDRM_Portal/Category/DownloadFileOnly?documentUri=8482701",
"30138990","48001","ปืนพกรีวอลเวอร์ ""สมิทแอนด์เวสสัน "" ลำกล้อง 4 นิ้ว","5D 94282","กท.2320549","3997/2524","6/3/1981","รับโอนครุภัณฑ์มาเป็นของ ฝรภ. วันที่ 20 มีนาคม 2567 เปลี่ยนรหัสครุภันฑ์จาก 3008730 เป็น 30138990","ทอศ."," https://botdrm2-wb-p/BOTDRM_Portal/Fileplan/DownloadFile?documentUri=8091337 ","สภาพพร้อมใช้งาน","Thanakrit Pitchayarittikrai (ธนกฤต พิชญฤทธิไกร)",,,,"ตรวจแล้ว","https://botdrm2-wb-p/BOTDRM_Portal/Category/DownloadFileOnly?documentUri=8482733",
"30138991","48001","ปืนพกรีวอลเวอร์ ""สมิทแอนด์เวสสัน "" ลำกล้อง 4 นิ้ว","ADU 9948","กท.2803500","2081/2529","6/18/1986","รับโอนครุภัณฑ์มาเป็นของ ฝรภ. วันที่ 20 มีนาคม 2567 เปลี่ยนรหัสครุภันฑ์จาก 3008731 เป็น 30138991","ทอศ.","https://botdrm2-wb-p/BOTDRM_Portal/Fileplan/DownloadFile?documentUri=8091334 ","สภาพพร้อมใช้งาน","Thanakrit Pitchayarittikrai (ธนกฤต พิชญฤทธิไกร)",,,,"ตรวจแล้ว","https://botdrm2-wb-p/BOTDRM_Portal/Category/DownloadFileOnly?documentUri=8483050",
"30138992","48001","ปืนพกรีวอลเวอร์ ""สมิทแอนด์เวสสัน "" ลำกล้อง 4 นิ้ว","ADL 0018","กท.2803492","2084/2529","6/18/1986","รับโอนครุภัณฑ์มาเป็นของ ฝรภ. วันที่ 20 มีนาคม 2567 เปลี่ยนรหัสครุภันฑ์จาก 3008732 เป็น 30138992","ทอศ."," https://botdrm2-wb-p/BOTDRM_Portal/Fileplan/DownloadFile?documentUri=8091332 ","สภาพพร้อมใช้งาน","Thanakrit Pitchayarittikrai (ธนกฤต พิชญฤทธิไกร)",,,,"ตรวจแล้ว","https://botdrm2-wb-p/BOTDRM_Portal/Category/DownloadFileOnly?documentUri=8483449",
"30138993","48001","ปืนพกรีวอลเวอร์ ""สมิทแอนด์เวสสัน "" ลำกล้อง 4 นิ้ว","268K197","กท.2803494","2085/2529","6/18/1986","รับโอนครุภัณฑ์มาเป็นของ ฝรภ. วันที่ 20 มีนาคม 2567 เปลี่ยนรหัสครุภันฑ์จาก 3008733 เป็น 30138993","ทอศ."," https://botdrm2-wb-p/BOTDRM_Portal/Fileplan/DownloadFile?documentUri=8091333 ","สภาพพร้อมใช้งาน","Thanakrit Pitchayarittikrai (ธนกฤต พิชญฤทธิไกร)",,,,"ตรวจแล้ว","https://botdrm2-wb-p/BOTDRM_Portal/Category/DownloadFileOnly?documentUri=8483066",
"30138994","48001","ปืนพกรีวอลเวอร์ ""สมิทแอนด์เวสสัน "" ลำกล้อง 4 นิ้ว","ABA 5901","กท.2701509","2087/2527","3/30/1984","รับโอนครุภัณฑ์มาเป็นของ ฝรภ. วันที่ 20 มีนาคม 2567 เปลี่ยนรหัสครุภันฑ์จาก 3008734 เป็น 30138994","ทอศ."," https://botdrm2-wb-p/BOTDRM_Portal/Fileplan/DownloadFile?documentUri=8091336 ","สภาพพร้อมใช้งาน","Thanakrit Pitchayarittikrai (ธนกฤต พิชญฤทธิไกร)",,,,"ตรวจแล้ว","https://botdrm2-wb-p/BOTDRM_Portal/Category/DownloadFileOnly?documentUri=8483409",
"30138995","48001","ปืนพกรีวอลเวอร์ ""สมิทแอนด์เวสสัน "" ลำกล้อง 4 นิ้ว","BDE 3796","กท.3204141","4068/2532 โดยนายประพาพิมพ์ ศกุนตภัย","10/31/1989","รับโอนครุภัณฑ์มาเป็นของ ฝรภ. วันที่ 20 มีนาคม 2567 เปลี่ยนรหัสครุภันฑ์จาก 3008735 เป็น 30138995","ทอศ."," https://botdrm2-wb-p/BOTDRM_Portal/Fileplan/DownloadFile?documentUri=8091349 ","สภาพพร้อมใช้งาน","Thanakrit Pitchayarittikrai (ธนกฤต พิชญฤทธิไกร)",,,,"ตรวจแล้ว","https://botdrm2-wb-p/BOTDRM_Portal/Category/DownloadFileOnly?documentUri=8483404",
"30138996","48001","ปืนพกรีวอลเวอร์ ""สมิทแอนด์เวสสัน "" ลำกล้อง 4 นิ้ว","BDE 3883","กท.3204147","4069/2532 โดยนายประพาพิมพ์ ศกุนตภัย","10/31/1989","รับโอนครุภัณฑ์มาเป็นของ ฝรภ. วันที่ 20 มีนาคม 2567 เปลี่ยนรหัสครุภันฑ์จาก 3008736 เป็น 30138996","ทอศ."," https://botdrm2-wb-p/BOTDRM_Portal/Fileplan/DownloadFile?documentUri=8091350 ","สภาพพร้อมใช้งาน","Thanakrit Pitchayarittikrai (ธนกฤต พิชญฤทธิไกร)",,,,"ตรวจแล้ว","https://botdrm2-wb-p/BOTDRM_Portal/Category/DownloadFileOnly?documentUri=8483407",
"30138997","48001","ปืนพกรีวอลเวอร์ ""สมิทแอนด์เวสสัน "" ลำกล้อง 4 นิ้ว","BFH 6247","กท.3311727","4875/2533 โดยนายประพาพิมพ์ ศกุนตภัย","12/20/1990","รับโอนครุภัณฑ์มาเป็นของ ฝรภ. วันที่ 20 มีนาคม 2567 เปลี่ยนรหัสครุภันฑ์จาก 3008737 เป็น 30138997","ทอศ."," https://botdrm2-wb-p/BOTDRM_Portal/Fileplan/DownloadFile?documentUri=8091342 ","สภาพพร้อมใช้งาน","Thanakrit Pitchayarittikrai (ธนกฤต พิชญฤทธิไกร)",,,,"ตรวจแล้ว","https://botdrm2-wb-p/BOTDRM_Portal/Category/DownloadFileOnly?documentUri=8480490",
"30138998","48001","ปืนพกรีวอลเวอร์ ""สมิทแอนด์เวสสัน "" ลำกล้อง 4 นิ้ว","BFH 6047","กท.3311728","4876/2533 โดยนายประพาพิมพ์ ศกุนตภัย","12/20/1990","รับโอนครุภัณฑ์มาเป็นของ ฝรภ. วันที่ 20 มีนาคม 2567 เปลี่ยนรหัสครุภันฑ์จาก 3008738 เป็น 30138998","ทอศ."," https://botdrm2-wb-p/BOTDRM_Portal/Fileplan/DownloadFile?documentUri=8091343 ","สภาพพร้อมใช้งาน","Thanakrit Pitchayarittikrai (ธนกฤต พิชญฤทธิไกร)",,,,"ตรวจแล้ว","https://botdrm2-wb-p/BOTDRM_Portal/Category/DownloadFileOnly?documentUri=8482754",
"30138999","48001","ปืนพกรีวอลเวอร์ ""สมิทแอนด์เวสสัน "" ลำกล้อง 4 นิ้ว","BEP 4471","กท.3301551","1588/2534 โดยนางพรรณี ตรีสวัสดิ์","4/29/1991","ส่งคืนคลังพัสดุหมุนเวียน ทีมสินทรัพย์ถาวร ตามเมลอนุมัติ ผอ.ฝรภ. และ ผอ.ฝจอ.นบอ. ลงวันที่ 24 มิ.ย. 67(ปืน ทอศ.)","ฝจอ. (ฝากเก็บ ศอก.)","https://botdrm2-wb-p/BOTDRM_Portal/Fileplan/DownloadFile?documentUri=8091346 ","สภาพไม่พร้อมใช้งาน","Thanakrit Pitchayarittikrai (ธนกฤต พิชญฤทธิไกร)",,,"ด้ามไม้บิ่นแตก","ตรวจแล้ว","https://botdrm2-wb-p/BOTDRM_Portal/Category/DownloadFileOnly?documentUri=8480397",
"30139000","48001","ปืนพกรีวอลเวอร์ ""สมิทแอนด์เวสสัน "" ลำกล้อง 4 นิ้ว","BEP 4484","กท.3301553","1589/2534 โดยนางพรรณี ตรีสวัสดิ์","4/29/1991","รับโอนครุภัณฑ์มาเป็นของ ฝรภ. วันที่ 20 มีนาคม 2567 เปลี่ยนรหัสครุภันฑ์จาก 3008740 เป็น 30139000","ทอศ."," https://botdrm2-wb-p/BOTDRM_Portal/Fileplan/DownloadFile?documentUri=8091344 ","สภาพพร้อมใช้งาน","Thanakrit Pitchayarittikrai (ธนกฤต พิชญฤทธิไกร)",,,,"ตรวจแล้ว","https://botdrm2-wb-p/BOTDRM_Portal/Category/DownloadFileOnly?documentUri=8480467",
"30139003","48001","ปืนพกรีวอลเวอร์ ""สมิทแอนด์เวสสัน "" ลำกล้อง 4 นิ้ว","CFK 0930","นย.01/4600054","05856/2546 โดยนายนพพร ประโมจนีย์","8/8/2003","รับโอนครุภัณฑ์มาเป็นของ ฝรภ. วันที่ 20 มีนาคม 2567 เปลี่ยนรหัสครุภันฑ์จาก 3008743 เป็น 30139003","ทอศ.","https://botdrm2-wb-p/BOTDRM_Portal/Fileplan/DownloadFile?documentUri=8091351 ","สภาพพร้อมใช้งาน","Thanakrit Pitchayarittikrai (ธนกฤต พิชญฤทธิไกร)",,,,"ตรวจแล้ว","https://botdrm2-wb-p/BOTDRM_Portal/Category/DownloadFileOnly?documentUri=8482906",
"30139004","48001","ปืนพกรีวอลเวอร์ ""สมิทแอนด์เวสสัน "" ลำกล้อง 4 นิ้ว","CFK 0915","นย.01/4600055","05857/2546 โดยนายนพพร ประโมจนีย์","8/8/2003","รับโอนครุภัณฑ์มาเป็นของ ฝรภ. วันที่ 20 มีนาคม 2567 เปลี่ยนรหัสครุภันฑ์จาก 3008744 เป็น 30139004","ทอศ."," https://botdrm2-wb-p/BOTDRM_Portal/Fileplan/DownloadFile?documentUri=8091360 ","สภาพพร้อมใช้งาน","Thanakrit Pitchayarittikrai (ธนกฤต พิชญฤทธิไกร)",,,,"ตรวจแล้ว","https://botdrm2-wb-p/BOTDRM_Portal/Category/DownloadFileOnly?documentUri=8482810",
"30139001","48001","ปืนพกรีวอลเวอร์ ""สมิทแอนด์เวสสัน "" ลำกล้อง 4 นิ้ว","CFK 0935","นย.01/4600057","05858/2546 โดยนายนพพร ประโมจนีย์","8/8/2003","รับโอนครุภัณฑ์มาเป็นของ ฝรภ. วันที่ 20 มีนาคม 2567 เปลี่ยนรหัสครุภันฑ์จาก 3008741 เป็น 30139001","ทอศ.","https://botdrm2-wb-p/BOTDRM_Portal/Fileplan/DownloadFile?documentUri=8091359 ","สภาพพร้อมใช้งาน","Thanakrit Pitchayarittikrai (ธนกฤต พิชญฤทธิไกร)",,,,"ตรวจแล้ว","https://botdrm2-wb-p/BOTDRM_Portal/Category/DownloadFileOnly?documentUri=8482911",
"30139002","48001","ปืนพกรีวอลเวอร์ ""สมิทแอนด์เวสสัน "" ลำกล้อง 4 นิ้ว","CFK 0956","นย.01/4600053","05859/2546 โดยนายนพพร ประโมจนีย์","8/8/2003","รับโอนครุภัณฑ์มาเป็นของ ฝรภ. วันที่ 20 มีนาคม 2567 เปลี่ยนรหัสครุภันฑ์จาก 3008742 เป็น 30139002","ทอศ."," https://botdrm2-wb-p/BOTDRM_Portal/Fileplan/DownloadFile?documentUri=8091345","สภาพพร้อมใช้งาน","Thanakrit Pitchayarittikrai (ธนกฤต พิชญฤทธิไกร)",,,,"ตรวจแล้ว","https://botdrm2-wb-p/BOTDRM_Portal/Category/DownloadFileOnly?documentUri=8482930",
"30066879","48004","ปืนพกสั้น รีวอลเวอร์ ขนาด .38 มม. ลำกล้อง 4 นิ้ว","AFW9445","กท 2803486","2082/2529","6/18/1986","สภน. ฝากเก็บตู้เก็บอาวุธปืน ทญศ.(โอนจาก สนญ. 15 ต.ค.52)","ศอก.","https://botdrm2-wb-p/BOTDRM_Portal/Fileplan/DownloadFile?documentUri=8064824","สภาพพร้อมใช้งาน","Thanakrit Pitchayarittikrai (ธนกฤต พิชญฤทธิไกร)",,,,"ตรวจแล้ว","https://botdrm2-wb-p/BOTDRM_Portal/Fileplan/DownloadFile?documentUri=8506454",
"30104067","48004","ปืนพกสั้น รีวอลเวอร์ขนาด .38 มม.","C984479","กท.566799","41/2512","3/11/1969","ส่งคืนคลังพัสดุหมุนเวียน ทีมสินทรัพย์ถาวร ตามเมลอนุมัติ ผอ.ฝรภ. และ ผอ.ฝจอ.นบอ. ลงวันที่ 24 มิ.ย. 67(ปืน สภอ.)","ฝจอ. (ฝากเก็บ ศอก.)","https://botdrm2-wb-p/BOTDRM_Portal/Fileplan/DownloadFile?documentUri=8467502","สภาพไม่พร้อมใช้งาน","Thanakrit Pitchayarittikrai (ธนกฤต พิชญฤทธิไกร)",,,"เปิด-ปิดโม่มีอาการติดขัด","ตรวจแล้ว","https://botdrm2-wb-p/BOTDRM_Portal/Fileplan/DownloadFile?documentUri=8541069",
"30104068","48004","ปืนพกสั้น รีวอลเวอร์ขนาด .38 มม.","D36872","กท.605875","38/2512","3/11/1969","ส่งคืนคลังพัสดุหมุนเวียน ทีมสินทรัพย์ถาวร ตามเมลอนุมัติ ผอ.ฝรภ. และ ผอ.ฝจอ.นบอ. ลงวันที่ 24 มิ.ย. 67(ปืน สภอ.)","ฝจอ. (ฝากเก็บ ศอก.)","https://botdrm2-wb-p/BOTDRM_Portal/Fileplan/DownloadFile?documentUri=8467506","สภาพไม่พร้อมใช้งาน","Thanakrit Pitchayarittikrai (ธนกฤต พิชญฤทธิไกร)",,,"เปิด-ปิดโม่มีอาการติดขัด","ตรวจแล้ว","https://botdrm2-wb-p/BOTDRM_Portal/Fileplan/DownloadFile?documentUri=8541078",
"30104069","48004","ปืนพกสั้น รีวอลเวอร์ขนาด .38 มม.","D37821","กท.605861","40/2512","3/11/1969","ส่งคืนคลังพัสดุหมุนเวียน ทีมสินทรัพย์ถาวร ตามเมลอนุมัติ ผอ.ฝรภ. และ ผอ.ฝจอ.นบอ. ลงวันที่ 24 มิ.ย. 67(ปืน สภอ.)","ฝจอ. (ฝากเก็บ ศอก.)","https://botdrm2-wb-p/BOTDRM_Portal/Fileplan/DownloadFile?documentUri=8467503","สภาพไม่พร้อมใช้งาน","Watchara Tohkwankaew (วัชระ โต๊ะขวัญแก้ว)",,,"เปิด-ปิดโม่มีอาการติดขัด","ตรวจแล้ว","https://botdrm2-wb-p/BOTDRM_Portal/Fileplan/DownloadFile?documentUri=8541062",
"30104070","48004","ปืนพกสั้น รีวอลเวอร์ขนาด .38 มม.","D37758","กท.605874","39/2512","3/11/1969","สภอ. ฝากเก็บตู้เก็บอาวุธปืน ทญศ.","ศอก.","https://botdrm2-wb-p/BOTDRM_Portal/Fileplan/DownloadFile?documentUri=8467504","สภาพพร้อมใช้งาน","Thanakrit Pitchayarittikrai (ธนกฤต พิชญฤทธิไกร)",,,,"ตรวจแล้ว","https://botdrm2-wb-p/BOTDRM_Portal/Fileplan/DownloadFile?documentUri=8541076",
"30076126","48004","ปืนพกสั้น รีวอลเวอร์ ขนาด .38 มม.","D107773","กท.668832","330/2512","8/22/1969","ศลป.ฝากเก็บตู้เก็บอาวุธปืน ทญศ. เนื่องจากปิดที่ทำการ","ศอก.","https://botdrm2-wb-p/BOTDRM_Portal/Fileplan/DownloadFile?documentUri=8466868","สภาพพร้อมใช้งาน","Thanakrit Pitchayarittikrai (ธนกฤต พิชญฤทธิไกร)",,,,"ตรวจแล้ว","https://botdrm2-wb-p/BOTDRM_Portal/Fileplan/DownloadFile?documentUri=8541032",
"30076122","48004","ปืนพกสั้น รีวอลเวอร์ ขนาด .38 มม.","D107296","กท.668836","332/2512","8/22/1969","ศลป.ฝากเก็บตู้เก็บอาวุธปืน ทญศ. เนื่องจากปิดที่ทำการ","ศอก.","https://botdrm2-wb-p/BOTDRM_Portal/Fileplan/DownloadFile?documentUri=8466866","สภาพพร้อมใช้งาน","Thanakrit Pitchayarittikrai (ธนกฤต พิชญฤทธิไกร)",,,,"ตรวจแล้ว","https://botdrm2-wb-p/BOTDRM_Portal/Fileplan/DownloadFile?documentUri=8540994",
"30076123","48004","ปืนพกสั้น รีวอลเวอร์ ขนาด .38 มม.","D123054","กท.668834","331/2512","8/22/1969","ส่งคืนคลังพัสดุหมุนเวียน ทีมสินทรัพย์ถาวร ตามเมลอนุมัติ ผอ.ฝรภ. และ ผอ.ฝจอ.นบอ. ลงวันที่ 24 มิ.ย. 67(ปืน ศลป.)","ฝจอ. (ฝากเก็บ ศอก.)","https://botdrm2-wb-p/BOTDRM_Portal/Fileplan/DownloadFile?documentUri=8466865","สภาพไม่พร้อมใช้งาน","Watchara Tohkwankaew (วัชระ โต๊ะขวัญแก้ว)",,,"เปิด-ปิดโม่มีอาการติดขัด , นกบิ่น","ตรวจแล้ว","https://botdrm2-wb-p/BOTDRM_Portal/Fileplan/DownloadFile?documentUri=8541052",
"30076124","48004","ปืนพกสั้น รีวอลเวอร์ ขนาด .38 มม.","D123530","กท.668835","329/2512","8/22/1969","ศลป.ฝากเก็บตู้เก็บอาวุธปืน ทญศ. เนื่องจากปิดที่ทำการ","ศอก.","https://botdrm2-wb-p/BOTDRM_Portal/Fileplan/DownloadFile?documentUri=8466867","สภาพพร้อมใช้งาน","Thanakrit Pitchayarittikrai (ธนกฤต พิชญฤทธิไกร)",,,,"ตรวจแล้ว","https://botdrm2-wb-p/BOTDRM_Portal/Fileplan/DownloadFile?documentUri=8540995",
"30076125","48004","ปืนพกสั้น รีวอลเวอร์ ขนาด .38 มม.","D108621","กท.668831","328/2512","8/22/1969","ส่งคืนคลังพัสดุหมุนเวียน ทีมสินทรัพย์ถาวร ตามเมลอนุมัติ ผอ.ฝรภ. และ ผอ.ฝจอ.นบอ. ลงวันที่ 24 มิ.ย. 67(ปืน ศลป.)","ฝจอ. (ฝากเก็บ ศอก.)","https://botdrm2-wb-p/BOTDRM_Portal/Fileplan/DownloadFile?documentUri=8466860","สภาพไม่พร้อมใช้งาน","Watchara Tohkwankaew (วัชระ โต๊ะขวัญแก้ว)",,,"เปิด-ปิดโม่มีอาการติดขัด","ตรวจแล้ว","https://botdrm2-wb-p/BOTDRM_Portal/Fileplan/DownloadFile?documentUri=8541027",
"30076127","48004","ปืนพกสั้น รีวอลเวอร์ ขนาด .38 มม.","AUH8826","กท.3000950","191/2530","11/11/1987","ศลป.ฝากเก็บตู้เก็บอาวุธปืน ทญศ. เนื่องจากปิดที่ทำการ","ศอก.","https://botdrm2-wb-p/BOTDRM_Portal/Fileplan/DownloadFile?documentUri=8466861","สภาพพร้อมใช้งาน","Thanakrit Pitchayarittikrai (ธนกฤต พิชญฤทธิไกร)",,,,"ตรวจแล้ว","https://botdrm2-wb-p/BOTDRM_Portal/Fileplan/DownloadFile?documentUri=8541051",
"30076128","48004","ปืนพกสั้น รีวอลเวอร์ ขนาด .38 มม.","AUY7438","กท.30000968","194/2530","11/11/1987","ศลป.ฝากเก็บตู้เก็บอาวุธปืน ทญศ. เนื่องจากปิดที่ทำการ","ศอก.","https://botdrm2-wb-p/BOTDRM_Portal/Fileplan/DownloadFile?documentUri=8466864","สภาพพร้อมใช้งาน","Thanakrit Pitchayarittikrai (ธนกฤต พิชญฤทธิไกร)",,,,"ตรวจแล้ว","https://botdrm2-wb-p/BOTDRM_Portal/Fileplan/DownloadFile?documentUri=8541030",
"30076129","48004","ปืนพกสั้น รีวอลเวอร์ ขนาด .38 มม.","AUZ4023","กท.3001078","193/2530","11/11/1987","ศลป.ฝากเก็บตู้เก็บอาวุธปืน ทญศ. เนื่องจากปิดที่ทำการ","ศอก.","https://botdrm2-wb-p/BOTDRM_Portal/Fileplan/DownloadFile?documentUri=8466862","สภาพพร้อมใช้งาน","Thanakrit Pitchayarittikrai (ธนกฤต พิชญฤทธิไกร)",,,,"ตรวจแล้ว","https://botdrm2-wb-p/BOTDRM_Portal/Fileplan/DownloadFile?documentUri=8541029",
"30076130","48004","ปืนพกสั้น รีวอลเวอร์ ขนาด .38 มม.","AUH8201","กท.3001090","192/2530","11/11/1987","ส่งคืนคลังพัสดุหมุนเวียน ทีมสินทรัพย์ถาวร ตามเมลอนุมัติ ผอ.ฝรภ. และ ผอ.ฝจอ.นบอ. ลงวันที่ 24 มิ.ย. 67(ปืน ศลป.)","ฝจอ. (ฝากเก็บ ศอก.)","https://botdrm2-wb-p/BOTDRM_Portal/Fileplan/DownloadFile?documentUri=8466863","สภาพไม่พร้อมใช้งาน","Watchara Tohkwankaew (วัชระ โต๊ะขวัญแก้ว)",,,"Pin Extractor หลุดหาย 2 ตัว","ตรวจแล้ว","https://botdrm2-wb-p/BOTDRM_Portal/Fileplan/DownloadFile?documentUri=8541031",
"30076131","48004","ปืนพกสั้น รีวอลเวอร์ ขนาด .38 มม.","BDE4296","กท.3204142","35/2533","2/6/1990","ศลป.ฝากเก็บตู้เก็บอาวุธปืน ทญศ. เนื่องจากปิดที่ทำการ เลขปืนไม่ตรงกัน ป4 เขียน BDE 4296 ตัวปืนระบุ BDE 4269","ศอก.","https://botdrm2-wb-p/BOTDRM_Portal/Fileplan/DownloadFile?documentUri=8466848","สภาพพร้อมใช้งาน","Thanakrit Pitchayarittikrai (ธนกฤต พิชญฤทธิไกร)",,,,"ตรวจแล้ว","https://botdrm2-wb-p/BOTDRM_Portal/Fileplan/DownloadFile?documentUri=8541008",
"30076132","48004","ปืนพกสั้น รีวอลเวอร์ ขนาด .38 มม.","BDE3927","กท.3204143","36/2533","2/6/1990","ศลป.ฝากเก็บตู้เก็บอาวุธปืน ทญศ. เนื่องจากปิดที่ทำการ","ศอก.","https://botdrm2-wb-p/BOTDRM_Portal/Fileplan/DownloadFile?documentUri=8466835","สภาพพร้อมใช้งาน","Thanakrit Pitchayarittikrai (ธนกฤต พิชญฤทธิไกร)",,,,"ตรวจแล้ว","https://botdrm2-wb-p/BOTDRM_Portal/Fileplan/DownloadFile?documentUri=8541028",
"30104072","48004","ปืนพกรีวอลเวอร์ ""สมิทแอนด์เวสสัน "" ลำกล้อง 4 นิ้ว","AUF5232","กท.3000919","100/2530","8/28/1987","สภอ ฝากก็บ สนญ วันที่ 1 พ.ย.67","ศอก.","https://botshare.bot.or.th/BOTDRM_Portal/Fileplan/DownloadFile?documentUri=10508089","สภาพพร้อมใช้งาน","Thanakrit Pitchayarittikrai (ธนกฤต พิชญฤทธิไกร)",,,,"ตรวจแล้ว","https://botdrm2-wb-p/BOTDRM_Portal/Fileplan/DownloadFile?documentUri=8529979",
"30066830","48004","ปืนลูกซองเดี่ยว ""Remington""  ลำกล้อง 20 นิ้ว","1080507-V","กท.483661","0320/2533","2/15/1990","ส่งคืนคลังพัสดุหมุนเวียน ทีมสินทรัพย์ถาวร ตามเมลอนุมัติ ผอ.ฝรภ. และ ผอ.ฝจอ.นบอ. ลงวันที่ 24 มิ.ย. 67(ปืน ศลป.)","ฝจอ. (ฝากเก็บ ศอก.)","https://botdrm2-wb-p/BOTDRM_Portal/Fileplan/DownloadFile?documentUri=8466804","สภาพไม่พร้อมใช้งาน","Watchara Tohkwankaew (วัชระ โต๊ะขวัญแก้ว)",,,"ด้ามปืนมีรอยร้าว","ตรวจแล้ว","https://botdrm2-wb-p/BOTDRM_Portal/Fileplan/DownloadFile?documentUri=8526461",
"30104076","48004","ปืนพกรีวอลเวอร์ ""สมิทแอนด์เวสสัน "" ลำกล้อง 4 นิ้ว","AUW3765","ชน.4/8924","98/2530","8/28/1987","สภอ. ฝากเก็บ สนญ. 5 ก.พ.67 (ฐานข้อมูลเดิมไม่มีใน สภอ. บันทึกข้อมูลใหม่ 4/1/67)","ศอก.","https://botdrm2-wb-p/BOTDRM_Portal/Fileplan/DownloadFile?documentUri=9926013","สภาพพร้อมใช้งาน","Thanakrit Pitchayarittikrai (ธนกฤต พิชญฤทธิไกร)",,,,"ตรวจแล้ว",,
"30104080","48004","ปืนพก ""S&W"" แบบ Revolvers ขนาด .38 นิ้ว ลำกล้องยาว 4 นิ้ว","BDE4290","กท.3204136","20/2533","1/24/1990",,"สภอ./ศขก.","https://botshare.bot.or.th/BOTDRM_Portal/Fileplan/DownloadFile?documentUri=10508103","สภาพพร้อมใช้งาน","Thanakrit Pitchayarittikrai (ธนกฤต พิชญฤทธิไกร)",,,,"ตรวจแล้ว",,
